[2026-09-09 15:26:43.959] [631609] [HailoRT] [info] [hef.cpp:1929] [get_network_group_and_network_name] No name was given. Addressing all networks of default network_group: yolov8m
[2026-09-09 15:26:43.959] [631609] [HailoRT] [info] [hef.cpp:1929] [get_network_group_and_network_name] No name was given. Addressing all networks of default network_group: yolov8m
[2026-09-09 15:26:44.067] [631609] [HailoRT] [info] [vdevice.cpp:523] [create] Creating vdevice with params: device_count: 1, scheduling_algorithm: NONE, multi_process_service: false
[2026-09-09 15:26:44.079] [631609] [HailoRT] [info] [device.cpp:49] [Device] OS Version: Linux 6.12.62+rpt-rpi-2712 #1 SMP PREEMPT Debian 1:6.12.62-1+rpt1~bookworm (2026-01-19) aarch64
[2026-09-09 15:26:44.081] [631609] [HailoRT] [info] [control.cpp:108] [control__parse_identify_results] firmware_version is: 4.20.0
[2026-09-09 15:26:44.081] [631609] [HailoRT] [info] [vdevice.cpp:651] [create] VDevice Infos: 0001:03:00.0
[2026-09-09 15:26:44.089] [631609] [HailoRT] [info] [internal_buffer_manager.cpp:204] [print_execution_results] Planned internal buffer memory: CMA memory 0, user memory 3537408. memory to edge layer usage factor is 1
[2026-09-09 15:26:44.089] [631609] [HailoRT] [info] [internal_buffer_manager.cpp:212] [print_execution_results] Default Internal buffer planner executed successfully
[2026-09-09 15:26:44.138] [631609] [HailoRT] [info] [device_internal.cpp:57] [configure] Configuring HEF took 55.513531 milliseconds
[2026-09-09 15:26:44.138] [631609] [HailoRT] [info] [vdevice.cpp:749] [configure] Configuring HEF on VDevice took 55.944436 milliseconds
[2026-09-09 15:26:44.139] [631609] [HailoRT] [info] [core_op.cpp:156] [activate] Activating yolov8m took 0.59307 milliseconds. Note that the function is asynchronous and thus the network is not fully activated yet.
[2026-09-09 15:26:44.139] [631609] [HailoRT] [info] [core_op.cpp:156] [activate] Activating yolov8m took 0.606143 milliseconds. Note that the function is asynchronous and thus the network is not fully activated yet.
[2026-09-09 15:26:44.140] [631609] [HailoRT] [info] [edge_elements.cpp:52] [create] Created (HwWriteEl1yolov8m/input_layer1 | hw_frame_size: 1228800)
[2026-09-09 15:26:44.140] [631609] [HailoRT] [info] [queue_elements.cpp:284] [create] Created (PushQEl1yolov8m/input_layer1 | timeout: 10s)
[2026-09-09 15:26:44.140] [631609] [HailoRT] [info] [filter_elements.cpp:101] [create] Created (PreInferEl1yolov8m/input_layer1 | Reorder - src_order: NHWC, src_shape: (640, 640, 3), dst_order: NHCW, dst_shape: (640, 640, 3))
[2026-09-09 15:26:44.140] [631609] [HailoRT] [info] [vstream.cpp:754] [InputVStreamImpl] Creating yolov8m/input_layer1...
[2026-09-09 15:26:44.140] [631609] [HailoRT] [info] [vstream_builder.cpp:102] [create_inputs] Input pipeline 'yolov8m/input_layer1': (PreInferEl1yolov8m/input_layer1 | Reorder - src_order: NHWC, src_shape: (640, 640, 3), dst_order: NHCW, dst_shape: (640, 640, 3)) >> (PushQEl1yolov8m/input_layer1 | timeout: 10s) >> (HwWriteEl1yolov8m/input_layer1 | hw_frame_size: 1228800) >> HW
[2026-09-09 15:26:44.140] [631609] [HailoRT] [info] [multi_io_elements.cpp:135] [create] Created (NmsPPMuxEl0YOLOV8-Post-Process | Op YOLOV8, Name: YOLOV8-Post-Process, Score threshold: 0.200, IoU threshold: 0.70, Classes: 80, Cross classes: false, NMS results order: BY_CLASS, Max bboxes per class: 100, Image height: 640, Image width: 640)
[2026-09-09 15:26:44.140] [631609] [HailoRT] [info] [edge_elements.cpp:287] [create] Created (HwReadEl3yolov8m/conv57_123 | hw_frame_size: 409600)
[2026-09-09 15:26:44.140] [631609] [HailoRT] [info] [queue_elements.cpp:657] [create] Created (PullQEl_nms3yolov8m/conv57_123 | timeout: 10s)
[2026-09-09 15:26:44.140] [631609] [HailoRT] [info] [edge_elements.cpp:287] [create] Created (HwReadEl5yolov8m/conv58_123 | hw_frame_size: 512000)
[2026-09-09 15:26:44.140] [631609] [HailoRT] [info] [queue_elements.cpp:657] [create] Created (PullQEl_nms5yolov8m/conv58_123 | timeout: 10s)
[2026-09-09 15:26:44.140] [631609] [HailoRT] [info] [edge_elements.cpp:287] [create] Created (HwReadEl0yolov8m/conv70_123 | hw_frame_size: 102400)
[2026-09-09 15:26:44.140] [631609] [HailoRT] [info] [queue_elements.cpp:657] [create] Created (PullQEl_nms0yolov8m/conv70_123 | timeout: 10s)
[2026-09-09 15:26:44.140] [631609] [HailoRT] [info] [edge_elements.cpp:287] [create] Created (HwReadEl3yolov8m/conv71_123 | hw_frame_size: 128000)
[2026-09-09 15:26:44.140] [631609] [HailoRT] [info] [queue_elements.cpp:657] [create] Created (PullQEl_nms3yolov8m/conv71_123 | timeout: 10s)
[2026-09-09 15:26:44.140] [631609] [HailoRT] [info] [edge_elements.cpp:287] [create] Created (HwReadEl2yolov8m/conv82_123 | hw_frame_size: 30720)
[2026-09-09 15:26:44.140] [631609] [HailoRT] [info] [queue_elements.cpp:657] [create] Created (PullQEl_nms2yolov8m/conv82_123 | timeout: 10s)
[2026-09-09 15:26:44.140] [631609] [HailoRT] [info] [edge_elements.cpp:287] [create] Created (HwReadEl1yolov8m/conv83_123 | hw_frame_size: 38400)
[2026-09-09 15:26:44.140] [631609] [HailoRT] [info] [queue_elements.cpp:657] [create] Created (PullQEl_nms1yolov8m/conv83_123 | timeout: 10s)
[2026-09-09 15:26:44.140] [631609] [HailoRT] [info] [queue_elements.cpp:800] [create] Created (UserBufQEl_post_infer0yolov8m/yolov8_nms_postprocess | timeout: 10s)
[2026-09-09 15:26:44.140] [631609] [HailoRT] [info] [vstream.cpp:1114] [OutputVStreamImpl] Creating yolov8m/yolov8_nms_postprocess...
[2026-09-09 15:26:44.141] [631609] [HailoRT] [info] [vstream_builder.cpp:622] [create_output_post_process_nms] Output pipeline 'yolov8m/yolov8_nms_postprocess': HW >> (HwReadEl3yolov8m/conv57_123 | hw_frame_size: 409600) >> (PullQEl_nms3yolov8m/conv57_123) >> (HwReadEl5yolov8m/conv58_123 | hw_frame_size: 512000) >> (PullQEl_nms5yolov8m/conv58_123) >> (HwReadEl0yolov8m/conv70_123 | hw_frame_size: 102400) >> (PullQEl_nms0yolov8m/conv70_123) >> (HwReadEl3yolov8m/conv71_123 | hw_frame_size: 128000) >> (PullQEl_nms3yolov8m/conv71_123) >> (HwReadEl2yolov8m/conv82_123 | hw_frame_size: 30720) >> (PullQEl_nms2yolov8m/conv82_123) >> (HwReadEl1yolov8m/conv83_123 | hw_frame_size: 38400) >> (PullQEl_nms1yolov8m/conv83_123) >> (NmsPPMuxEl0YOLOV8-Post-Process | Op YOLOV8, Name: YOLOV8-Post-Process, Score threshold: 0.200, IoU threshold: 0.70, Classes: 80, Cross classes: false, NMS results order: BY_CLASS, Max bboxes per class: 100, Image height: 640, Image width: 640) >> (UserBufQEl_post_infer0yolov8m/yolov8_nms_postprocess | timeout: 10s)
[2026-09-09 15:43:22.032] [648684] [HailoRT] [info] [vdevice.cpp:523] [create] Creating vdevice with params: device_count: 1, scheduling_algorithm: ROUND_ROBIN, multi_process_service: false
[2026-09-09 15:43:22.044] [648684] [HailoRT] [info] [device.cpp:49] [Device] OS Version: Linux 6.12.62+rpt-rpi-2712 #1 SMP PREEMPT Debian 1:6.12.62-1+rpt1~bookworm (2026-01-19) aarch64
[2026-09-09 15:43:22.046] [648684] [HailoRT] [info] [control.cpp:108] [control__parse_identify_results] firmware_version is: 4.20.0
[2026-09-09 15:43:22.046] [648684] [HailoRT] [info] [vdevice.cpp:651] [create] VDevice Infos: 0001:03:00.0
[2026-09-09 15:43:22.158] [648684] [HailoRT] [info] [hef.cpp:1929] [get_network_group_and_network_name] No name was given. Addressing all networks of default network_group: yolov8m
[2026-09-09 15:43:22.158] [648684] [HailoRT] [info] [hef.cpp:1929] [get_network_group_and_network_name] No name was given. Addressing all networks of default network_group: yolov8m
[2026-09-09 15:45:42.931] [650904] [HailoRT] [info] [vdevice.cpp:523] [create] Creating vdevice with params: device_count: 1, scheduling_algorithm: ROUND_ROBIN, multi_process_service: false
[2026-09-09 15:45:42.943] [650904] [HailoRT] [info] [device.cpp:49] [Device] OS Version: Linux 6.12.62+rpt-rpi-2712 #1 SMP PREEMPT Debian 1:6.12.62-1+rpt1~bookworm (2026-01-19) aarch64
[2026-09-09 15:45:42.945] [650904] [HailoRT] [info] [control.cpp:108] [control__parse_identify_results] firmware_version is: 4.20.0
[2026-09-09 15:45:42.945] [650904] [HailoRT] [info] [vdevice.cpp:651] [create] VDevice Infos: 0001:03:00.0
[2026-09-09 15:45:43.056] [650904] [HailoRT] [info] [hef.cpp:1929] [get_network_group_and_network_name] No name was given. Addressing all networks of default network_group: yolov8m
[2026-09-09 15:45:43.056] [650904] [HailoRT] [info] [hef.cpp:1929] [get_network_group_and_network_name] No name was given. Addressing all networks of default network_group: yolov8m
[2026-09-09 15:47:17.191] [652392] [HailoRT] [info] [vdevice.cpp:523] [create] Creating vdevice with params: device_count: 1, scheduling_algorithm: ROUND_ROBIN, multi_process_service: false
[2026-09-09 15:47:17.203] [652392] [HailoRT] [info] [device.cpp:49] [Device] OS Version: Linux 6.12.62+rpt-rpi-2712 #1 SMP PREEMPT Debian 1:6.12.62-1+rpt1~bookworm (2026-01-19) aarch64
[2026-09-09 15:47:17.205] [652392] [HailoRT] [info] [control.cpp:108] [control__parse_identify_results] firmware_version is: 4.20.0
[2026-09-09 15:47:17.205] [652392] [HailoRT] [info] [vdevice.cpp:651] [create] VDevice Infos: 0001:03:00.0
[2026-09-09 15:47:17.317] [652392] [HailoRT] [info] [hef.cpp:1929] [get_network_group_and_network_name] No name was given. Addressing all networks of default network_group: yolov8m
[2026-09-09 15:47:17.317] [652392] [HailoRT] [info] [hef.cpp:1929] [get_network_group_and_network_name] No name was given. Addressing all networks of default network_group: yolov8m
[2026-09-09 15:47:37.430] [652714] [HailoRT] [info] [vdevice.cpp:523] [create] Creating vdevice with params: device_count: 1, scheduling_algorithm: ROUND_ROBIN, multi_process_service: false
[2026-09-09 15:47:37.441] [652714] [HailoRT] [info] [device.cpp:49] [Device] OS Version: Linux 6.12.62+rpt-rpi-2712 #1 SMP PREEMPT Debian 1:6.12.62-1+rpt1~bookworm (2026-01-19) aarch64
[2026-09-09 15:47:37.444] [652714] [HailoRT] [info] [control.cpp:108] [control__parse_identify_results] firmware_version is: 4.20.0
[2026-09-09 15:47:37.444] [652714] [HailoRT] [info] [vdevice.cpp:651] [create] VDevice Infos: 0001:03:00.0
[2026-09-09 15:47:37.557] [652714] [HailoRT] [info] [hef.cpp:1929] [get_network_group_and_network_name] No name was given. Addressing all networks of default network_group: yolov8m
[2026-09-09 15:47:37.557] [652714] [HailoRT] [info] [hef.cpp:1929] [get_network_group_and_network_name] No name was given. Addressing all networks of default network_group: yolov8m
[2026-09-10 09:10:53.821] [19230] [HailoRT] [info] [device.cpp:49] [Device] OS Version: Linux 6.12.62+rpt-rpi-2712 #1 SMP PREEMPT Debian 1:6.12.62-1+rpt1~bookworm (2026-01-19) aarch64
[2026-09-10 09:10:53.823] [19230] [HailoRT] [info] [control.cpp:108] [control__parse_identify_results] firmware_version is: 4.20.0
[2026-09-10 09:10:53.825] [19230] [HailoRT] [info] [control.cpp:108] [control__parse_identify_results] firmware_version is: 4.20.0
[2026-09-10 09:10:53.872] [19242] [HailoRT] [info] [device.cpp:49] [Device] OS Version: Linux 6.12.62+rpt-rpi-2712 #1 SMP PREEMPT Debian 1:6.12.62-1+rpt1~bookworm (2026-01-19) aarch64
[2026-09-10 09:10:53.873] [19242] [HailoRT] [info] [control.cpp:108] [control__parse_identify_results] firmware_version is: 4.20.0
[2026-09-10 09:10:53.874] [19242] [HailoRT] [info] [control.cpp:108] [control__parse_identify_results] firmware_version is: 4.20.0
[2026-09-10 09:10:54.044] [19222] [HailoRT] [info] [vdevice.cpp:523] [create] Creating vdevice with params: device_count: 1, scheduling_algorithm: ROUND_ROBIN, multi_process_service: true
[2026-09-10 09:10:55.077] [19222] [HailoRT] [info] [device.cpp:49] [Device] OS Version: Linux 6.12.62+rpt-rpi-2712 #1 SMP PREEMPT Debian 1:6.12.62-1+rpt1~bookworm (2026-01-19) aarch64
[2026-09-10 09:10:55.079] [19222] [HailoRT] [info] [control.cpp:108] [control__parse_identify_results] firmware_version is: 4.20.0
[2026-09-10 09:10:55.283] [19222] [HailoRT] [info] [hef.cpp:1929] [get_network_group_and_network_name] No name was given. Addressing all networks of default network_group: yolov8m_pose
[2026-09-10 09:10:55.283] [19222] [HailoRT] [info] [hef.cpp:1929] [get_network_group_and_network_name] No name was given. Addressing all networks of default network_group: yolov8m_pose
[2026-09-10 09:10:55.542] [19303] [HailoRT] [info] [infer_model.cpp:436] [configure] Configuring network group 'yolov8m_pose' with params: batch size: 2, power mode: PERFORMANCE, latency: NONE
[2026-09-10 09:10:55.545] [19303] [HailoRT] [info] [multi_io_elements.cpp:756] [create] Created (AsyncHwEl)
[2026-09-10 09:10:55.546] [19303] [HailoRT] [info] [queue_elements.cpp:450] [create] Created (EntryPushQEl0yolov8m_pose/input_layer1 | timeout: 10s)
[2026-09-10 09:10:55.546] [19303] [HailoRT] [info] [filter_elements.cpp:101] [create] Created (PreInferEl1yolov8m_pose/input_layer1 | Reorder - src_order: RGB4, src_shape: (640, 640, 3), dst_order: NHWC, dst_shape: (640, 640, 3))
[2026-09-10 09:10:55.546] [19303] [HailoRT] [info] [queue_elements.cpp:450] [create] Created (PushQEl1yolov8m_pose/input_layer1 | timeout: 10s)
[2026-09-10 09:10:55.547] [19303] [HailoRT] [info] [edge_elements.cpp:187] [create] Created (LastAsyncEl4AsyncHwEl)
[2026-09-10 09:10:55.547] [19303] [HailoRT] [info] [queue_elements.cpp:450] [create] Created (PushQEl5AsyncHwEl | timeout: 10s)
[2026-09-10 09:10:55.547] [19303] [HailoRT] [info] [filter_elements.cpp:375] [create] Created (PostInferEl5AsyncHwEl | Reorder - src_order: FCR, src_shape: (40, 40, 56), dst_order: FCR, dst_shape: (40, 40, 51))
[2026-09-10 09:10:55.547] [19303] [HailoRT] [info] [edge_elements.cpp:187] [create] Created (LastAsyncEl0PostInferEl5AsyncHwEl)
[2026-09-10 09:10:55.548] [19303] [HailoRT] [info] [edge_elements.cpp:187] [create] Created (LastAsyncEl1AsyncHwEl)
[2026-09-10 09:10:55.548] [19303] [HailoRT] [info] [queue_elements.cpp:450] [create] Created (PushQEl2AsyncHwEl | timeout: 10s)
[2026-09-10 09:10:55.548] [19303] [HailoRT] [info] [filter_elements.cpp:375] [create] Created (PostInferEl2AsyncHwEl | Reorder - src_order: FCR, src_shape: (20, 20, 56), dst_order: FCR, dst_shape: (20, 20, 51))
[2026-09-10 09:10:55.548] [19303] [HailoRT] [info] [edge_elements.cpp:187] [create] Created (LastAsyncEl0PostInferEl2AsyncHwEl)
[2026-09-10 09:10:55.549] [19303] [HailoRT] [info] [edge_elements.cpp:187] [create] Created (LastAsyncEl3AsyncHwEl)
[2026-09-10 09:10:55.549] [19303] [HailoRT] [info] [edge_elements.cpp:187] [create] Created (LastAsyncEl0AsyncHwEl)
[2026-09-10 09:10:55.549] [19303] [HailoRT] [info] [edge_elements.cpp:187] [create] Created (LastAsyncEl8AsyncHwEl)
[2026-09-10 09:10:55.550] [19303] [HailoRT] [info] [edge_elements.cpp:187] [create] Created (LastAsyncEl6AsyncHwEl)
[2026-09-10 09:10:55.550] [19303] [HailoRT] [info] [queue_elements.cpp:450] [create] Created (PushQEl7AsyncHwEl | timeout: 10s)
[2026-09-10 09:10:55.550] [19303] [HailoRT] [info] [filter_elements.cpp:375] [create] Created (PostInferEl7AsyncHwEl | Reorder - src_order: FCR, src_shape: (80, 80, 56), dst_order: FCR, dst_shape: (80, 80, 51))
[2026-09-10 09:10:55.550] [19303] [HailoRT] [info] [edge_elements.cpp:187] [create] Created (LastAsyncEl0PostInferEl7AsyncHwEl)
[2026-09-10 09:10:55.550] [19303] [HailoRT] [info] [pipeline.cpp:891] [print_deep_description] EntryPushQEl0yolov8m_pose/input_layer1 | inputs: user | outputs: PreInferEl1yolov8m_pose/input_layer1(running in thread_id: 19329)
[2026-09-10 09:10:55.550] [19303] [HailoRT] [info] [pipeline.cpp:891] [print_deep_description] PreInferEl1yolov8m_pose/input_layer1 | inputs: EntryPushQEl0yolov8m_pose/input_layer1[0] | outputs: PushQEl1yolov8m_pose/input_layer1
[2026-09-10 09:10:55.550] [19303] [HailoRT] [info] [pipeline.cpp:891] [print_deep_description] PushQEl1yolov8m_pose/input_layer1 | inputs: PreInferEl1yolov8m_pose/input_layer1[0] | outputs: AsyncHwEl(running in thread_id: 19330)
[2026-09-10 09:10:55.550] [19303] [HailoRT] [info] [pipeline.cpp:891] [print_deep_description] AsyncHwEl | inputs: PushQEl1yolov8m_pose/input_layer1[0] | outputs: LastAsyncEl0AsyncHwEl LastAsyncEl1AsyncHwEl PushQEl2AsyncHwEl LastAsyncEl3AsyncHwEl LastAsyncEl4AsyncHwEl PushQEl5AsyncHwEl LastAsyncEl6AsyncHwEl PushQEl7AsyncHwEl LastAsyncEl8AsyncHwEl
[2026-09-10 09:10:55.550] [19303] [HailoRT] [info] [pipeline.cpp:891] [print_deep_description] LastAsyncEl0AsyncHwEl | inputs: AsyncHwEl[0] | outputs: user
[2026-09-10 09:10:55.550] [19303] [HailoRT] [info] [pipeline.cpp:891] [print_deep_description] LastAsyncEl1AsyncHwEl | inputs: AsyncHwEl[0] | outputs: user
[2026-09-10 09:10:55.550] [19303] [HailoRT] [info] [pipeline.cpp:891] [print_deep_description] PushQEl2AsyncHwEl | inputs: AsyncHwEl[0] | outputs: PostInferEl2AsyncHwEl(running in thread_id: 19332)
[2026-09-10 09:10:55.550] [19303] [HailoRT] [info] [pipeline.cpp:891] [print_deep_description] PostInferEl2AsyncHwEl | inputs: PushQEl2AsyncHwEl[0] | outputs: LastAsyncEl0PostInferEl2AsyncHwEl
[2026-09-10 09:10:55.550] [19303] [HailoRT] [info] [pipeline.cpp:891] [print_deep_description] LastAsyncEl0PostInferEl2AsyncHwEl | inputs: PostInferEl2AsyncHwEl[0] | outputs: user
[2026-09-10 09:10:55.550] [19303] [HailoRT] [info] [pipeline.cpp:891] [print_deep_description] LastAsyncEl3AsyncHwEl | inputs: AsyncHwEl[0] | outputs: user
[2026-09-10 09:10:55.550] [19303] [HailoRT] [info] [pipeline.cpp:891] [print_deep_description] LastAsyncEl4AsyncHwEl | inputs: AsyncHwEl[0] | outputs: user
[2026-09-10 09:10:55.550] [19303] [HailoRT] [info] [pipeline.cpp:891] [print_deep_description] PushQEl5AsyncHwEl | inputs: AsyncHwEl[0] | outputs: PostInferEl5AsyncHwEl(running in thread_id: 19331)
[2026-09-10 09:10:55.550] [19303] [HailoRT] [info] [pipeline.cpp:891] [print_deep_description] PostInferEl5AsyncHwEl | inputs: PushQEl5AsyncHwEl[0] | outputs: LastAsyncEl0PostInferEl5AsyncHwEl
[2026-09-10 09:10:55.550] [19303] [HailoRT] [info] [pipeline.cpp:891] [print_deep_description] LastAsyncEl0PostInferEl5AsyncHwEl | inputs: PostInferEl5AsyncHwEl[0] | outputs: user
[2026-09-10 09:10:55.550] [19303] [HailoRT] [info] [pipeline.cpp:891] [print_deep_description] LastAsyncEl6AsyncHwEl | inputs: AsyncHwEl[0] | outputs: user
[2026-09-10 09:10:55.550] [19303] [HailoRT] [info] [pipeline.cpp:891] [print_deep_description] PushQEl7AsyncHwEl | inputs: AsyncHwEl[0] | outputs: PostInferEl7AsyncHwEl(running in thread_id: 19333)
[2026-09-10 09:10:55.550] [19303] [HailoRT] [info] [pipeline.cpp:891] [print_deep_description] PostInferEl7AsyncHwEl | inputs: PushQEl7AsyncHwEl[0] | outputs: LastAsyncEl0PostInferEl7AsyncHwEl
[2026-09-10 09:10:55.550] [19303] [HailoRT] [info] [pipeline.cpp:891] [print_deep_description] LastAsyncEl0PostInferEl7AsyncHwEl | inputs: PostInferEl7AsyncHwEl[0] | outputs: user
[2026-09-10 09:10:55.550] [19303] [HailoRT] [info] [pipeline.cpp:891] [print_deep_description] LastAsyncEl8AsyncHwEl | inputs: AsyncHwEl[0] | outputs: user
[2026-09-10 09:10:55.750] [19313] [HailoRT] [info] [hef.cpp:1929] [get_network_group_and_network_name] No name was given. Addressing all networks of default network_group: yolov8m_pose
[2026-09-10 10:09:59.246] [165770] [HailoRT] [info] [device.cpp:49] [Device] OS Version: Linux 6.12.62+rpt-rpi-2712 #1 SMP PREEMPT Debian 1:6.12.62-1+rpt1~bookworm (2026-01-19) aarch64
[2026-09-10 10:09:59.248] [165770] [HailoRT] [info] [control.cpp:108] [control__parse_identify_results] firmware_version is: 4.20.0
[2026-09-10 10:09:59.249] [165770] [HailoRT] [info] [control.cpp:108] [control__parse_identify_results] firmware_version is: 4.20.0
[2026-09-10 10:09:59.299] [165778] [HailoRT] [info] [device.cpp:49] [Device] OS Version: Linux 6.12.62+rpt-rpi-2712 #1 SMP PREEMPT Debian 1:6.12.62-1+rpt1~bookworm (2026-01-19) aarch64
[2026-09-10 10:09:59.301] [165778] [HailoRT] [info] [control.cpp:108] [control__parse_identify_results] firmware_version is: 4.20.0
[2026-09-10 10:09:59.302] [165778] [HailoRT] [info] [control.cpp:108] [control__parse_identify_results] firmware_version is: 4.20.0
[2026-09-10 10:09:59.377] [165731] [HailoRT] [info] [vdevice.cpp:523] [create] Creating vdevice with params: device_count: 1, scheduling_algorithm: ROUND_ROBIN, multi_process_service: true
[2026-09-10 10:10:00.393] [165731] [HailoRT] [info] [device.cpp:49] [Device] OS Version: Linux 6.12.62+rpt-rpi-2712 #1 SMP PREEMPT Debian 1:6.12.62-1+rpt1~bookworm (2026-01-19) aarch64
[2026-09-10 10:10:00.394] [165731] [HailoRT] [info] [control.cpp:108] [control__parse_identify_results] firmware_version is: 4.20.0
[2026-09-10 10:10:00.502] [165731] [HailoRT] [info] [hef.cpp:1929] [get_network_group_and_network_name] No name was given. Addressing all networks of default network_group: yolov8m_pose
[2026-09-10 10:10:00.502] [165731] [HailoRT] [info] [hef.cpp:1929] [get_network_group_and_network_name] No name was given. Addressing all networks of default network_group: yolov8m_pose
[2026-09-10 10:10:00.782] [165806] [HailoRT] [info] [infer_model.cpp:436] [configure] Configuring network group 'yolov8m_pose' with params: batch size: 2, power mode: PERFORMANCE, latency: NONE
[2026-09-10 10:10:00.787] [165806] [HailoRT] [info] [multi_io_elements.cpp:756] [create] Created (AsyncHwEl)
[2026-09-10 10:10:00.788] [165806] [HailoRT] [info] [queue_elements.cpp:450] [create] Created (EntryPushQEl0yolov8m_pose/input_layer1 | timeout: 10s)
[2026-09-10 10:10:00.788] [165806] [HailoRT] [info] [filter_elements.cpp:101] [create] Created (PreInferEl1yolov8m_pose/input_layer1 | Reorder - src_order: RGB4, src_shape: (640, 640, 3), dst_order: NHWC, dst_shape: (640, 640, 3))
[2026-09-10 10:10:00.788] [165806] [HailoRT] [info] [queue_elements.cpp:450] [create] Created (PushQEl1yolov8m_pose/input_layer1 | timeout: 10s)
[2026-09-10 10:10:00.789] [165806] [HailoRT] [info] [edge_elements.cpp:187] [create] Created (LastAsyncEl4AsyncHwEl)
[2026-09-10 10:10:00.790] [165806] [HailoRT] [info] [queue_elements.cpp:450] [create] Created (PushQEl5AsyncHwEl | timeout: 10s)
[2026-09-10 10:10:00.790] [165806] [HailoRT] [info] [filter_elements.cpp:375] [create] Created (PostInferEl5AsyncHwEl | Reorder - src_order: FCR, src_shape: (40, 40, 56), dst_order: FCR, dst_shape: (40, 40, 51))
[2026-09-10 10:10:00.790] [165806] [HailoRT] [info] [edge_elements.cpp:187] [create] Created (LastAsyncEl0PostInferEl5AsyncHwEl)
[2026-09-10 10:10:00.791] [165806] [HailoRT] [info] [edge_elements.cpp:187] [create] Created (LastAsyncEl1AsyncHwEl)
[2026-09-10 10:10:00.791] [165806] [HailoRT] [info] [queue_elements.cpp:450] [create] Created (PushQEl2AsyncHwEl | timeout: 10s)
[2026-09-10 10:10:00.791] [165806] [HailoRT] [info] [filter_elements.cpp:375] [create] Created (PostInferEl2AsyncHwEl | Reorder - src_order: FCR, src_shape: (20, 20, 56), dst_order: FCR, dst_shape: (20, 20, 51))
[2026-09-10 10:10:00.791] [165806] [HailoRT] [info] [edge_elements.cpp:187] [create] Created (LastAsyncEl0PostInferEl2AsyncHwEl)
[2026-09-10 10:10:00.792] [165806] [HailoRT] [info] [edge_elements.cpp:187] [create] Created (LastAsyncEl3AsyncHwEl)
[2026-09-10 10:10:00.793] [165806] [HailoRT] [info] [edge_elements.cpp:187] [create] Created (LastAsyncEl0AsyncHwEl)
[2026-09-10 10:10:00.793] [165806] [HailoRT] [info] [edge_elements.cpp:187] [create] Created (LastAsyncEl8AsyncHwEl)
[2026-09-10 10:10:00.794] [165806] [HailoRT] [info] [edge_elements.cpp:187] [create] Created (LastAsyncEl6AsyncHwEl)
[2026-09-10 10:10:00.794] [165806] [HailoRT] [info] [queue_elements.cpp:450] [create] Created (PushQEl7AsyncHwEl | timeout: 10s)
[2026-09-10 10:10:00.794] [165806] [HailoRT] [info] [filter_elements.cpp:375] [create] Created (PostInferEl7AsyncHwEl | Reorder - src_order: FCR, src_shape: (80, 80, 56), dst_order: FCR, dst_shape: (80, 80, 51))
[2026-09-10 10:10:00.794] [165806] [HailoRT] [info] [edge_elements.cpp:187] [create] Created (LastAsyncEl0PostInferEl7AsyncHwEl)
[2026-09-10 10:10:00.794] [165806] [HailoRT] [info] [pipeline.cpp:891] [print_deep_description] EntryPushQEl0yolov8m_pose/input_layer1 | inputs: user | outputs: PreInferEl1yolov8m_pose/input_layer1(running in thread_id: 165834)
[2026-09-10 10:10:00.794] [165806] [HailoRT] [info] [pipeline.cpp:891] [print_deep_description] PreInferEl1yolov8m_pose/input_layer1 | inputs: EntryPushQEl0yolov8m_pose/input_layer1[0] | outputs: PushQEl1yolov8m_pose/input_layer1
[2026-09-10 10:10:00.794] [165806] [HailoRT] [info] [pipeline.cpp:891] [print_deep_description] PushQEl1yolov8m_pose/input_layer1 | inputs: PreInferEl1yolov8m_pose/input_layer1[0] | outputs: AsyncHwEl(running in thread_id: 165835)
[2026-09-10 10:10:00.794] [165806] [HailoRT] [info] [pipeline.cpp:891] [print_deep_description] AsyncHwEl | inputs: PushQEl1yolov8m_pose/input_layer1[0] | outputs: LastAsyncEl0AsyncHwEl LastAsyncEl1AsyncHwEl PushQEl2AsyncHwEl LastAsyncEl3AsyncHwEl LastAsyncEl4AsyncHwEl PushQEl5AsyncHwEl LastAsyncEl6AsyncHwEl PushQEl7AsyncHwEl LastAsyncEl8AsyncHwEl
[2026-09-10 10:10:00.794] [165806] [HailoRT] [info] [pipeline.cpp:891] [print_deep_description] LastAsyncEl0AsyncHwEl | inputs: AsyncHwEl[0] | outputs: user
[2026-09-10 10:10:00.794] [165806] [HailoRT] [info] [pipeline.cpp:891] [print_deep_description] LastAsyncEl1AsyncHwEl | inputs: AsyncHwEl[0] | outputs: user
[2026-09-10 10:10:00.794] [165806] [HailoRT] [info] [pipeline.cpp:891] [print_deep_description] PushQEl2AsyncHwEl | inputs: AsyncHwEl[0] | outputs: PostInferEl2AsyncHwEl(running in thread_id: 165837)
[2026-09-10 10:10:00.794] [165806] [HailoRT] [info] [pipeline.cpp:891] [print_deep_description] PostInferEl2AsyncHwEl | inputs: PushQEl2AsyncHwEl[0] | outputs: LastAsyncEl0PostInferEl2AsyncHwEl
[2026-09-10 10:10:00.794] [165806] [HailoRT] [info] [pipeline.cpp:891] [print_deep_description] LastAsyncEl0PostInferEl2AsyncHwEl | inputs: PostInferEl2AsyncHwEl[0] | outputs: user
[2026-09-10 10:10:00.794] [165806] [HailoRT] [info] [pipeline.cpp:891] [print_deep_description] LastAsyncEl3AsyncHwEl | inputs: AsyncHwEl[0] | outputs: user
[2026-09-10 10:10:00.794] [165806] [HailoRT] [info] [pipeline.cpp:891] [print_deep_description] LastAsyncEl4AsyncHwEl | inputs: AsyncHwEl[0] | outputs: user
[2026-09-10 10:10:00.794] [165806] [HailoRT] [info] [pipeline.cpp:891] [print_deep_description] PushQEl5AsyncHwEl | inputs: AsyncHwEl[0] | outputs: PostInferEl5AsyncHwEl(running in thread_id: 165836)
[2026-09-10 10:10:00.794] [165806] [HailoRT] [info] [pipeline.cpp:891] [print_deep_description] PostInferEl5AsyncHwEl | inputs: PushQEl5AsyncHwEl[0] | outputs: LastAsyncEl0PostInferEl5AsyncHwEl
[2026-09-10 10:10:00.794] [165806] [HailoRT] [info] [pipeline.cpp:891] [print_deep_description] LastAsyncEl0PostInferEl5AsyncHwEl | inputs: PostInferEl5AsyncHwEl[0] | outputs: user
[2026-09-10 10:10:00.794] [165806] [HailoRT] [info] [pipeline.cpp:891] [print_deep_description] LastAsyncEl6AsyncHwEl | inputs: AsyncHwEl[0] | outputs: user
[2026-09-10 10:10:00.794] [165806] [HailoRT] [info] [pipeline.cpp:891] [print_deep_description] PushQEl7AsyncHwEl | inputs: AsyncHwEl[0] | outputs: PostInferEl7AsyncHwEl(running in thread_id: 165838)
[2026-09-10 10:10:00.794] [165806] [HailoRT] [info] [pipeline.cpp:891] [print_deep_description] PostInferEl7AsyncHwEl | inputs: PushQEl7AsyncHwEl[0] | outputs: LastAsyncEl0PostInferEl7AsyncHwEl
[2026-09-10 10:10:00.794] [165806] [HailoRT] [info] [pipeline.cpp:891] [print_deep_description] LastAsyncEl0PostInferEl7AsyncHwEl | inputs: PostInferEl7AsyncHwEl[0] | outputs: user
[2026-09-10 10:10:00.794] [165806] [HailoRT] [info] [pipeline.cpp:891] [print_deep_description] LastAsyncEl8AsyncHwEl | inputs: AsyncHwEl[0] | outputs: user
[2026-09-10 10:10:01.059] [165815] [HailoRT] [info] [hef.cpp:1929] [get_network_group_and_network_name] No name was given. Addressing all networks of default network_group: yolov8m_pose
[2026-09-10 10:12:02.531] [170893] [HailoRT] [info] [device.cpp:49] [Device] OS Version: Linux 6.12.62+rpt-rpi-2712 #1 SMP PREEMPT Debian 1:6.12.62-1+rpt1~bookworm (2026-01-19) aarch64
[2026-09-10 10:12:02.532] [170893] [HailoRT] [info] [control.cpp:108] [control__parse_identify_results] firmware_version is: 4.20.0
[2026-09-10 10:12:02.533] [170893] [HailoRT] [info] [control.cpp:108] [control__parse_identify_results] firmware_version is: 4.20.0
[2026-09-10 10:12:02.552] [170901] [HailoRT] [info] [device.cpp:49] [Device] OS Version: Linux 6.12.62+rpt-rpi-2712 #1 SMP PREEMPT Debian 1:6.12.62-1+rpt1~bookworm (2026-01-19) aarch64
[2026-09-10 10:12:02.553] [170901] [HailoRT] [info] [control.cpp:108] [control__parse_identify_results] firmware_version is: 4.20.0
[2026-09-10 10:12:02.554] [170901] [HailoRT] [info] [control.cpp:108] [control__parse_identify_results] firmware_version is: 4.20.0
[2026-09-10 10:12:02.620] [170885] [HailoRT] [info] [vdevice.cpp:523] [create] Creating vdevice with params: device_count: 1, scheduling_algorithm: ROUND_ROBIN, multi_process_service: true
[2026-09-10 10:12:03.682] [170885] [HailoRT] [info] [device.cpp:49] [Device] OS Version: Linux 6.12.62+rpt-rpi-2712 #1 SMP PREEMPT Debian 1:6.12.62-1+rpt1~bookworm (2026-01-19) aarch64
[2026-09-10 10:12:03.683] [170885] [HailoRT] [info] [control.cpp:108] [control__parse_identify_results] firmware_version is: 4.20.0
[2026-09-10 10:12:03.792] [170885] [HailoRT] [info] [hef.cpp:1929] [get_network_group_and_network_name] No name was given. Addressing all networks of default network_group: yolov8m_pose
[2026-09-10 10:12:03.792] [170885] [HailoRT] [info] [hef.cpp:1929] [get_network_group_and_network_name] No name was given. Addressing all networks of default network_group: yolov8m_pose
[2026-09-10 10:12:04.055] [170959] [HailoRT] [info] [infer_model.cpp:436] [configure] Configuring network group 'yolov8m_pose' with params: batch size: 2, power mode: PERFORMANCE, latency: NONE
[2026-09-10 10:12:04.057] [170959] [HailoRT] [info] [multi_io_elements.cpp:756] [create] Created (AsyncHwEl)
[2026-09-10 10:12:04.057] [170959] [HailoRT] [info] [queue_elements.cpp:450] [create] Created (EntryPushQEl0yolov8m_pose/input_layer1 | timeout: 10s)
[2026-09-10 10:12:04.057] [170959] [HailoRT] [info] [filter_elements.cpp:101] [create] Created (PreInferEl1yolov8m_pose/input_layer1 | Reorder - src_order: RGB4, src_shape: (640, 640, 3), dst_order: NHWC, dst_shape: (640, 640, 3))
[2026-09-10 10:12:04.058] [170959] [HailoRT] [info] [queue_elements.cpp:450] [create] Created (PushQEl1yolov8m_pose/input_layer1 | timeout: 10s)
[2026-09-10 10:12:04.058] [170959] [HailoRT] [info] [edge_elements.cpp:187] [create] Created (LastAsyncEl4AsyncHwEl)
[2026-09-10 10:12:04.059] [170959] [HailoRT] [info] [queue_elements.cpp:450] [create] Created (PushQEl5AsyncHwEl | timeout: 10s)
[2026-09-10 10:12:04.059] [170959] [HailoRT] [info] [filter_elements.cpp:375] [create] Created (PostInferEl5AsyncHwEl | Reorder - src_order: FCR, src_shape: (40, 40, 56), dst_order: FCR, dst_shape: (40, 40, 51))
[2026-09-10 10:12:04.059] [170959] [HailoRT] [info] [edge_elements.cpp:187] [create] Created (LastAsyncEl0PostInferEl5AsyncHwEl)
[2026-09-10 10:12:04.059] [170959] [HailoRT] [info] [edge_elements.cpp:187] [create] Created (LastAsyncEl1AsyncHwEl)
[2026-09-10 10:12:04.060] [170959] [HailoRT] [info] [queue_elements.cpp:450] [create] Created (PushQEl2AsyncHwEl | timeout: 10s)
[2026-09-10 10:12:04.060] [170959] [HailoRT] [info] [filter_elements.cpp:375] [create] Created (PostInferEl2AsyncHwEl | Reorder - src_order: FCR, src_shape: (20, 20, 56), dst_order: FCR, dst_shape: (20, 20, 51))
[2026-09-10 10:12:04.060] [170959] [HailoRT] [info] [edge_elements.cpp:187] [create] Created (LastAsyncEl0PostInferEl2AsyncHwEl)
[2026-09-10 10:12:04.060] [170959] [HailoRT] [info] [edge_elements.cpp:187] [create] Created (LastAsyncEl3AsyncHwEl)
[2026-09-10 10:12:04.060] [170959] [HailoRT] [info] [edge_elements.cpp:187] [create] Created (LastAsyncEl0AsyncHwEl)
[2026-09-10 10:12:04.061] [170959] [HailoRT] [info] [edge_elements.cpp:187] [create] Created (LastAsyncEl8AsyncHwEl)
[2026-09-10 10:12:04.061] [170959] [HailoRT] [info] [edge_elements.cpp:187] [create] Created (LastAsyncEl6AsyncHwEl)
[2026-09-10 10:12:04.062] [170959] [HailoRT] [info] [queue_elements.cpp:450] [create] Created (PushQEl7AsyncHwEl | timeout: 10s)
[2026-09-10 10:12:04.062] [170959] [HailoRT] [info] [filter_elements.cpp:375] [create] Created (PostInferEl7AsyncHwEl | Reorder - src_order: FCR, src_shape: (80, 80, 56), dst_order: FCR, dst_shape: (80, 80, 51))
[2026-09-10 10:12:04.062] [170959] [HailoRT] [info] [edge_elements.cpp:187] [create] Created (LastAsyncEl0PostInferEl7AsyncHwEl)
[2026-09-10 10:12:04.062] [170959] [HailoRT] [info] [pipeline.cpp:891] [print_deep_description] EntryPushQEl0yolov8m_pose/input_layer1 | inputs: user | outputs: PreInferEl1yolov8m_pose/input_layer1(running in thread_id: 170987)
[2026-09-10 10:12:04.062] [170959] [HailoRT] [info] [pipeline.cpp:891] [print_deep_description] PreInferEl1yolov8m_pose/input_layer1 | inputs: EntryPushQEl0yolov8m_pose/input_layer1[0] | outputs: PushQEl1yolov8m_pose/input_layer1
[2026-09-10 10:12:04.062] [170959] [HailoRT] [info] [pipeline.cpp:891] [print_deep_description] PushQEl1yolov8m_pose/input_layer1 | inputs: PreInferEl1yolov8m_pose/input_layer1[0] | outputs: AsyncHwEl(running in thread_id: 170988)
[2026-09-10 10:12:04.062] [170959] [HailoRT] [info] [pipeline.cpp:891] [print_deep_description] AsyncHwEl | inputs: PushQEl1yolov8m_pose/input_layer1[0] | outputs: LastAsyncEl0AsyncHwEl LastAsyncEl1AsyncHwEl PushQEl2AsyncHwEl LastAsyncEl3AsyncHwEl LastAsyncEl4AsyncHwEl PushQEl5AsyncHwEl LastAsyncEl6AsyncHwEl PushQEl7AsyncHwEl LastAsyncEl8AsyncHwEl
[2026-09-10 10:12:04.062] [170959] [HailoRT] [info] [pipeline.cpp:891] [print_deep_description] LastAsyncEl0AsyncHwEl | inputs: AsyncHwEl[0] | outputs: user
[2026-09-10 10:12:04.062] [170959] [HailoRT] [info] [pipeline.cpp:891] [print_deep_description] LastAsyncEl1AsyncHwEl | inputs: AsyncHwEl[0] | outputs: user
[2026-09-10 10:12:04.062] [170959] [HailoRT] [info] [pipeline.cpp:891] [print_deep_description] PushQEl2AsyncHwEl | inputs: AsyncHwEl[0] | outputs: PostInferEl2AsyncHwEl(running in thread_id: 170990)
[2026-09-10 10:12:04.062] [170959] [HailoRT] [info] [pipeline.cpp:891] [print_deep_description] PostInferEl2AsyncHwEl | inputs: PushQEl2AsyncHwEl[0] | outputs: LastAsyncEl0PostInferEl2AsyncHwEl
[2026-09-10 10:12:04.062] [170959] [HailoRT] [info] [pipeline.cpp:891] [print_deep_description] LastAsyncEl0PostInferEl2AsyncHwEl | inputs: PostInferEl2AsyncHwEl[0] | outputs: user
[2026-09-10 10:12:04.062] [170959] [HailoRT] [info] [pipeline.cpp:891] [print_deep_description] LastAsyncEl3AsyncHwEl | inputs: AsyncHwEl[0] | outputs: user
[2026-09-10 10:12:04.062] [170959] [HailoRT] [info] [pipeline.cpp:891] [print_deep_description] LastAsyncEl4AsyncHwEl | inputs: AsyncHwEl[0] | outputs: user
[2026-09-10 10:12:04.062] [170959] [HailoRT] [info] [pipeline.cpp:891] [print_deep_description] PushQEl5AsyncHwEl | inputs: AsyncHwEl[0] | outputs: PostInferEl5AsyncHwEl(running in thread_id: 170989)
[2026-09-10 10:12:04.062] [170959] [HailoRT] [info] [pipeline.cpp:891] [print_deep_description] PostInferEl5AsyncHwEl | inputs: PushQEl5AsyncHwEl[0] | outputs: LastAsyncEl0PostInferEl5AsyncHwEl
[2026-09-10 10:12:04.062] [170959] [HailoRT] [info] [pipeline.cpp:891] [print_deep_description] LastAsyncEl0PostInferEl5AsyncHwEl | inputs: PostInferEl5AsyncHwEl[0] | outputs: user
[2026-09-10 10:12:04.062] [170959] [HailoRT] [info] [pipeline.cpp:891] [print_deep_description] LastAsyncEl6AsyncHwEl | inputs: AsyncHwEl[0] | outputs: user
[2026-09-10 10:12:04.062] [170959] [HailoRT] [info] [pipeline.cpp:891] [print_deep_description] PushQEl7AsyncHwEl | inputs: AsyncHwEl[0] | outputs: PostInferEl7AsyncHwEl(running in thread_id: 170991)
[2026-09-10 10:12:04.062] [170959] [HailoRT] [info] [pipeline.cpp:891] [print_deep_description] PostInferEl7AsyncHwEl | inputs: PushQEl7AsyncHwEl[0] | outputs: LastAsyncEl0PostInferEl7AsyncHwEl
[2026-09-10 10:12:04.062] [170959] [HailoRT] [info] [pipeline.cpp:891] [print_deep_description] LastAsyncEl0PostInferEl7AsyncHwEl | inputs: PostInferEl7AsyncHwEl[0] | outputs: user
[2026-09-10 10:12:04.062] [170959] [HailoRT] [info] [pipeline.cpp:891] [print_deep_description] LastAsyncEl8AsyncHwEl | inputs: AsyncHwEl[0] | outputs: user
[2026-09-10 10:12:04.288] [170969] [HailoRT] [info] [hef.cpp:1929] [get_network_group_and_network_name] No name was given. Addressing all networks of default network_group: yolov8m_pose
[2026-09-10 10:12:28.395] [171989] [HailoRT] [info] [device.cpp:49] [Device] OS Version: Linux 6.12.62+rpt-rpi-2712 #1 SMP PREEMPT Debian 1:6.12.62-1+rpt1~bookworm (2026-01-19) aarch64
[2026-09-10 10:12:28.397] [171989] [HailoRT] [info] [control.cpp:108] [control__parse_identify_results] firmware_version is: 4.20.0
[2026-09-10 10:12:28.398] [171989] [HailoRT] [info] [control.cpp:108] [control__parse_identify_results] firmware_version is: 4.20.0
[2026-09-10 10:12:28.425] [171997] [HailoRT] [info] [device.cpp:49] [Device] OS Version: Linux 6.12.62+rpt-rpi-2712 #1 SMP PREEMPT Debian 1:6.12.62-1+rpt1~bookworm (2026-01-19) aarch64
[2026-09-10 10:12:28.427] [171997] [HailoRT] [info] [control.cpp:108] [control__parse_identify_results] firmware_version is: 4.20.0
[2026-09-10 10:12:28.428] [171997] [HailoRT] [info] [control.cpp:108] [control__parse_identify_results] firmware_version is: 4.20.0
[2026-09-10 10:12:28.500] [171981] [HailoRT] [info] [vdevice.cpp:523] [create] Creating vdevice with params: device_count: 1, scheduling_algorithm: ROUND_ROBIN, multi_process_service: true
[2026-09-10 10:12:29.504] [171981] [HailoRT] [info] [device.cpp:49] [Device] OS Version: Linux 6.12.62+rpt-rpi-2712 #1 SMP PREEMPT Debian 1:6.12.62-1+rpt1~bookworm (2026-01-19) aarch64
[2026-09-10 10:12:29.506] [171981] [HailoRT] [info] [control.cpp:108] [control__parse_identify_results] firmware_version is: 4.20.0
[2026-09-10 10:12:29.619] [171981] [HailoRT] [info] [hef.cpp:1929] [get_network_group_and_network_name] No name was given. Addressing all networks of default network_group: yolov8m_pose
[2026-09-10 10:12:29.619] [171981] [HailoRT] [info] [hef.cpp:1929] [get_network_group_and_network_name] No name was given. Addressing all networks of default network_group: yolov8m_pose
[2026-09-10 10:12:29.855] [172050] [HailoRT] [info] [infer_model.cpp:436] [configure] Configuring network group 'yolov8m_pose' with params: batch size: 2, power mode: PERFORMANCE, latency: NONE
[2026-09-10 10:12:29.858] [172050] [HailoRT] [info] [multi_io_elements.cpp:756] [create] Created (AsyncHwEl)
[2026-09-10 10:12:29.858] [172050] [HailoRT] [info] [queue_elements.cpp:450] [create] Created (EntryPushQEl0yolov8m_pose/input_layer1 | timeout: 10s)
[2026-09-10 10:12:29.858] [172050] [HailoRT] [info] [filter_elements.cpp:101] [create] Created (PreInferEl1yolov8m_pose/input_layer1 | Reorder - src_order: RGB4, src_shape: (640, 640, 3), dst_order: NHWC, dst_shape: (640, 640, 3))
[2026-09-10 10:12:29.858] [172050] [HailoRT] [info] [queue_elements.cpp:450] [create] Created (PushQEl1yolov8m_pose/input_layer1 | timeout: 10s)
[2026-09-10 10:12:29.859] [172050] [HailoRT] [info] [edge_elements.cpp:187] [create] Created (LastAsyncEl4AsyncHwEl)
[2026-09-10 10:12:29.859] [172050] [HailoRT] [info] [queue_elements.cpp:450] [create] Created (PushQEl5AsyncHwEl | timeout: 10s)
[2026-09-10 10:12:29.859] [172050] [HailoRT] [info] [filter_elements.cpp:375] [create] Created (PostInferEl5AsyncHwEl | Reorder - src_order: FCR, src_shape: (40, 40, 56), dst_order: FCR, dst_shape: (40, 40, 51))
[2026-09-10 10:12:29.859] [172050] [HailoRT] [info] [edge_elements.cpp:187] [create] Created (LastAsyncEl0PostInferEl5AsyncHwEl)
[2026-09-10 10:12:29.860] [172050] [HailoRT] [info] [edge_elements.cpp:187] [create] Created (LastAsyncEl1AsyncHwEl)
[2026-09-10 10:12:29.860] [172050] [HailoRT] [info] [queue_elements.cpp:450] [create] Created (PushQEl2AsyncHwEl | timeout: 10s)
[2026-09-10 10:12:29.860] [172050] [HailoRT] [info] [filter_elements.cpp:375] [create] Created (PostInferEl2AsyncHwEl | Reorder - src_order: FCR, src_shape: (20, 20, 56), dst_order: FCR, dst_shape: (20, 20, 51))
[2026-09-10 10:12:29.860] [172050] [HailoRT] [info] [edge_elements.cpp:187] [create] Created (LastAsyncEl0PostInferEl2AsyncHwEl)
[2026-09-10 10:12:29.860] [172050] [HailoRT] [info] [edge_elements.cpp:187] [create] Created (LastAsyncEl3AsyncHwEl)
[2026-09-10 10:12:29.861] [172050] [HailoRT] [info] [edge_elements.cpp:187] [create] Created (LastAsyncEl0AsyncHwEl)
[2026-09-10 10:12:29.861] [172050] [HailoRT] [info] [edge_elements.cpp:187] [create] Created (LastAsyncEl8AsyncHwEl)
[2026-09-10 10:12:29.861] [172050] [HailoRT] [info] [edge_elements.cpp:187] [create] Created (LastAsyncEl6AsyncHwEl)
[2026-09-10 10:12:29.862] [172050] [HailoRT] [info] [queue_elements.cpp:450] [create] Created (PushQEl7AsyncHwEl | timeout: 10s)
[2026-09-10 10:12:29.862] [172050] [HailoRT] [info] [filter_elements.cpp:375] [create] Created (PostInferEl7AsyncHwEl | Reorder - src_order: FCR, src_shape: (80, 80, 56), dst_order: FCR, dst_shape: (80, 80, 51))
[2026-09-10 10:12:29.862] [172050] [HailoRT] [info] [edge_elements.cpp:187] [create] Created (LastAsyncEl0PostInferEl7AsyncHwEl)
[2026-09-10 10:12:29.862] [172050] [HailoRT] [info] [pipeline.cpp:891] [print_deep_description] EntryPushQEl0yolov8m_pose/input_layer1 | inputs: user | outputs: PreInferEl1yolov8m_pose/input_layer1(running in thread_id: 172075)
[2026-09-10 10:12:29.862] [172050] [HailoRT] [info] [pipeline.cpp:891] [print_deep_description] PreInferEl1yolov8m_pose/input_layer1 | inputs: EntryPushQEl0yolov8m_pose/input_layer1[0] | outputs: PushQEl1yolov8m_pose/input_layer1
[2026-09-10 10:12:29.862] [172050] [HailoRT] [info] [pipeline.cpp:891] [print_deep_description] PushQEl1yolov8m_pose/input_layer1 | inputs: PreInferEl1yolov8m_pose/input_layer1[0] | outputs: AsyncHwEl(running in thread_id: 172076)
[2026-09-10 10:12:29.862] [172050] [HailoRT] [info] [pipeline.cpp:891] [print_deep_description] AsyncHwEl | inputs: PushQEl1yolov8m_pose/input_layer1[0] | outputs: LastAsyncEl0AsyncHwEl LastAsyncEl1AsyncHwEl PushQEl2AsyncHwEl LastAsyncEl3AsyncHwEl LastAsyncEl4AsyncHwEl PushQEl5AsyncHwEl LastAsyncEl6AsyncHwEl PushQEl7AsyncHwEl LastAsyncEl8AsyncHwEl
[2026-09-10 10:12:29.862] [172050] [HailoRT] [info] [pipeline.cpp:891] [print_deep_description] LastAsyncEl0AsyncHwEl | inputs: AsyncHwEl[0] | outputs: user
[2026-09-10 10:12:29.862] [172050] [HailoRT] [info] [pipeline.cpp:891] [print_deep_description] LastAsyncEl1AsyncHwEl | inputs: AsyncHwEl[0] | outputs: user
[2026-09-10 10:12:29.862] [172050] [HailoRT] [info] [pipeline.cpp:891] [print_deep_description] PushQEl2AsyncHwEl | inputs: AsyncHwEl[0] | outputs: PostInferEl2AsyncHwEl(running in thread_id: 172078)
[2026-09-10 10:12:29.862] [172050] [HailoRT] [info] [pipeline.cpp:891] [print_deep_description] PostInferEl2AsyncHwEl | inputs: PushQEl2AsyncHwEl[0] | outputs: LastAsyncEl0PostInferEl2AsyncHwEl
[2026-09-10 10:12:29.862] [172050] [HailoRT] [info] [pipeline.cpp:891] [print_deep_description] LastAsyncEl0PostInferEl2AsyncHwEl | inputs: PostInferEl2AsyncHwEl[0] | outputs: user
[2026-09-10 10:12:29.862] [172050] [HailoRT] [info] [pipeline.cpp:891] [print_deep_description] LastAsyncEl3AsyncHwEl | inputs: AsyncHwEl[0] | outputs: user
[2026-09-10 10:12:29.862] [172050] [HailoRT] [info] [pipeline.cpp:891] [print_deep_description] LastAsyncEl4AsyncHwEl | inputs: AsyncHwEl[0] | outputs: user
[2026-09-10 10:12:29.862] [172050] [HailoRT] [info] [pipeline.cpp:891] [print_deep_description] PushQEl5AsyncHwEl | inputs: AsyncHwEl[0] | outputs: PostInferEl5AsyncHwEl(running in thread_id: 172077)
[2026-09-10 10:12:29.862] [172050] [HailoRT] [info] [pipeline.cpp:891] [print_deep_description] PostInferEl5AsyncHwEl | inputs: PushQEl5AsyncHwEl[0] | outputs: LastAsyncEl0PostInferEl5AsyncHwEl
[2026-09-10 10:12:29.862] [172050] [HailoRT] [info] [pipeline.cpp:891] [print_deep_description] LastAsyncEl0PostInferEl5AsyncHwEl | inputs: PostInferEl5AsyncHwEl[0] | outputs: user
[2026-09-10 10:12:29.862] [172050] [HailoRT] [info] [pipeline.cpp:891] [print_deep_description] LastAsyncEl6AsyncHwEl | inputs: AsyncHwEl[0] | outputs: user
[2026-09-10 10:12:29.862] [172050] [HailoRT] [info] [pipeline.cpp:891] [print_deep_description] PushQEl7AsyncHwEl | inputs: AsyncHwEl[0] | outputs: PostInferEl7AsyncHwEl(running in thread_id: 172079)
[2026-09-10 10:12:29.862] [172050] [HailoRT] [info] [pipeline.cpp:891] [print_deep_description] PostInferEl7AsyncHwEl | inputs: PushQEl7AsyncHwEl[0] | outputs: LastAsyncEl0PostInferEl7AsyncHwEl
[2026-09-10 10:12:29.862] [172050] [HailoRT] [info] [pipeline.cpp:891] [print_deep_description] LastAsyncEl0PostInferEl7AsyncHwEl | inputs: PostInferEl7AsyncHwEl[0] | outputs: user
[2026-09-10 10:12:29.862] [172050] [HailoRT] [info] [pipeline.cpp:891] [print_deep_description] LastAsyncEl8AsyncHwEl | inputs: AsyncHwEl[0] | outputs: user
[2026-09-10 10:12:30.103] [172060] [HailoRT] [info] [hef.cpp:1929] [get_network_group_and_network_name] No name was given. Addressing all networks of default network_group: yolov8m_pose
[2026-09-10 10:27:28.055] [172050] [HailoRT] [info] [async_infer_runner.cpp:86] [shutdown] Pipeline was aborted. Shutting it down
[2026-09-10 10:27:28.059] [172072] [HailoRT] [info] [network_group_client.cpp:661] [operator()] Infer request was aborted by user
[2026-09-10 10:27:28.059] [172050] [HailoRT] [info] [queue_elements.cpp:570] [execute_deactivate] enqueue() in element PushQEl2AsyncHwEl was aborted, got status = HAILO_SHUTDOWN_EVENT_SIGNALED(57)
[2026-09-10 10:27:28.059] [172050] [HailoRT] [info] [queue_elements.cpp:570] [execute_deactivate] enqueue() in element PushQEl5AsyncHwEl was aborted, got status = HAILO_SHUTDOWN_EVENT_SIGNALED(57)
[2026-09-10 10:27:28.059] [172050] [HailoRT] [info] [queue_elements.cpp:570] [execute_deactivate] enqueue() in element PushQEl7AsyncHwEl was aborted, got status = HAILO_SHUTDOWN_EVENT_SIGNALED(57)
[2026-09-10 10:27:28.059] [172050] [HailoRT] [info] [queue_elements.cpp:570] [execute_deactivate] enqueue() in element PushQEl1yolov8m_pose/input_layer1 was aborted, got status = HAILO_SHUTDOWN_EVENT_SIGNALED(57)
[2026-09-10 10:27:28.059] [172050] [HailoRT] [info] [queue_elements.cpp:570] [execute_deactivate] enqueue() in element EntryPushQEl0yolov8m_pose/input_layer1 was aborted, got status = HAILO_SHUTDOWN_EVENT_SIGNALED(57)
[2026-09-10 10:27:28.059] [172050] [HailoRT] [info] [queue_elements.cpp:46] [~BaseQueueElement] Queue element EntryPushQEl0yolov8m_pose/input_layer1 has 0 frames in his Queue on destruction
[2026-09-10 10:27:28.059] [172050] [HailoRT] [info] [queue_elements.cpp:46] [~BaseQueueElement] Queue element PushQEl1yolov8m_pose/input_layer1 has 0 frames in his Queue on destruction
[2026-09-10 10:27:28.060] [172050] [HailoRT] [info] [queue_elements.cpp:46] [~BaseQueueElement] Queue element PushQEl5AsyncHwEl has 0 frames in his Queue on destruction
[2026-09-10 10:27:28.060] [172050] [HailoRT] [info] [queue_elements.cpp:46] [~BaseQueueElement] Queue element PushQEl2AsyncHwEl has 0 frames in his Queue on destruction
[2026-09-10 10:27:28.060] [172050] [HailoRT] [info] [queue_elements.cpp:46] [~BaseQueueElement] Queue element PushQEl7AsyncHwEl has 0 frames in his Queue on destruction
[2026-09-10 10:34:33.500] [8788] [HailoRT] [info] [device.cpp:49] [Device] OS Version: Linux 6.12.62+rpt-rpi-2712 #1 SMP PREEMPT Debian 1:6.12.62-1+rpt1~bookworm (2026-01-19) aarch64
[2026-09-10 10:34:33.502] [8788] [HailoRT] [info] [control.cpp:108] [control__parse_identify_results] firmware_version is: 4.20.0
[2026-09-10 10:34:33.503] [8788] [HailoRT] [info] [control.cpp:108] [control__parse_identify_results] firmware_version is: 4.20.0
[2026-09-10 10:34:33.544] [8800] [HailoRT] [info] [device.cpp:49] [Device] OS Version: Linux 6.12.62+rpt-rpi-2712 #1 SMP PREEMPT Debian 1:6.12.62-1+rpt1~bookworm (2026-01-19) aarch64
[2026-09-10 10:34:33.546] [8800] [HailoRT] [info] [control.cpp:108] [control__parse_identify_results] firmware_version is: 4.20.0
[2026-09-10 10:34:33.547] [8800] [HailoRT] [info] [control.cpp:108] [control__parse_identify_results] firmware_version is: 4.20.0
[2026-09-10 10:34:33.720] [8749] [HailoRT] [info] [vdevice.cpp:523] [create] Creating vdevice with params: device_count: 1, scheduling_algorithm: ROUND_ROBIN, multi_process_service: true
[2026-09-10 10:34:34.748] [8749] [HailoRT] [info] [device.cpp:49] [Device] OS Version: Linux 6.12.62+rpt-rpi-2712 #1 SMP PREEMPT Debian 1:6.12.62-1+rpt1~bookworm (2026-01-19) aarch64
[2026-09-10 10:34:34.749] [8749] [HailoRT] [info] [control.cpp:108] [control__parse_identify_results] firmware_version is: 4.20.0
[2026-09-10 10:34:34.935] [8749] [HailoRT] [info] [hef.cpp:1929] [get_network_group_and_network_name] No name was given. Addressing all networks of default network_group: yolov8m_pose
[2026-09-10 10:34:34.935] [8749] [HailoRT] [info] [hef.cpp:1929] [get_network_group_and_network_name] No name was given. Addressing all networks of default network_group: yolov8m_pose
[2026-09-10 10:34:35.206] [8852] [HailoRT] [info] [infer_model.cpp:436] [configure] Configuring network group 'yolov8m_pose' with params: batch size: 2, power mode: PERFORMANCE, latency: NONE
[2026-09-10 10:34:35.209] [8852] [HailoRT] [info] [multi_io_elements.cpp:756] [create] Created (AsyncHwEl)
[2026-09-10 10:34:35.210] [8852] [HailoRT] [info] [queue_elements.cpp:450] [create] Created (EntryPushQEl0yolov8m_pose/input_layer1 | timeout: 10s)
[2026-09-10 10:34:35.210] [8852] [HailoRT] [info] [filter_elements.cpp:101] [create] Created (PreInferEl1yolov8m_pose/input_layer1 | Reorder - src_order: RGB4, src_shape: (640, 640, 3), dst_order: NHWC, dst_shape: (640, 640, 3))
[2026-09-10 10:34:35.210] [8852] [HailoRT] [info] [queue_elements.cpp:450] [create] Created (PushQEl1yolov8m_pose/input_layer1 | timeout: 10s)
[2026-09-10 10:34:35.211] [8852] [HailoRT] [info] [edge_elements.cpp:187] [create] Created (LastAsyncEl4AsyncHwEl)
[2026-09-10 10:34:35.211] [8852] [HailoRT] [info] [queue_elements.cpp:450] [create] Created (PushQEl5AsyncHwEl | timeout: 10s)
[2026-09-10 10:34:35.211] [8852] [HailoRT] [info] [filter_elements.cpp:375] [create] Created (PostInferEl5AsyncHwEl | Reorder - src_order: FCR, src_shape: (40, 40, 56), dst_order: FCR, dst_shape: (40, 40, 51))
[2026-09-10 10:34:35.211] [8852] [HailoRT] [info] [edge_elements.cpp:187] [create] Created (LastAsyncEl0PostInferEl5AsyncHwEl)
[2026-09-10 10:34:35.212] [8852] [HailoRT] [info] [edge_elements.cpp:187] [create] Created (LastAsyncEl1AsyncHwEl)
[2026-09-10 10:34:35.212] [8852] [HailoRT] [info] [queue_elements.cpp:450] [create] Created (PushQEl2AsyncHwEl | timeout: 10s)
[2026-09-10 10:34:35.212] [8852] [HailoRT] [info] [filter_elements.cpp:375] [create] Created (PostInferEl2AsyncHwEl | Reorder - src_order: FCR, src_shape: (20, 20, 56), dst_order: FCR, dst_shape: (20, 20, 51))
[2026-09-10 10:34:35.212] [8852] [HailoRT] [info] [edge_elements.cpp:187] [create] Created (LastAsyncEl0PostInferEl2AsyncHwEl)
[2026-09-10 10:34:35.213] [8852] [HailoRT] [info] [edge_elements.cpp:187] [create] Created (LastAsyncEl3AsyncHwEl)
[2026-09-10 10:34:35.213] [8852] [HailoRT] [info] [edge_elements.cpp:187] [create] Created (LastAsyncEl0AsyncHwEl)
[2026-09-10 10:34:35.214] [8852] [HailoRT] [info] [edge_elements.cpp:187] [create] Created (LastAsyncEl8AsyncHwEl)
[2026-09-10 10:34:35.214] [8852] [HailoRT] [info] [edge_elements.cpp:187] [create] Created (LastAsyncEl6AsyncHwEl)
[2026-09-10 10:34:35.215] [8852] [HailoRT] [info] [queue_elements.cpp:450] [create] Created (PushQEl7AsyncHwEl | timeout: 10s)
[2026-09-10 10:34:35.215] [8852] [HailoRT] [info] [filter_elements.cpp:375] [create] Created (PostInferEl7AsyncHwEl | Reorder - src_order: FCR, src_shape: (80, 80, 56), dst_order: FCR, dst_shape: (80, 80, 51))
[2026-09-10 10:34:35.215] [8852] [HailoRT] [info] [edge_elements.cpp:187] [create] Created (LastAsyncEl0PostInferEl7AsyncHwEl)
[2026-09-10 10:34:35.215] [8852] [HailoRT] [info] [pipeline.cpp:891] [print_deep_description] EntryPushQEl0yolov8m_pose/input_layer1 | inputs: user | outputs: PreInferEl1yolov8m_pose/input_layer1(running in thread_id: 8888)
[2026-09-10 10:34:35.215] [8852] [HailoRT] [info] [pipeline.cpp:891] [print_deep_description] PreInferEl1yolov8m_pose/input_layer1 | inputs: EntryPushQEl0yolov8m_pose/input_layer1[0] | outputs: PushQEl1yolov8m_pose/input_layer1
[2026-09-10 10:34:35.215] [8852] [HailoRT] [info] [pipeline.cpp:891] [print_deep_description] PushQEl1yolov8m_pose/input_layer1 | inputs: PreInferEl1yolov8m_pose/input_layer1[0] | outputs: AsyncHwEl(running in thread_id: 8889)
[2026-09-10 10:34:35.215] [8852] [HailoRT] [info] [pipeline.cpp:891] [print_deep_description] AsyncHwEl | inputs: PushQEl1yolov8m_pose/input_layer1[0] | outputs: LastAsyncEl0AsyncHwEl LastAsyncEl1AsyncHwEl PushQEl2AsyncHwEl LastAsyncEl3AsyncHwEl LastAsyncEl4AsyncHwEl PushQEl5AsyncHwEl LastAsyncEl6AsyncHwEl PushQEl7AsyncHwEl LastAsyncEl8AsyncHwEl
[2026-09-10 10:34:35.215] [8852] [HailoRT] [info] [pipeline.cpp:891] [print_deep_description] LastAsyncEl0AsyncHwEl | inputs: AsyncHwEl[0] | outputs: user
[2026-09-10 10:34:35.215] [8852] [HailoRT] [info] [pipeline.cpp:891] [print_deep_description] LastAsyncEl1AsyncHwEl | inputs: AsyncHwEl[0] | outputs: user
[2026-09-10 10:34:35.215] [8852] [HailoRT] [info] [pipeline.cpp:891] [print_deep_description] PushQEl2AsyncHwEl | inputs: AsyncHwEl[0] | outputs: PostInferEl2AsyncHwEl(running in thread_id: 8891)
[2026-09-10 10:34:35.215] [8852] [HailoRT] [info] [pipeline.cpp:891] [print_deep_description] PostInferEl2AsyncHwEl | inputs: PushQEl2AsyncHwEl[0] | outputs: LastAsyncEl0PostInferEl2AsyncHwEl
[2026-09-10 10:34:35.215] [8852] [HailoRT] [info] [pipeline.cpp:891] [print_deep_description] LastAsyncEl0PostInferEl2AsyncHwEl | inputs: PostInferEl2AsyncHwEl[0] | outputs: user
[2026-09-10 10:34:35.215] [8852] [HailoRT] [info] [pipeline.cpp:891] [print_deep_description] LastAsyncEl3AsyncHwEl | inputs: AsyncHwEl[0] | outputs: user
[2026-09-10 10:34:35.215] [8852] [HailoRT] [info] [pipeline.cpp:891] [print_deep_description] LastAsyncEl4AsyncHwEl | inputs: AsyncHwEl[0] | outputs: user
[2026-09-10 10:34:35.215] [8852] [HailoRT] [info] [pipeline.cpp:891] [print_deep_description] PushQEl5AsyncHwEl | inputs: AsyncHwEl[0] | outputs: PostInferEl5AsyncHwEl(running in thread_id: 8890)
[2026-09-10 10:34:35.215] [8852] [HailoRT] [info] [pipeline.cpp:891] [print_deep_description] PostInferEl5AsyncHwEl | inputs: PushQEl5AsyncHwEl[0] | outputs: LastAsyncEl0PostInferEl5AsyncHwEl
[2026-09-10 10:34:35.215] [8852] [HailoRT] [info] [pipeline.cpp:891] [print_deep_description] LastAsyncEl0PostInferEl5AsyncHwEl | inputs: PostInferEl5AsyncHwEl[0] | outputs: user
[2026-09-10 10:34:35.215] [8852] [HailoRT] [info] [pipeline.cpp:891] [print_deep_description] LastAsyncEl6AsyncHwEl | inputs: AsyncHwEl[0] | outputs: user
[2026-09-10 10:34:35.215] [8852] [HailoRT] [info] [pipeline.cpp:891] [print_deep_description] PushQEl7AsyncHwEl | inputs: AsyncHwEl[0] | outputs: PostInferEl7AsyncHwEl(running in thread_id: 8892)
[2026-09-10 10:34:35.215] [8852] [HailoRT] [info] [pipeline.cpp:891] [print_deep_description] PostInferEl7AsyncHwEl | inputs: PushQEl7AsyncHwEl[0] | outputs: LastAsyncEl0PostInferEl7AsyncHwEl
[2026-09-10 10:34:35.215] [8852] [HailoRT] [info] [pipeline.cpp:891] [print_deep_description] LastAsyncEl0PostInferEl7AsyncHwEl | inputs: PostInferEl7AsyncHwEl[0] | outputs: user
[2026-09-10 10:34:35.215] [8852] [HailoRT] [info] [pipeline.cpp:891] [print_deep_description] LastAsyncEl8AsyncHwEl | inputs: AsyncHwEl[0] | outputs: user
[2026-09-10 10:34:35.553] [8863] [HailoRT] [info] [hef.cpp:1929] [get_network_group_and_network_name] No name was given. Addressing all networks of default network_group: yolov8m_pose
[2026-09-10 10:35:40.322] [11957] [HailoRT] [info] [device.cpp:49] [Device] OS Version: Linux 6.12.62+rpt-rpi-2712 #1 SMP PREEMPT Debian 1:6.12.62-1+rpt1~bookworm (2026-01-19) aarch64
[2026-09-10 10:35:40.323] [11957] [HailoRT] [info] [control.cpp:108] [control__parse_identify_results] firmware_version is: 4.20.0
[2026-09-10 10:35:40.325] [11957] [HailoRT] [info] [control.cpp:108] [control__parse_identify_results] firmware_version is: 4.20.0
[2026-09-10 10:35:40.351] [11965] [HailoRT] [info] [device.cpp:49] [Device] OS Version: Linux 6.12.62+rpt-rpi-2712 #1 SMP PREEMPT Debian 1:6.12.62-1+rpt1~bookworm (2026-01-19) aarch64
[2026-09-10 10:35:40.353] [11965] [HailoRT] [info] [control.cpp:108] [control__parse_identify_results] firmware_version is: 4.20.0
[2026-09-10 10:35:40.354] [11965] [HailoRT] [info] [control.cpp:108] [control__parse_identify_results] firmware_version is: 4.20.0
[2026-09-10 10:35:40.417] [11949] [HailoRT] [info] [vdevice.cpp:523] [create] Creating vdevice with params: device_count: 1, scheduling_algorithm: ROUND_ROBIN, multi_process_service: true
[2026-09-10 10:35:41.486] [11949] [HailoRT] [info] [device.cpp:49] [Device] OS Version: Linux 6.12.62+rpt-rpi-2712 #1 SMP PREEMPT Debian 1:6.12.62-1+rpt1~bookworm (2026-01-19) aarch64
[2026-09-10 10:35:41.489] [11949] [HailoRT] [info] [control.cpp:108] [control__parse_identify_results] firmware_version is: 4.20.0
[2026-09-10 10:35:41.613] [11949] [HailoRT] [info] [hef.cpp:1929] [get_network_group_and_network_name] No name was given. Addressing all networks of default network_group: yolov8m_pose
[2026-09-10 10:35:41.613] [11949] [HailoRT] [info] [hef.cpp:1929] [get_network_group_and_network_name] No name was given. Addressing all networks of default network_group: yolov8m_pose
[2026-09-10 10:35:41.936] [12023] [HailoRT] [info] [infer_model.cpp:436] [configure] Configuring network group 'yolov8m_pose' with params: batch size: 2, power mode: PERFORMANCE, latency: NONE
[2026-09-10 10:35:41.939] [12023] [HailoRT] [info] [multi_io_elements.cpp:756] [create] Created (AsyncHwEl)
[2026-09-10 10:35:41.941] [12023] [HailoRT] [info] [queue_elements.cpp:450] [create] Created (EntryPushQEl0yolov8m_pose/input_layer1 | timeout: 10s)
[2026-09-10 10:35:41.941] [12023] [HailoRT] [info] [filter_elements.cpp:101] [create] Created (PreInferEl1yolov8m_pose/input_layer1 | Reorder - src_order: RGB4, src_shape: (640, 640, 3), dst_order: NHWC, dst_shape: (640, 640, 3))
[2026-09-10 10:35:41.941] [12023] [HailoRT] [info] [queue_elements.cpp:450] [create] Created (PushQEl1yolov8m_pose/input_layer1 | timeout: 10s)
[2026-09-10 10:35:41.942] [12023] [HailoRT] [info] [edge_elements.cpp:187] [create] Created (LastAsyncEl4AsyncHwEl)
[2026-09-10 10:35:41.943] [12023] [HailoRT] [info] [queue_elements.cpp:450] [create] Created (PushQEl5AsyncHwEl | timeout: 10s)
[2026-09-10 10:35:41.943] [12023] [HailoRT] [info] [filter_elements.cpp:375] [create] Created (PostInferEl5AsyncHwEl | Reorder - src_order: FCR, src_shape: (40, 40, 56), dst_order: FCR, dst_shape: (40, 40, 51))
[2026-09-10 10:35:41.943] [12023] [HailoRT] [info] [edge_elements.cpp:187] [create] Created (LastAsyncEl0PostInferEl5AsyncHwEl)
[2026-09-10 10:35:41.944] [12023] [HailoRT] [info] [edge_elements.cpp:187] [create] Created (LastAsyncEl1AsyncHwEl)
[2026-09-10 10:35:41.945] [12023] [HailoRT] [info] [queue_elements.cpp:450] [create] Created (PushQEl2AsyncHwEl | timeout: 10s)
[2026-09-10 10:35:41.945] [12023] [HailoRT] [info] [filter_elements.cpp:375] [create] Created (PostInferEl2AsyncHwEl | Reorder - src_order: FCR, src_shape: (20, 20, 56), dst_order: FCR, dst_shape: (20, 20, 51))
[2026-09-10 10:35:41.945] [12023] [HailoRT] [info] [edge_elements.cpp:187] [create] Created (LastAsyncEl0PostInferEl2AsyncHwEl)
[2026-09-10 10:35:41.946] [12023] [HailoRT] [info] [edge_elements.cpp:187] [create] Created (LastAsyncEl3AsyncHwEl)
[2026-09-10 10:35:41.946] [12023] [HailoRT] [info] [edge_elements.cpp:187] [create] Created (LastAsyncEl0AsyncHwEl)
[2026-09-10 10:35:41.947] [12023] [HailoRT] [info] [edge_elements.cpp:187] [create] Created (LastAsyncEl8AsyncHwEl)
[2026-09-10 10:35:41.948] [12023] [HailoRT] [info] [edge_elements.cpp:187] [create] Created (LastAsyncEl6AsyncHwEl)
[2026-09-10 10:35:41.949] [12023] [HailoRT] [info] [queue_elements.cpp:450] [create] Created (PushQEl7AsyncHwEl | timeout: 10s)
[2026-09-10 10:35:41.949] [12023] [HailoRT] [info] [filter_elements.cpp:375] [create] Created (PostInferEl7AsyncHwEl | Reorder - src_order: FCR, src_shape: (80, 80, 56), dst_order: FCR, dst_shape: (80, 80, 51))
[2026-09-10 10:35:41.949] [12023] [HailoRT] [info] [edge_elements.cpp:187] [create] Created (LastAsyncEl0PostInferEl7AsyncHwEl)
[2026-09-10 10:35:41.949] [12023] [HailoRT] [info] [pipeline.cpp:891] [print_deep_description] EntryPushQEl0yolov8m_pose/input_layer1 | inputs: user | outputs: PreInferEl1yolov8m_pose/input_layer1(running in thread_id: 12051)
[2026-09-10 10:35:41.949] [12023] [HailoRT] [info] [pipeline.cpp:891] [print_deep_description] PreInferEl1yolov8m_pose/input_layer1 | inputs: EntryPushQEl0yolov8m_pose/input_layer1[0] | outputs: PushQEl1yolov8m_pose/input_layer1
[2026-09-10 10:35:41.950] [12023] [HailoRT] [info] [pipeline.cpp:891] [print_deep_description] PushQEl1yolov8m_pose/input_layer1 | inputs: PreInferEl1yolov8m_pose/input_layer1[0] | outputs: AsyncHwEl(running in thread_id: 12052)
[2026-09-10 10:35:41.950] [12023] [HailoRT] [info] [pipeline.cpp:891] [print_deep_description] AsyncHwEl | inputs: PushQEl1yolov8m_pose/input_layer1[0] | outputs: LastAsyncEl0AsyncHwEl LastAsyncEl1AsyncHwEl PushQEl2AsyncHwEl LastAsyncEl3AsyncHwEl LastAsyncEl4AsyncHwEl PushQEl5AsyncHwEl LastAsyncEl6AsyncHwEl PushQEl7AsyncHwEl LastAsyncEl8AsyncHwEl
[2026-09-10 10:35:41.950] [12023] [HailoRT] [info] [pipeline.cpp:891] [print_deep_description] LastAsyncEl0AsyncHwEl | inputs: AsyncHwEl[0] | outputs: user
[2026-09-10 10:35:41.950] [12023] [HailoRT] [info] [pipeline.cpp:891] [print_deep_description] LastAsyncEl1AsyncHwEl | inputs: AsyncHwEl[0] | outputs: user
[2026-09-10 10:35:41.950] [12023] [HailoRT] [info] [pipeline.cpp:891] [print_deep_description] PushQEl2AsyncHwEl | inputs: AsyncHwEl[0] | outputs: PostInferEl2AsyncHwEl(running in thread_id: 12054)
[2026-09-10 10:35:41.950] [12023] [HailoRT] [info] [pipeline.cpp:891] [print_deep_description] PostInferEl2AsyncHwEl | inputs: PushQEl2AsyncHwEl[0] | outputs: LastAsyncEl0PostInferEl2AsyncHwEl
[2026-09-10 10:35:41.950] [12023] [HailoRT] [info] [pipeline.cpp:891] [print_deep_description] LastAsyncEl0PostInferEl2AsyncHwEl | inputs: PostInferEl2AsyncHwEl[0] | outputs: user
[2026-09-10 10:35:41.950] [12023] [HailoRT] [info] [pipeline.cpp:891] [print_deep_description] LastAsyncEl3AsyncHwEl | inputs: AsyncHwEl[0] | outputs: user
[2026-09-10 10:35:41.950] [12023] [HailoRT] [info] [pipeline.cpp:891] [print_deep_description] LastAsyncEl4AsyncHwEl | inputs: AsyncHwEl[0] | outputs: user
[2026-09-10 10:35:41.950] [12023] [HailoRT] [info] [pipeline.cpp:891] [print_deep_description] PushQEl5AsyncHwEl | inputs: AsyncHwEl[0] | outputs: PostInferEl5AsyncHwEl(running in thread_id: 12053)
[2026-09-10 10:35:41.950] [12023] [HailoRT] [info] [pipeline.cpp:891] [print_deep_description] PostInferEl5AsyncHwEl | inputs: PushQEl5AsyncHwEl[0] | outputs: LastAsyncEl0PostInferEl5AsyncHwEl
[2026-09-10 10:35:41.950] [12023] [HailoRT] [info] [pipeline.cpp:891] [print_deep_description] LastAsyncEl0PostInferEl5AsyncHwEl | inputs: PostInferEl5AsyncHwEl[0] | outputs: user
[2026-09-10 10:35:41.950] [12023] [HailoRT] [info] [pipeline.cpp:891] [print_deep_description] LastAsyncEl6AsyncHwEl | inputs: AsyncHwEl[0] | outputs: user
[2026-09-10 10:35:41.950] [12023] [HailoRT] [info] [pipeline.cpp:891] [print_deep_description] PushQEl7AsyncHwEl | inputs: AsyncHwEl[0] | outputs: PostInferEl7AsyncHwEl(running in thread_id: 12055)
[2026-09-10 10:35:41.950] [12023] [HailoRT] [info] [pipeline.cpp:891] [print_deep_description] PostInferEl7AsyncHwEl | inputs: PushQEl7AsyncHwEl[0] | outputs: LastAsyncEl0PostInferEl7AsyncHwEl
[2026-09-10 10:35:41.950] [12023] [HailoRT] [info] [pipeline.cpp:891] [print_deep_description] LastAsyncEl0PostInferEl7AsyncHwEl | inputs: PostInferEl7AsyncHwEl[0] | outputs: user
[2026-09-10 10:35:41.950] [12023] [HailoRT] [info] [pipeline.cpp:891] [print_deep_description] LastAsyncEl8AsyncHwEl | inputs: AsyncHwEl[0] | outputs: user
[2026-09-10 10:35:42.248] [12033] [HailoRT] [info] [hef.cpp:1929] [get_network_group_and_network_name] No name was given. Addressing all networks of default network_group: yolov8m_pose
[2026-09-10 10:46:46.869] [35780] [HailoRT] [info] [device.cpp:49] [Device] OS Version: Linux 6.12.62+rpt-rpi-2712 #1 SMP PREEMPT Debian 1:6.12.62-1+rpt1~bookworm (2026-01-19) aarch64
[2026-09-10 10:46:46.871] [35780] [HailoRT] [info] [control.cpp:108] [control__parse_identify_results] firmware_version is: 4.20.0
[2026-09-10 10:46:46.872] [35780] [HailoRT] [info] [control.cpp:108] [control__parse_identify_results] firmware_version is: 4.20.0
[2026-09-10 10:46:46.924] [35788] [HailoRT] [info] [device.cpp:49] [Device] OS Version: Linux 6.12.62+rpt-rpi-2712 #1 SMP PREEMPT Debian 1:6.12.62-1+rpt1~bookworm (2026-01-19) aarch64
[2026-09-10 10:46:46.926] [35788] [HailoRT] [info] [control.cpp:108] [control__parse_identify_results] firmware_version is: 4.20.0
[2026-09-10 10:46:46.927] [35788] [HailoRT] [info] [control.cpp:108] [control__parse_identify_results] firmware_version is: 4.20.0
[2026-09-10 10:46:47.003] [35772] [HailoRT] [info] [vdevice.cpp:523] [create] Creating vdevice with params: device_count: 1, scheduling_algorithm: ROUND_ROBIN, multi_process_service: true
[2026-09-10 10:46:48.019] [35772] [HailoRT] [info] [device.cpp:49] [Device] OS Version: Linux 6.12.62+rpt-rpi-2712 #1 SMP PREEMPT Debian 1:6.12.62-1+rpt1~bookworm (2026-01-19) aarch64
[2026-09-10 10:46:48.020] [35772] [HailoRT] [info] [control.cpp:108] [control__parse_identify_results] firmware_version is: 4.20.0
[2026-09-10 10:46:48.127] [35772] [HailoRT] [info] [hef.cpp:1929] [get_network_group_and_network_name] No name was given. Addressing all networks of default network_group: yolov8m_pose
[2026-09-10 10:46:48.127] [35772] [HailoRT] [info] [hef.cpp:1929] [get_network_group_and_network_name] No name was given. Addressing all networks of default network_group: yolov8m_pose
[2026-09-10 10:46:48.390] [35847] [HailoRT] [info] [infer_model.cpp:436] [configure] Configuring network group 'yolov8m_pose' with params: batch size: 2, power mode: PERFORMANCE, latency: NONE
[2026-09-10 10:46:48.393] [35847] [HailoRT] [info] [multi_io_elements.cpp:756] [create] Created (AsyncHwEl)
[2026-09-10 10:46:48.394] [35847] [HailoRT] [info] [queue_elements.cpp:450] [create] Created (EntryPushQEl0yolov8m_pose/input_layer1 | timeout: 10s)
[2026-09-10 10:46:48.394] [35847] [HailoRT] [info] [filter_elements.cpp:101] [create] Created (PreInferEl1yolov8m_pose/input_layer1 | Reorder - src_order: RGB4, src_shape: (640, 640, 3), dst_order: NHWC, dst_shape: (640, 640, 3))
[2026-09-10 10:46:48.394] [35847] [HailoRT] [info] [queue_elements.cpp:450] [create] Created (PushQEl1yolov8m_pose/input_layer1 | timeout: 10s)
[2026-09-10 10:46:48.395] [35847] [HailoRT] [info] [edge_elements.cpp:187] [create] Created (LastAsyncEl4AsyncHwEl)
[2026-09-10 10:46:48.395] [35847] [HailoRT] [info] [queue_elements.cpp:450] [create] Created (PushQEl5AsyncHwEl | timeout: 10s)
[2026-09-10 10:46:48.395] [35847] [HailoRT] [info] [filter_elements.cpp:375] [create] Created (PostInferEl5AsyncHwEl | Reorder - src_order: FCR, src_shape: (40, 40, 56), dst_order: FCR, dst_shape: (40, 40, 51))
[2026-09-10 10:46:48.395] [35847] [HailoRT] [info] [edge_elements.cpp:187] [create] Created (LastAsyncEl0PostInferEl5AsyncHwEl)
[2026-09-10 10:46:48.396] [35847] [HailoRT] [info] [edge_elements.cpp:187] [create] Created (LastAsyncEl1AsyncHwEl)
[2026-09-10 10:46:48.396] [35847] [HailoRT] [info] [queue_elements.cpp:450] [create] Created (PushQEl2AsyncHwEl | timeout: 10s)
[2026-09-10 10:46:48.396] [35847] [HailoRT] [info] [filter_elements.cpp:375] [create] Created (PostInferEl2AsyncHwEl | Reorder - src_order: FCR, src_shape: (20, 20, 56), dst_order: FCR, dst_shape: (20, 20, 51))
[2026-09-10 10:46:48.396] [35847] [HailoRT] [info] [edge_elements.cpp:187] [create] Created (LastAsyncEl0PostInferEl2AsyncHwEl)
[2026-09-10 10:46:48.397] [35847] [HailoRT] [info] [edge_elements.cpp:187] [create] Created (LastAsyncEl3AsyncHwEl)
[2026-09-10 10:46:48.397] [35847] [HailoRT] [info] [edge_elements.cpp:187] [create] Created (LastAsyncEl0AsyncHwEl)
[2026-09-10 10:46:48.398] [35847] [HailoRT] [info] [edge_elements.cpp:187] [create] Created (LastAsyncEl8AsyncHwEl)
[2026-09-10 10:46:48.398] [35847] [HailoRT] [info] [edge_elements.cpp:187] [create] Created (LastAsyncEl6AsyncHwEl)
[2026-09-10 10:46:48.398] [35847] [HailoRT] [info] [queue_elements.cpp:450] [create] Created (PushQEl7AsyncHwEl | timeout: 10s)
[2026-09-10 10:46:48.398] [35847] [HailoRT] [info] [filter_elements.cpp:375] [create] Created (PostInferEl7AsyncHwEl | Reorder - src_order: FCR, src_shape: (80, 80, 56), dst_order: FCR, dst_shape: (80, 80, 51))
[2026-09-10 10:46:48.398] [35847] [HailoRT] [info] [edge_elements.cpp:187] [create] Created (LastAsyncEl0PostInferEl7AsyncHwEl)
[2026-09-10 10:46:48.398] [35847] [HailoRT] [info] [pipeline.cpp:891] [print_deep_description] EntryPushQEl0yolov8m_pose/input_layer1 | inputs: user | outputs: PreInferEl1yolov8m_pose/input_layer1(running in thread_id: 35875)
[2026-09-10 10:46:48.398] [35847] [HailoRT] [info] [pipeline.cpp:891] [print_deep_description] PreInferEl1yolov8m_pose/input_layer1 | inputs: EntryPushQEl0yolov8m_pose/input_layer1[0] | outputs: PushQEl1yolov8m_pose/input_layer1
[2026-09-10 10:46:48.398] [35847] [HailoRT] [info] [pipeline.cpp:891] [print_deep_description] PushQEl1yolov8m_pose/input_layer1 | inputs: PreInferEl1yolov8m_pose/input_layer1[0] | outputs: AsyncHwEl(running in thread_id: 35876)
[2026-09-10 10:46:48.398] [35847] [HailoRT] [info] [pipeline.cpp:891] [print_deep_description] AsyncHwEl | inputs: PushQEl1yolov8m_pose/input_layer1[0] | outputs: LastAsyncEl0AsyncHwEl LastAsyncEl1AsyncHwEl PushQEl2AsyncHwEl LastAsyncEl3AsyncHwEl LastAsyncEl4AsyncHwEl PushQEl5AsyncHwEl LastAsyncEl6AsyncHwEl PushQEl7AsyncHwEl LastAsyncEl8AsyncHwEl
[2026-09-10 10:46:48.398] [35847] [HailoRT] [info] [pipeline.cpp:891] [print_deep_description] LastAsyncEl0AsyncHwEl | inputs: AsyncHwEl[0] | outputs: user
[2026-09-10 10:46:48.398] [35847] [HailoRT] [info] [pipeline.cpp:891] [print_deep_description] LastAsyncEl1AsyncHwEl | inputs: AsyncHwEl[0] | outputs: user
[2026-09-10 10:46:48.399] [35847] [HailoRT] [info] [pipeline.cpp:891] [print_deep_description] PushQEl2AsyncHwEl | inputs: AsyncHwEl[0] | outputs: PostInferEl2AsyncHwEl(running in thread_id: 35878)
[2026-09-10 10:46:48.399] [35847] [HailoRT] [info] [pipeline.cpp:891] [print_deep_description] PostInferEl2AsyncHwEl | inputs: PushQEl2AsyncHwEl[0] | outputs: LastAsyncEl0PostInferEl2AsyncHwEl
[2026-09-10 10:46:48.399] [35847] [HailoRT] [info] [pipeline.cpp:891] [print_deep_description] LastAsyncEl0PostInferEl2AsyncHwEl | inputs: PostInferEl2AsyncHwEl[0] | outputs: user
[2026-09-10 10:46:48.399] [35847] [HailoRT] [info] [pipeline.cpp:891] [print_deep_description] LastAsyncEl3AsyncHwEl | inputs: AsyncHwEl[0] | outputs: user
[2026-09-10 10:46:48.399] [35847] [HailoRT] [info] [pipeline.cpp:891] [print_deep_description] LastAsyncEl4AsyncHwEl | inputs: AsyncHwEl[0] | outputs: user
[2026-09-10 10:46:48.399] [35847] [HailoRT] [info] [pipeline.cpp:891] [print_deep_description] PushQEl5AsyncHwEl | inputs: AsyncHwEl[0] | outputs: PostInferEl5AsyncHwEl(running in thread_id: 35877)
[2026-09-10 10:46:48.399] [35847] [HailoRT] [info] [pipeline.cpp:891] [print_deep_description] PostInferEl5AsyncHwEl | inputs: PushQEl5AsyncHwEl[0] | outputs: LastAsyncEl0PostInferEl5AsyncHwEl
[2026-09-10 10:46:48.399] [35847] [HailoRT] [info] [pipeline.cpp:891] [print_deep_description] LastAsyncEl0PostInferEl5AsyncHwEl | inputs: PostInferEl5AsyncHwEl[0] | outputs: user
[2026-09-10 10:46:48.399] [35847] [HailoRT] [info] [pipeline.cpp:891] [print_deep_description] LastAsyncEl6AsyncHwEl | inputs: AsyncHwEl[0] | outputs: user
[2026-09-10 10:46:48.399] [35847] [HailoRT] [info] [pipeline.cpp:891] [print_deep_description] PushQEl7AsyncHwEl | inputs: AsyncHwEl[0] | outputs: PostInferEl7AsyncHwEl(running in thread_id: 35879)
[2026-09-10 10:46:48.399] [35847] [HailoRT] [info] [pipeline.cpp:891] [print_deep_description] PostInferEl7AsyncHwEl | inputs: PushQEl7AsyncHwEl[0] | outputs: LastAsyncEl0PostInferEl7AsyncHwEl
[2026-09-10 10:46:48.399] [35847] [HailoRT] [info] [pipeline.cpp:891] [print_deep_description] LastAsyncEl0PostInferEl7AsyncHwEl | inputs: PostInferEl7AsyncHwEl[0] | outputs: user
[2026-09-10 10:46:48.399] [35847] [HailoRT] [info] [pipeline.cpp:891] [print_deep_description] LastAsyncEl8AsyncHwEl | inputs: AsyncHwEl[0] | outputs: user
[2026-09-10 10:46:48.834] [35856] [HailoRT] [info] [hef.cpp:1929] [get_network_group_and_network_name] No name was given. Addressing all networks of default network_group: yolov8m_pose
[2026-09-10 10:49:45.969] [43284] [HailoRT] [info] [device.cpp:49] [Device] OS Version: Linux 6.12.62+rpt-rpi-2712 #1 SMP PREEMPT Debian 1:6.12.62-1+rpt1~bookworm (2026-01-19) aarch64
[2026-09-10 10:49:45.970] [43284] [HailoRT] [info] [control.cpp:108] [control__parse_identify_results] firmware_version is: 4.20.0
[2026-09-10 10:49:45.971] [43284] [HailoRT] [info] [control.cpp:108] [control__parse_identify_results] firmware_version is: 4.20.0
[2026-09-10 10:49:45.994] [43292] [HailoRT] [info] [device.cpp:49] [Device] OS Version: Linux 6.12.62+rpt-rpi-2712 #1 SMP PREEMPT Debian 1:6.12.62-1+rpt1~bookworm (2026-01-19) aarch64
[2026-09-10 10:49:45.996] [43292] [HailoRT] [info] [control.cpp:108] [control__parse_identify_results] firmware_version is: 4.20.0
[2026-09-10 10:49:45.998] [43292] [HailoRT] [info] [control.cpp:108] [control__parse_identify_results] firmware_version is: 4.20.0
[2026-09-10 10:49:46.062] [43267] [HailoRT] [info] [vdevice.cpp:523] [create] Creating vdevice with params: device_count: 1, scheduling_algorithm: ROUND_ROBIN, multi_process_service: true
[2026-09-10 10:49:47.065] [43267] [HailoRT] [info] [device.cpp:49] [Device] OS Version: Linux 6.12.62+rpt-rpi-2712 #1 SMP PREEMPT Debian 1:6.12.62-1+rpt1~bookworm (2026-01-19) aarch64
[2026-09-10 10:49:47.067] [43267] [HailoRT] [info] [control.cpp:108] [control__parse_identify_results] firmware_version is: 4.20.0
[2026-09-10 10:49:47.168] [43267] [HailoRT] [info] [hef.cpp:1929] [get_network_group_and_network_name] No name was given. Addressing all networks of default network_group: yolov8m_pose
[2026-09-10 10:49:47.168] [43267] [HailoRT] [info] [hef.cpp:1929] [get_network_group_and_network_name] No name was given. Addressing all networks of default network_group: yolov8m_pose
[2026-09-10 10:49:47.387] [43314] [HailoRT] [info] [infer_model.cpp:436] [configure] Configuring network group 'yolov8m_pose' with params: batch size: 2, power mode: PERFORMANCE, latency: NONE
[2026-09-10 10:49:47.389] [43314] [HailoRT] [info] [multi_io_elements.cpp:756] [create] Created (AsyncHwEl)
[2026-09-10 10:49:47.389] [43314] [HailoRT] [info] [queue_elements.cpp:450] [create] Created (EntryPushQEl0yolov8m_pose/input_layer1 | timeout: 10s)
[2026-09-10 10:49:47.389] [43314] [HailoRT] [info] [filter_elements.cpp:101] [create] Created (PreInferEl1yolov8m_pose/input_layer1 | Reorder - src_order: RGB4, src_shape: (640, 640, 3), dst_order: NHWC, dst_shape: (640, 640, 3))
[2026-09-10 10:49:47.390] [43314] [HailoRT] [info] [queue_elements.cpp:450] [create] Created (PushQEl1yolov8m_pose/input_layer1 | timeout: 10s)
[2026-09-10 10:49:47.390] [43314] [HailoRT] [info] [edge_elements.cpp:187] [create] Created (LastAsyncEl4AsyncHwEl)
[2026-09-10 10:49:47.390] [43314] [HailoRT] [info] [queue_elements.cpp:450] [create] Created (PushQEl5AsyncHwEl | timeout: 10s)
[2026-09-10 10:49:47.390] [43314] [HailoRT] [info] [filter_elements.cpp:375] [create] Created (PostInferEl5AsyncHwEl | Reorder - src_order: FCR, src_shape: (40, 40, 56), dst_order: FCR, dst_shape: (40, 40, 51))
[2026-09-10 10:49:47.390] [43314] [HailoRT] [info] [edge_elements.cpp:187] [create] Created (LastAsyncEl0PostInferEl5AsyncHwEl)
[2026-09-10 10:49:47.391] [43314] [HailoRT] [info] [edge_elements.cpp:187] [create] Created (LastAsyncEl1AsyncHwEl)
[2026-09-10 10:49:47.391] [43314] [HailoRT] [info] [queue_elements.cpp:450] [create] Created (PushQEl2AsyncHwEl | timeout: 10s)
[2026-09-10 10:49:47.391] [43314] [HailoRT] [info] [filter_elements.cpp:375] [create] Created (PostInferEl2AsyncHwEl | Reorder - src_order: FCR, src_shape: (20, 20, 56), dst_order: FCR, dst_shape: (20, 20, 51))
[2026-09-10 10:49:47.391] [43314] [HailoRT] [info] [edge_elements.cpp:187] [create] Created (LastAsyncEl0PostInferEl2AsyncHwEl)
[2026-09-10 10:49:47.392] [43314] [HailoRT] [info] [edge_elements.cpp:187] [create] Created (LastAsyncEl3AsyncHwEl)
[2026-09-10 10:49:47.393] [43314] [HailoRT] [info] [edge_elements.cpp:187] [create] Created (LastAsyncEl0AsyncHwEl)
[2026-09-10 10:49:47.393] [43314] [HailoRT] [info] [edge_elements.cpp:187] [create] Created (LastAsyncEl8AsyncHwEl)
[2026-09-10 10:49:47.393] [43314] [HailoRT] [info] [edge_elements.cpp:187] [create] Created (LastAsyncEl6AsyncHwEl)
[2026-09-10 10:49:47.394] [43314] [HailoRT] [info] [queue_elements.cpp:450] [create] Created (PushQEl7AsyncHwEl | timeout: 10s)
[2026-09-10 10:49:47.394] [43314] [HailoRT] [info] [filter_elements.cpp:375] [create] Created (PostInferEl7AsyncHwEl | Reorder - src_order: FCR, src_shape: (80, 80, 56), dst_order: FCR, dst_shape: (80, 80, 51))
[2026-09-10 10:49:47.394] [43314] [HailoRT] [info] [edge_elements.cpp:187] [create] Created (LastAsyncEl0PostInferEl7AsyncHwEl)
[2026-09-10 10:49:47.394] [43314] [HailoRT] [info] [pipeline.cpp:891] [print_deep_description] EntryPushQEl0yolov8m_pose/input_layer1 | inputs: user | outputs: PreInferEl1yolov8m_pose/input_layer1(running in thread_id: 43363)
[2026-09-10 10:49:47.394] [43314] [HailoRT] [info] [pipeline.cpp:891] [print_deep_description] PreInferEl1yolov8m_pose/input_layer1 | inputs: EntryPushQEl0yolov8m_pose/input_layer1[0] | outputs: PushQEl1yolov8m_pose/input_layer1
[2026-09-10 10:49:47.394] [43314] [HailoRT] [info] [pipeline.cpp:891] [print_deep_description] PushQEl1yolov8m_pose/input_layer1 | inputs: PreInferEl1yolov8m_pose/input_layer1[0] | outputs: AsyncHwEl(running in thread_id: 43364)
[2026-09-10 10:49:47.394] [43314] [HailoRT] [info] [pipeline.cpp:891] [print_deep_description] AsyncHwEl | inputs: PushQEl1yolov8m_pose/input_layer1[0] | outputs: LastAsyncEl0AsyncHwEl LastAsyncEl1AsyncHwEl PushQEl2AsyncHwEl LastAsyncEl3AsyncHwEl LastAsyncEl4AsyncHwEl PushQEl5AsyncHwEl LastAsyncEl6AsyncHwEl PushQEl7AsyncHwEl LastAsyncEl8AsyncHwEl
[2026-09-10 10:49:47.394] [43314] [HailoRT] [info] [pipeline.cpp:891] [print_deep_description] LastAsyncEl0AsyncHwEl | inputs: AsyncHwEl[0] | outputs: user
[2026-09-10 10:49:47.394] [43314] [HailoRT] [info] [pipeline.cpp:891] [print_deep_description] LastAsyncEl1AsyncHwEl | inputs: AsyncHwEl[0] | outputs: user
[2026-09-10 10:49:47.394] [43314] [HailoRT] [info] [pipeline.cpp:891] [print_deep_description] PushQEl2AsyncHwEl | inputs: AsyncHwEl[0] | outputs: PostInferEl2AsyncHwEl(running in thread_id: 43366)
[2026-09-10 10:49:47.394] [43314] [HailoRT] [info] [pipeline.cpp:891] [print_deep_description] PostInferEl2AsyncHwEl | inputs: PushQEl2AsyncHwEl[0] | outputs: LastAsyncEl0PostInferEl2AsyncHwEl
[2026-09-10 10:49:47.394] [43314] [HailoRT] [info] [pipeline.cpp:891] [print_deep_description] LastAsyncEl0PostInferEl2AsyncHwEl | inputs: PostInferEl2AsyncHwEl[0] | outputs: user
[2026-09-10 10:49:47.394] [43314] [HailoRT] [info] [pipeline.cpp:891] [print_deep_description] LastAsyncEl3AsyncHwEl | inputs: AsyncHwEl[0] | outputs: user
[2026-09-10 10:49:47.394] [43314] [HailoRT] [info] [pipeline.cpp:891] [print_deep_description] LastAsyncEl4AsyncHwEl | inputs: AsyncHwEl[0] | outputs: user
[2026-09-10 10:49:47.394] [43314] [HailoRT] [info] [pipeline.cpp:891] [print_deep_description] PushQEl5AsyncHwEl | inputs: AsyncHwEl[0] | outputs: PostInferEl5AsyncHwEl(running in thread_id: 43365)
[2026-09-10 10:49:47.394] [43314] [HailoRT] [info] [pipeline.cpp:891] [print_deep_description] PostInferEl5AsyncHwEl | inputs: PushQEl5AsyncHwEl[0] | outputs: LastAsyncEl0PostInferEl5AsyncHwEl
[2026-09-10 10:49:47.394] [43314] [HailoRT] [info] [pipeline.cpp:891] [print_deep_description] LastAsyncEl0PostInferEl5AsyncHwEl | inputs: PostInferEl5AsyncHwEl[0] | outputs: user
[2026-09-10 10:49:47.394] [43314] [HailoRT] [info] [pipeline.cpp:891] [print_deep_description] LastAsyncEl6AsyncHwEl | inputs: AsyncHwEl[0] | outputs: user
[2026-09-10 10:49:47.394] [43314] [HailoRT] [info] [pipeline.cpp:891] [print_deep_description] PushQEl7AsyncHwEl | inputs: AsyncHwEl[0] | outputs: PostInferEl7AsyncHwEl(running in thread_id: 43367)
[2026-09-10 10:49:47.394] [43314] [HailoRT] [info] [pipeline.cpp:891] [print_deep_description] PostInferEl7AsyncHwEl | inputs: PushQEl7AsyncHwEl[0] | outputs: LastAsyncEl0PostInferEl7AsyncHwEl
[2026-09-10 10:49:47.394] [43314] [HailoRT] [info] [pipeline.cpp:891] [print_deep_description] LastAsyncEl0PostInferEl7AsyncHwEl | inputs: PostInferEl7AsyncHwEl[0] | outputs: user
[2026-09-10 10:49:47.394] [43314] [HailoRT] [info] [pipeline.cpp:891] [print_deep_description] LastAsyncEl8AsyncHwEl | inputs: AsyncHwEl[0] | outputs: user
[2026-09-10 10:49:47.630] [43324] [HailoRT] [info] [hef.cpp:1929] [get_network_group_and_network_name] No name was given. Addressing all networks of default network_group: yolov8m_pose
[2026-09-10 10:49:57.936] [43363] [HailoRT] [warning] [pipeline.cpp:441] [acquire_buffer] Failed to acquire buffer because the buffer pool is empty. This could be caused by uneven reading and writing speeds, with a short user-defined timeout. (timeout=10000ms)
[2026-09-10 10:49:57.936] [43363] [HailoRT] [error] [pipeline.cpp:472] [get_available_buffer] CHECK_SUCCESS failed with status=HAILO_TIMEOUT(4) - Failed to acquire buffer with status=HAILO_TIMEOUT(4)
[2026-09-10 10:49:57.936] [43363] [HailoRT] [error] [filter_elements.cpp:168] [action] CHECK failed - PreInferEl1yolov8m_pose/input_layer1 (H2D) failed with status=HAILO_TIMEOUT(4) (timeout=10000ms)
[2026-09-10 10:49:58.251] [43324] [HailoRT] [error] [infer_model.cpp:818] [wait_for_async_ready] CHECK failed - Got timeout in `wait_for_async_ready` (10000ms) - the edge 'yolov8m_pose/conv61' could not receive 1 transfer-requests
[2026-09-10 10:50:07.937] [43363] [HailoRT] [warning] [pipeline.cpp:441] [acquire_buffer] Failed to acquire buffer because the buffer pool is empty. This could be caused by uneven reading and writing speeds, with a short user-defined timeout. (timeout=10000ms)
[2026-09-10 10:50:07.937] [43363] [HailoRT] [error] [pipeline.cpp:472] [get_available_buffer] CHECK_SUCCESS failed with status=HAILO_TIMEOUT(4) - Failed to acquire buffer with status=HAILO_TIMEOUT(4)
[2026-09-10 10:50:07.937] [43363] [HailoRT] [error] [filter_elements.cpp:168] [action] CHECK failed - PreInferEl1yolov8m_pose/input_layer1 (H2D) failed with status=HAILO_TIMEOUT(4) (timeout=10000ms)
[2026-09-10 10:50:07.944] [43364] [HailoRT] [warning] [pipeline.cpp:441] [acquire_buffer] Failed to acquire buffer because the buffer pool is empty. This could be caused by uneven reading and writing speeds, with a short user-defined timeout. (timeout=10000ms)
[2026-09-10 10:50:17.938] [43363] [HailoRT] [warning] [pipeline.cpp:441] [acquire_buffer] Failed to acquire buffer because the buffer pool is empty. This could be caused by uneven reading and writing speeds, with a short user-defined timeout. (timeout=10000ms)
[2026-09-10 10:50:17.938] [43363] [HailoRT] [error] [pipeline.cpp:472] [get_available_buffer] CHECK_SUCCESS failed with status=HAILO_TIMEOUT(4) - Failed to acquire buffer with status=HAILO_TIMEOUT(4)
[2026-09-10 10:50:17.938] [43363] [HailoRT] [error] [filter_elements.cpp:168] [action] CHECK failed - PreInferEl1yolov8m_pose/input_layer1 (H2D) failed with status=HAILO_TIMEOUT(4) (timeout=10000ms)
[2026-09-10 10:50:17.952] [43364] [HailoRT] [warning] [pipeline.cpp:441] [acquire_buffer] Failed to acquire buffer because the buffer pool is empty. This could be caused by uneven reading and writing speeds, with a short user-defined timeout. (timeout=10000ms)
[2026-09-10 10:50:27.944] [43363] [HailoRT] [warning] [pipeline.cpp:441] [acquire_buffer] Failed to acquire buffer because the buffer pool is empty. This could be caused by uneven reading and writing speeds, with a short user-defined timeout. (timeout=10000ms)
[2026-09-10 10:50:27.945] [43363] [HailoRT] [error] [pipeline.cpp:472] [get_available_buffer] CHECK_SUCCESS failed with status=HAILO_TIMEOUT(4) - Failed to acquire buffer with status=HAILO_TIMEOUT(4)
[2026-09-10 10:50:27.945] [43363] [HailoRT] [error] [filter_elements.cpp:168] [action] CHECK failed - PreInferEl1yolov8m_pose/input_layer1 (H2D) failed with status=HAILO_TIMEOUT(4) (timeout=10000ms)
[2026-09-10 10:50:27.962] [43364] [HailoRT] [warning] [pipeline.cpp:441] [acquire_buffer] Failed to acquire buffer because the buffer pool is empty. This could be caused by uneven reading and writing speeds, with a short user-defined timeout. (timeout=10000ms)
[2026-09-10 10:50:44.565] [44328] [HailoRT] [info] [device.cpp:49] [Device] OS Version: Linux 6.12.62+rpt-rpi-2712 #1 SMP PREEMPT Debian 1:6.12.62-1+rpt1~bookworm (2026-01-19) aarch64
[2026-09-10 10:50:44.566] [44328] [HailoRT] [info] [control.cpp:108] [control__parse_identify_results] firmware_version is: 4.20.0
[2026-09-10 10:50:44.567] [44328] [HailoRT] [info] [control.cpp:108] [control__parse_identify_results] firmware_version is: 4.20.0
[2026-09-10 10:50:44.612] [44336] [HailoRT] [info] [device.cpp:49] [Device] OS Version: Linux 6.12.62+rpt-rpi-2712 #1 SMP PREEMPT Debian 1:6.12.62-1+rpt1~bookworm (2026-01-19) aarch64
[2026-09-10 10:50:44.614] [44336] [HailoRT] [info] [control.cpp:108] [control__parse_identify_results] firmware_version is: 4.20.0
[2026-09-10 10:50:44.616] [44336] [HailoRT] [info] [control.cpp:108] [control__parse_identify_results] firmware_version is: 4.20.0
[2026-09-10 10:50:44.710] [44320] [HailoRT] [info] [vdevice.cpp:523] [create] Creating vdevice with params: device_count: 1, scheduling_algorithm: ROUND_ROBIN, multi_process_service: true
[2026-09-10 10:50:45.727] [44320] [HailoRT] [info] [device.cpp:49] [Device] OS Version: Linux 6.12.62+rpt-rpi-2712 #1 SMP PREEMPT Debian 1:6.12.62-1+rpt1~bookworm (2026-01-19) aarch64
[2026-09-10 10:50:45.728] [44320] [HailoRT] [info] [control.cpp:108] [control__parse_identify_results] firmware_version is: 4.20.0
[2026-09-10 10:50:45.845] [44320] [HailoRT] [info] [hef.cpp:1929] [get_network_group_and_network_name] No name was given. Addressing all networks of default network_group: yolov8m_pose
[2026-09-10 10:50:45.845] [44320] [HailoRT] [info] [hef.cpp:1929] [get_network_group_and_network_name] No name was given. Addressing all networks of default network_group: yolov8m_pose
[2026-09-10 10:50:46.093] [44397] [HailoRT] [info] [infer_model.cpp:436] [configure] Configuring network group 'yolov8m_pose' with params: batch size: 2, power mode: PERFORMANCE, latency: NONE
[2026-09-10 10:50:46.095] [44397] [HailoRT] [info] [multi_io_elements.cpp:756] [create] Created (AsyncHwEl)
[2026-09-10 10:50:46.096] [44397] [HailoRT] [info] [queue_elements.cpp:450] [create] Created (EntryPushQEl0yolov8m_pose/input_layer1 | timeout: 10s)
[2026-09-10 10:50:46.096] [44397] [HailoRT] [info] [filter_elements.cpp:101] [create] Created (PreInferEl1yolov8m_pose/input_layer1 | Reorder - src_order: RGB4, src_shape: (640, 640, 3), dst_order: NHWC, dst_shape: (640, 640, 3))
[2026-09-10 10:50:46.096] [44397] [HailoRT] [info] [queue_elements.cpp:450] [create] Created (PushQEl1yolov8m_pose/input_layer1 | timeout: 10s)
[2026-09-10 10:50:46.098] [44397] [HailoRT] [info] [edge_elements.cpp:187] [create] Created (LastAsyncEl4AsyncHwEl)
[2026-09-10 10:50:46.099] [44397] [HailoRT] [info] [queue_elements.cpp:450] [create] Created (PushQEl5AsyncHwEl | timeout: 10s)
[2026-09-10 10:50:46.099] [44397] [HailoRT] [info] [filter_elements.cpp:375] [create] Created (PostInferEl5AsyncHwEl | Reorder - src_order: FCR, src_shape: (40, 40, 56), dst_order: FCR, dst_shape: (40, 40, 51))
[2026-09-10 10:50:46.099] [44397] [HailoRT] [info] [edge_elements.cpp:187] [create] Created (LastAsyncEl0PostInferEl5AsyncHwEl)
[2026-09-10 10:50:46.099] [44397] [HailoRT] [info] [edge_elements.cpp:187] [create] Created (LastAsyncEl1AsyncHwEl)
[2026-09-10 10:50:46.100] [44397] [HailoRT] [info] [queue_elements.cpp:450] [create] Created (PushQEl2AsyncHwEl | timeout: 10s)
[2026-09-10 10:50:46.100] [44397] [HailoRT] [info] [filter_elements.cpp:375] [create] Created (PostInferEl2AsyncHwEl | Reorder - src_order: FCR, src_shape: (20, 20, 56), dst_order: FCR, dst_shape: (20, 20, 51))
[2026-09-10 10:50:46.100] [44397] [HailoRT] [info] [edge_elements.cpp:187] [create] Created (LastAsyncEl0PostInferEl2AsyncHwEl)
[2026-09-10 10:50:46.100] [44397] [HailoRT] [info] [edge_elements.cpp:187] [create] Created (LastAsyncEl3AsyncHwEl)
[2026-09-10 10:50:46.100] [44397] [HailoRT] [info] [edge_elements.cpp:187] [create] Created (LastAsyncEl0AsyncHwEl)
[2026-09-10 10:50:46.101] [44397] [HailoRT] [info] [edge_elements.cpp:187] [create] Created (LastAsyncEl8AsyncHwEl)
[2026-09-10 10:50:46.101] [44397] [HailoRT] [info] [edge_elements.cpp:187] [create] Created (LastAsyncEl6AsyncHwEl)
[2026-09-10 10:50:46.102] [44397] [HailoRT] [info] [queue_elements.cpp:450] [create] Created (PushQEl7AsyncHwEl | timeout: 10s)
[2026-09-10 10:50:46.102] [44397] [HailoRT] [info] [filter_elements.cpp:375] [create] Created (PostInferEl7AsyncHwEl | Reorder - src_order: FCR, src_shape: (80, 80, 56), dst_order: FCR, dst_shape: (80, 80, 51))
[2026-09-10 10:50:46.102] [44397] [HailoRT] [info] [edge_elements.cpp:187] [create] Created (LastAsyncEl0PostInferEl7AsyncHwEl)
[2026-09-10 10:50:46.102] [44397] [HailoRT] [info] [pipeline.cpp:891] [print_deep_description] EntryPushQEl0yolov8m_pose/input_layer1 | inputs: user | outputs: PreInferEl1yolov8m_pose/input_layer1(running in thread_id: 44424)
[2026-09-10 10:50:46.102] [44397] [HailoRT] [info] [pipeline.cpp:891] [print_deep_description] PreInferEl1yolov8m_pose/input_layer1 | inputs: EntryPushQEl0yolov8m_pose/input_layer1[0] | outputs: PushQEl1yolov8m_pose/input_layer1
[2026-09-10 10:50:46.102] [44397] [HailoRT] [info] [pipeline.cpp:891] [print_deep_description] PushQEl1yolov8m_pose/input_layer1 | inputs: PreInferEl1yolov8m_pose/input_layer1[0] | outputs: AsyncHwEl(running in thread_id: 44425)
[2026-09-10 10:50:46.102] [44397] [HailoRT] [info] [pipeline.cpp:891] [print_deep_description] AsyncHwEl | inputs: PushQEl1yolov8m_pose/input_layer1[0] | outputs: LastAsyncEl0AsyncHwEl LastAsyncEl1AsyncHwEl PushQEl2AsyncHwEl LastAsyncEl3AsyncHwEl LastAsyncEl4AsyncHwEl PushQEl5AsyncHwEl LastAsyncEl6AsyncHwEl PushQEl7AsyncHwEl LastAsyncEl8AsyncHwEl
[2026-09-10 10:50:46.102] [44397] [HailoRT] [info] [pipeline.cpp:891] [print_deep_description] LastAsyncEl0AsyncHwEl | inputs: AsyncHwEl[0] | outputs: user
[2026-09-10 10:50:46.102] [44397] [HailoRT] [info] [pipeline.cpp:891] [print_deep_description] LastAsyncEl1AsyncHwEl | inputs: AsyncHwEl[0] | outputs: user
[2026-09-10 10:50:46.102] [44397] [HailoRT] [info] [pipeline.cpp:891] [print_deep_description] PushQEl2AsyncHwEl | inputs: AsyncHwEl[0] | outputs: PostInferEl2AsyncHwEl(running in thread_id: 44427)
[2026-09-10 10:50:46.102] [44397] [HailoRT] [info] [pipeline.cpp:891] [print_deep_description] PostInferEl2AsyncHwEl | inputs: PushQEl2AsyncHwEl[0] | outputs: LastAsyncEl0PostInferEl2AsyncHwEl
[2026-09-10 10:50:46.102] [44397] [HailoRT] [info] [pipeline.cpp:891] [print_deep_description] LastAsyncEl0PostInferEl2AsyncHwEl | inputs: PostInferEl2AsyncHwEl[0] | outputs: user
[2026-09-10 10:50:46.102] [44397] [HailoRT] [info] [pipeline.cpp:891] [print_deep_description] LastAsyncEl3AsyncHwEl | inputs: AsyncHwEl[0] | outputs: user
[2026-09-10 10:50:46.102] [44397] [HailoRT] [info] [pipeline.cpp:891] [print_deep_description] LastAsyncEl4AsyncHwEl | inputs: AsyncHwEl[0] | outputs: user
[2026-09-10 10:50:46.102] [44397] [HailoRT] [info] [pipeline.cpp:891] [print_deep_description] PushQEl5AsyncHwEl | inputs: AsyncHwEl[0] | outputs: PostInferEl5AsyncHwEl(running in thread_id: 44426)
[2026-09-10 10:50:46.102] [44397] [HailoRT] [info] [pipeline.cpp:891] [print_deep_description] PostInferEl5AsyncHwEl | inputs: PushQEl5AsyncHwEl[0] | outputs: LastAsyncEl0PostInferEl5AsyncHwEl
[2026-09-10 10:50:46.102] [44397] [HailoRT] [info] [pipeline.cpp:891] [print_deep_description] LastAsyncEl0PostInferEl5AsyncHwEl | inputs: PostInferEl5AsyncHwEl[0] | outputs: user
[2026-09-10 10:50:46.102] [44397] [HailoRT] [info] [pipeline.cpp:891] [print_deep_description] LastAsyncEl6AsyncHwEl | inputs: AsyncHwEl[0] | outputs: user
[2026-09-10 10:50:46.102] [44397] [HailoRT] [info] [pipeline.cpp:891] [print_deep_description] PushQEl7AsyncHwEl | inputs: AsyncHwEl[0] | outputs: PostInferEl7AsyncHwEl(running in thread_id: 44428)
[2026-09-10 10:50:46.102] [44397] [HailoRT] [info] [pipeline.cpp:891] [print_deep_description] PostInferEl7AsyncHwEl | inputs: PushQEl7AsyncHwEl[0] | outputs: LastAsyncEl0PostInferEl7AsyncHwEl
[2026-09-10 10:50:46.102] [44397] [HailoRT] [info] [pipeline.cpp:891] [print_deep_description] LastAsyncEl0PostInferEl7AsyncHwEl | inputs: PostInferEl7AsyncHwEl[0] | outputs: user
[2026-09-10 10:50:46.102] [44397] [HailoRT] [info] [pipeline.cpp:891] [print_deep_description] LastAsyncEl8AsyncHwEl | inputs: AsyncHwEl[0] | outputs: user
[2026-09-10 10:50:46.320] [44407] [HailoRT] [info] [hef.cpp:1929] [get_network_group_and_network_name] No name was given. Addressing all networks of default network_group: yolov8m_pose
[2026-09-10 11:06:05.249] [82334] [HailoRT] [info] [device.cpp:49] [Device] OS Version: Linux 6.12.62+rpt-rpi-2712 #1 SMP PREEMPT Debian 1:6.12.62-1+rpt1~bookworm (2026-01-19) aarch64
[2026-09-10 11:06:05.254] [82334] [HailoRT] [info] [control.cpp:108] [control__parse_identify_results] firmware_version is: 4.20.0
[2026-09-10 11:06:05.261] [82334] [HailoRT] [info] [control.cpp:108] [control__parse_identify_results] firmware_version is: 4.20.0
[2026-09-10 11:06:05.349] [82342] [HailoRT] [info] [device.cpp:49] [Device] OS Version: Linux 6.12.62+rpt-rpi-2712 #1 SMP PREEMPT Debian 1:6.12.62-1+rpt1~bookworm (2026-01-19) aarch64
[2026-09-10 11:06:05.356] [82342] [HailoRT] [info] [control.cpp:108] [control__parse_identify_results] firmware_version is: 4.20.0
[2026-09-10 11:06:05.369] [82342] [HailoRT] [info] [control.cpp:108] [control__parse_identify_results] firmware_version is: 4.20.0
[2026-09-10 11:06:05.586] [82285] [HailoRT] [info] [vdevice.cpp:523] [create] Creating vdevice with params: device_count: 1, scheduling_algorithm: ROUND_ROBIN, multi_process_service: true
[2026-09-10 11:06:06.611] [82285] [HailoRT] [info] [device.cpp:49] [Device] OS Version: Linux 6.12.62+rpt-rpi-2712 #1 SMP PREEMPT Debian 1:6.12.62-1+rpt1~bookworm (2026-01-19) aarch64
[2026-09-10 11:06:06.624] [82285] [HailoRT] [info] [control.cpp:108] [control__parse_identify_results] firmware_version is: 4.20.0
[2026-09-10 11:06:06.772] [82285] [HailoRT] [info] [hef.cpp:1929] [get_network_group_and_network_name] No name was given. Addressing all networks of default network_group: yolov8m_pose
[2026-09-10 11:06:06.772] [82285] [HailoRT] [info] [hef.cpp:1929] [get_network_group_and_network_name] No name was given. Addressing all networks of default network_group: yolov8m_pose
[2026-09-10 11:06:07.224] [82856] [HailoRT] [info] [infer_model.cpp:436] [configure] Configuring network group 'yolov8m_pose' with params: batch size: 2, power mode: PERFORMANCE, latency: NONE
[2026-09-10 11:06:07.245] [82856] [HailoRT] [info] [multi_io_elements.cpp:756] [create] Created (AsyncHwEl)
[2026-09-10 11:06:07.247] [82856] [HailoRT] [info] [queue_elements.cpp:450] [create] Created (EntryPushQEl0yolov8m_pose/input_layer1 | timeout: 10s)
[2026-09-10 11:06:07.247] [82856] [HailoRT] [info] [filter_elements.cpp:101] [create] Created (PreInferEl1yolov8m_pose/input_layer1 | Reorder - src_order: RGB4, src_shape: (640, 640, 3), dst_order: NHWC, dst_shape: (640, 640, 3))
[2026-09-10 11:06:07.247] [82856] [HailoRT] [info] [queue_elements.cpp:450] [create] Created (PushQEl1yolov8m_pose/input_layer1 | timeout: 10s)
[2026-09-10 11:06:07.252] [82856] [HailoRT] [info] [edge_elements.cpp:187] [create] Created (LastAsyncEl4AsyncHwEl)
[2026-09-10 11:06:07.263] [82856] [HailoRT] [info] [queue_elements.cpp:450] [create] Created (PushQEl5AsyncHwEl | timeout: 10s)
[2026-09-10 11:06:07.263] [82856] [HailoRT] [info] [filter_elements.cpp:375] [create] Created (PostInferEl5AsyncHwEl | Reorder - src_order: FCR, src_shape: (40, 40, 56), dst_order: FCR, dst_shape: (40, 40, 51))
[2026-09-10 11:06:07.263] [82856] [HailoRT] [info] [edge_elements.cpp:187] [create] Created (LastAsyncEl0PostInferEl5AsyncHwEl)
[2026-09-10 11:06:07.264] [82856] [HailoRT] [info] [edge_elements.cpp:187] [create] Created (LastAsyncEl1AsyncHwEl)
[2026-09-10 11:06:07.265] [82856] [HailoRT] [info] [queue_elements.cpp:450] [create] Created (PushQEl2AsyncHwEl | timeout: 10s)
[2026-09-10 11:06:07.266] [82856] [HailoRT] [info] [filter_elements.cpp:375] [create] Created (PostInferEl2AsyncHwEl | Reorder - src_order: FCR, src_shape: (20, 20, 56), dst_order: FCR, dst_shape: (20, 20, 51))
[2026-09-10 11:06:07.266] [82856] [HailoRT] [info] [edge_elements.cpp:187] [create] Created (LastAsyncEl0PostInferEl2AsyncHwEl)
[2026-09-10 11:06:07.269] [82856] [HailoRT] [info] [edge_elements.cpp:187] [create] Created (LastAsyncEl3AsyncHwEl)
[2026-09-10 11:06:07.273] [82856] [HailoRT] [info] [edge_elements.cpp:187] [create] Created (LastAsyncEl0AsyncHwEl)
[2026-09-10 11:06:07.275] [82856] [HailoRT] [info] [edge_elements.cpp:187] [create] Created (LastAsyncEl8AsyncHwEl)
[2026-09-10 11:06:07.277] [82856] [HailoRT] [info] [edge_elements.cpp:187] [create] Created (LastAsyncEl6AsyncHwEl)
[2026-09-10 11:06:07.282] [82856] [HailoRT] [info] [queue_elements.cpp:450] [create] Created (PushQEl7AsyncHwEl | timeout: 10s)
[2026-09-10 11:06:07.282] [82856] [HailoRT] [info] [filter_elements.cpp:375] [create] Created (PostInferEl7AsyncHwEl | Reorder - src_order: FCR, src_shape: (80, 80, 56), dst_order: FCR, dst_shape: (80, 80, 51))
[2026-09-10 11:06:07.282] [82856] [HailoRT] [info] [edge_elements.cpp:187] [create] Created (LastAsyncEl0PostInferEl7AsyncHwEl)
[2026-09-10 11:06:07.282] [82856] [HailoRT] [info] [pipeline.cpp:891] [print_deep_description] EntryPushQEl0yolov8m_pose/input_layer1 | inputs: user | outputs: PreInferEl1yolov8m_pose/input_layer1(running in thread_id: 83116)
[2026-09-10 11:06:07.282] [82856] [HailoRT] [info] [pipeline.cpp:891] [print_deep_description] PreInferEl1yolov8m_pose/input_layer1 | inputs: EntryPushQEl0yolov8m_pose/input_layer1[0] | outputs: PushQEl1yolov8m_pose/input_layer1
[2026-09-10 11:06:07.282] [82856] [HailoRT] [info] [pipeline.cpp:891] [print_deep_description] PushQEl1yolov8m_pose/input_layer1 | inputs: PreInferEl1yolov8m_pose/input_layer1[0] | outputs: AsyncHwEl(running in thread_id: 83117)
[2026-09-10 11:06:07.282] [82856] [HailoRT] [info] [pipeline.cpp:891] [print_deep_description] AsyncHwEl | inputs: PushQEl1yolov8m_pose/input_layer1[0] | outputs: LastAsyncEl0AsyncHwEl LastAsyncEl1AsyncHwEl PushQEl2AsyncHwEl LastAsyncEl3AsyncHwEl LastAsyncEl4AsyncHwEl PushQEl5AsyncHwEl LastAsyncEl6AsyncHwEl PushQEl7AsyncHwEl LastAsyncEl8AsyncHwEl
[2026-09-10 11:06:07.282] [82856] [HailoRT] [info] [pipeline.cpp:891] [print_deep_description] LastAsyncEl0AsyncHwEl | inputs: AsyncHwEl[0] | outputs: user
[2026-09-10 11:06:07.282] [82856] [HailoRT] [info] [pipeline.cpp:891] [print_deep_description] LastAsyncEl1AsyncHwEl | inputs: AsyncHwEl[0] | outputs: user
[2026-09-10 11:06:07.282] [82856] [HailoRT] [info] [pipeline.cpp:891] [print_deep_description] PushQEl2AsyncHwEl | inputs: AsyncHwEl[0] | outputs: PostInferEl2AsyncHwEl(running in thread_id: 83119)
[2026-09-10 11:06:07.282] [82856] [HailoRT] [info] [pipeline.cpp:891] [print_deep_description] PostInferEl2AsyncHwEl | inputs: PushQEl2AsyncHwEl[0] | outputs: LastAsyncEl0PostInferEl2AsyncHwEl
[2026-09-10 11:06:07.282] [82856] [HailoRT] [info] [pipeline.cpp:891] [print_deep_description] LastAsyncEl0PostInferEl2AsyncHwEl | inputs: PostInferEl2AsyncHwEl[0] | outputs: user
[2026-09-10 11:06:07.282] [82856] [HailoRT] [info] [pipeline.cpp:891] [print_deep_description] LastAsyncEl3AsyncHwEl | inputs: AsyncHwEl[0] | outputs: user
[2026-09-10 11:06:07.282] [82856] [HailoRT] [info] [pipeline.cpp:891] [print_deep_description] LastAsyncEl4AsyncHwEl | inputs: AsyncHwEl[0] | outputs: user
[2026-09-10 11:06:07.282] [82856] [HailoRT] [info] [pipeline.cpp:891] [print_deep_description] PushQEl5AsyncHwEl | inputs: AsyncHwEl[0] | outputs: PostInferEl5AsyncHwEl(running in thread_id: 83118)
[2026-09-10 11:06:07.282] [82856] [HailoRT] [info] [pipeline.cpp:891] [print_deep_description] PostInferEl5AsyncHwEl | inputs: PushQEl5AsyncHwEl[0] | outputs: LastAsyncEl0PostInferEl5AsyncHwEl
[2026-09-10 11:06:07.282] [82856] [HailoRT] [info] [pipeline.cpp:891] [print_deep_description] LastAsyncEl0PostInferEl5AsyncHwEl | inputs: PostInferEl5AsyncHwEl[0] | outputs: user
[2026-09-10 11:06:07.282] [82856] [HailoRT] [info] [pipeline.cpp:891] [print_deep_description] LastAsyncEl6AsyncHwEl | inputs: AsyncHwEl[0] | outputs: user
[2026-09-10 11:06:07.282] [82856] [HailoRT] [info] [pipeline.cpp:891] [print_deep_description] PushQEl7AsyncHwEl | inputs: AsyncHwEl[0] | outputs: PostInferEl7AsyncHwEl(running in thread_id: 83125)
[2026-09-10 11:06:07.282] [82856] [HailoRT] [info] [pipeline.cpp:891] [print_deep_description] PostInferEl7AsyncHwEl | inputs: PushQEl7AsyncHwEl[0] | outputs: LastAsyncEl0PostInferEl7AsyncHwEl
[2026-09-10 11:06:07.282] [82856] [HailoRT] [info] [pipeline.cpp:891] [print_deep_description] LastAsyncEl0PostInferEl7AsyncHwEl | inputs: PostInferEl7AsyncHwEl[0] | outputs: user
[2026-09-10 11:06:07.282] [82856] [HailoRT] [info] [pipeline.cpp:891] [print_deep_description] LastAsyncEl8AsyncHwEl | inputs: AsyncHwEl[0] | outputs: user
[2026-09-10 11:06:07.935] [82872] [HailoRT] [info] [hef.cpp:1929] [get_network_group_and_network_name] No name was given. Addressing all networks of default network_group: yolov8m_pose
[2026-09-10 11:06:17.109] [82285] [HailoRT] [info] [async_infer_runner.cpp:86] [shutdown] Pipeline was aborted. Shutting it down
[2026-09-10 11:06:17.109] [83118] [HailoRT] [info] [queue_elements.cpp:497] [operator()] Thread in element PushQEl5AsyncHwEl is not running anymore, exiting..
[2026-09-10 11:06:17.109] [83117] [HailoRT] [info] [queue_elements.cpp:497] [operator()] Thread in element PushQEl1yolov8m_pose/input_layer1 is not running anymore, exiting..
[2026-09-10 11:06:17.112] [83116] [HailoRT] [info] [queue_elements.cpp:497] [operator()] Thread in element EntryPushQEl0yolov8m_pose/input_layer1 is not running anymore, exiting..
[2026-09-10 11:06:17.143] [83110] [HailoRT] [info] [network_group_client.cpp:661] [operator()] Infer request was aborted by user
[2026-09-10 11:06:17.145] [83110] [HailoRT] [info] [network_group_client.cpp:661] [operator()] Infer request was aborted by user
[2026-09-10 11:06:17.154] [83110] [HailoRT] [info] [network_group_client.cpp:661] [operator()] Infer request was aborted by user
[2026-09-10 11:06:17.165] [83110] [HailoRT] [info] [network_group_client.cpp:661] [operator()] Infer request was aborted by user
[2026-09-10 11:06:17.176] [83110] [HailoRT] [info] [network_group_client.cpp:661] [operator()] Infer request was aborted by user
[2026-09-10 11:06:17.187] [83110] [HailoRT] [info] [network_group_client.cpp:661] [operator()] Infer request was aborted by user
[2026-09-10 11:06:17.199] [83110] [HailoRT] [info] [network_group_client.cpp:661] [operator()] Infer request was aborted by user
[2026-09-10 11:06:17.211] [82285] [HailoRT] [info] [queue_elements.cpp:570] [execute_deactivate] enqueue() in element PushQEl2AsyncHwEl was aborted, got status = HAILO_SHUTDOWN_EVENT_SIGNALED(57)
[2026-09-10 11:06:17.211] [82285] [HailoRT] [info] [queue_elements.cpp:570] [execute_deactivate] enqueue() in element PushQEl5AsyncHwEl was aborted, got status = HAILO_SHUTDOWN_EVENT_SIGNALED(57)
[2026-09-10 11:06:17.211] [82285] [HailoRT] [info] [queue_elements.cpp:570] [execute_deactivate] enqueue() in element PushQEl7AsyncHwEl was aborted, got status = HAILO_SHUTDOWN_EVENT_SIGNALED(57)
[2026-09-10 11:06:17.211] [82285] [HailoRT] [info] [queue_elements.cpp:570] [execute_deactivate] enqueue() in element PushQEl1yolov8m_pose/input_layer1 was aborted, got status = HAILO_SHUTDOWN_EVENT_SIGNALED(57)
[2026-09-10 11:06:17.211] [82285] [HailoRT] [info] [queue_elements.cpp:570] [execute_deactivate] enqueue() in element EntryPushQEl0yolov8m_pose/input_layer1 was aborted, got status = HAILO_SHUTDOWN_EVENT_SIGNALED(57)
[2026-09-10 11:06:17.211] [82285] [HailoRT] [info] [queue_elements.cpp:46] [~BaseQueueElement] Queue element EntryPushQEl0yolov8m_pose/input_layer1 has 0 frames in his Queue on destruction
[2026-09-10 11:06:17.212] [82285] [HailoRT] [info] [queue_elements.cpp:46] [~BaseQueueElement] Queue element PushQEl1yolov8m_pose/input_layer1 has 0 frames in his Queue on destruction
[2026-09-10 11:06:17.217] [82285] [HailoRT] [info] [queue_elements.cpp:46] [~BaseQueueElement] Queue element PushQEl5AsyncHwEl has 0 frames in his Queue on destruction
[2026-09-10 11:06:17.221] [82285] [HailoRT] [info] [queue_elements.cpp:46] [~BaseQueueElement] Queue element PushQEl2AsyncHwEl has 0 frames in his Queue on destruction
[2026-09-10 11:06:17.221] [82285] [HailoRT] [info] [queue_elements.cpp:46] [~BaseQueueElement] Queue element PushQEl7AsyncHwEl has 0 frames in his Queue on destruction
[2026-09-10 11:06:17.475] [83110] [HailoRT] [info] [vdevice.cpp:424] [listener_run_in_thread] Shutdown event was signaled in listener_run_in_thread
[2026-09-10 11:08:25.785] [86564] [HailoRT] [info] [device.cpp:49] [Device] OS Version: Linux 6.12.62+rpt-rpi-2712 #1 SMP PREEMPT Debian 1:6.12.62-1+rpt1~bookworm (2026-01-19) aarch64
[2026-09-10 11:08:25.789] [86564] [HailoRT] [info] [control.cpp:108] [control__parse_identify_results] firmware_version is: 4.20.0
[2026-09-10 11:08:25.792] [86564] [HailoRT] [info] [control.cpp:108] [control__parse_identify_results] firmware_version is: 4.20.0
[2026-09-10 11:08:25.853] [86572] [HailoRT] [info] [device.cpp:49] [Device] OS Version: Linux 6.12.62+rpt-rpi-2712 #1 SMP PREEMPT Debian 1:6.12.62-1+rpt1~bookworm (2026-01-19) aarch64
[2026-09-10 11:08:25.861] [86572] [HailoRT] [info] [control.cpp:108] [control__parse_identify_results] firmware_version is: 4.20.0
[2026-09-10 11:08:25.866] [86572] [HailoRT] [info] [control.cpp:108] [control__parse_identify_results] firmware_version is: 4.20.0
[2026-09-10 11:08:26.041] [86532] [HailoRT] [info] [vdevice.cpp:523] [create] Creating vdevice with params: device_count: 1, scheduling_algorithm: ROUND_ROBIN, multi_process_service: true
[2026-09-10 11:08:27.067] [86532] [HailoRT] [info] [device.cpp:49] [Device] OS Version: Linux 6.12.62+rpt-rpi-2712 #1 SMP PREEMPT Debian 1:6.12.62-1+rpt1~bookworm (2026-01-19) aarch64
[2026-09-10 11:08:27.071] [86532] [HailoRT] [info] [control.cpp:108] [control__parse_identify_results] firmware_version is: 4.20.0
[2026-09-10 11:08:27.189] [86532] [HailoRT] [info] [hef.cpp:1929] [get_network_group_and_network_name] No name was given. Addressing all networks of default network_group: yolov8m_pose
[2026-09-10 11:08:27.189] [86532] [HailoRT] [info] [hef.cpp:1929] [get_network_group_and_network_name] No name was given. Addressing all networks of default network_group: yolov8m_pose
[2026-09-10 11:08:27.510] [86637] [HailoRT] [info] [infer_model.cpp:436] [configure] Configuring network group 'yolov8m_pose' with params: batch size: 2, power mode: PERFORMANCE, latency: NONE
[2026-09-10 11:08:27.519] [86637] [HailoRT] [info] [multi_io_elements.cpp:756] [create] Created (AsyncHwEl)
[2026-09-10 11:08:27.520] [86637] [HailoRT] [info] [queue_elements.cpp:450] [create] Created (EntryPushQEl0yolov8m_pose/input_layer1 | timeout: 10s)
[2026-09-10 11:08:27.521] [86637] [HailoRT] [info] [filter_elements.cpp:101] [create] Created (PreInferEl1yolov8m_pose/input_layer1 | Reorder - src_order: RGB4, src_shape: (640, 640, 3), dst_order: NHWC, dst_shape: (640, 640, 3))
[2026-09-10 11:08:27.521] [86637] [HailoRT] [info] [queue_elements.cpp:450] [create] Created (PushQEl1yolov8m_pose/input_layer1 | timeout: 10s)
[2026-09-10 11:08:27.522] [86637] [HailoRT] [info] [edge_elements.cpp:187] [create] Created (LastAsyncEl4AsyncHwEl)
[2026-09-10 11:08:27.523] [86637] [HailoRT] [info] [queue_elements.cpp:450] [create] Created (PushQEl5AsyncHwEl | timeout: 10s)
[2026-09-10 11:08:27.523] [86637] [HailoRT] [info] [filter_elements.cpp:375] [create] Created (PostInferEl5AsyncHwEl | Reorder - src_order: FCR, src_shape: (40, 40, 56), dst_order: FCR, dst_shape: (40, 40, 51))
[2026-09-10 11:08:27.524] [86637] [HailoRT] [info] [edge_elements.cpp:187] [create] Created (LastAsyncEl0PostInferEl5AsyncHwEl)
[2026-09-10 11:08:27.524] [86637] [HailoRT] [info] [edge_elements.cpp:187] [create] Created (LastAsyncEl1AsyncHwEl)
[2026-09-10 11:08:27.525] [86637] [HailoRT] [info] [queue_elements.cpp:450] [create] Created (PushQEl2AsyncHwEl | timeout: 10s)
[2026-09-10 11:08:27.525] [86637] [HailoRT] [info] [filter_elements.cpp:375] [create] Created (PostInferEl2AsyncHwEl | Reorder - src_order: FCR, src_shape: (20, 20, 56), dst_order: FCR, dst_shape: (20, 20, 51))
[2026-09-10 11:08:27.525] [86637] [HailoRT] [info] [edge_elements.cpp:187] [create] Created (LastAsyncEl0PostInferEl2AsyncHwEl)
[2026-09-10 11:08:27.527] [86637] [HailoRT] [info] [edge_elements.cpp:187] [create] Created (LastAsyncEl3AsyncHwEl)
[2026-09-10 11:08:27.527] [86637] [HailoRT] [info] [edge_elements.cpp:187] [create] Created (LastAsyncEl0AsyncHwEl)
[2026-09-10 11:08:27.528] [86637] [HailoRT] [info] [edge_elements.cpp:187] [create] Created (LastAsyncEl8AsyncHwEl)
[2026-09-10 11:08:27.529] [86637] [HailoRT] [info] [edge_elements.cpp:187] [create] Created (LastAsyncEl6AsyncHwEl)
[2026-09-10 11:08:27.530] [86637] [HailoRT] [info] [queue_elements.cpp:450] [create] Created (PushQEl7AsyncHwEl | timeout: 10s)
[2026-09-10 11:08:27.530] [86637] [HailoRT] [info] [filter_elements.cpp:375] [create] Created (PostInferEl7AsyncHwEl | Reorder - src_order: FCR, src_shape: (80, 80, 56), dst_order: FCR, dst_shape: (80, 80, 51))
[2026-09-10 11:08:27.530] [86637] [HailoRT] [info] [edge_elements.cpp:187] [create] Created (LastAsyncEl0PostInferEl7AsyncHwEl)
[2026-09-10 11:08:27.530] [86637] [HailoRT] [info] [pipeline.cpp:891] [print_deep_description] EntryPushQEl0yolov8m_pose/input_layer1 | inputs: user | outputs: PreInferEl1yolov8m_pose/input_layer1(running in thread_id: 86674)
[2026-09-10 11:08:27.530] [86637] [HailoRT] [info] [pipeline.cpp:891] [print_deep_description] PreInferEl1yolov8m_pose/input_layer1 | inputs: EntryPushQEl0yolov8m_pose/input_layer1[0] | outputs: PushQEl1yolov8m_pose/input_layer1
[2026-09-10 11:08:27.530] [86637] [HailoRT] [info] [pipeline.cpp:891] [print_deep_description] PushQEl1yolov8m_pose/input_layer1 | inputs: PreInferEl1yolov8m_pose/input_layer1[0] | outputs: AsyncHwEl(running in thread_id: 86675)
[2026-09-10 11:08:27.530] [86637] [HailoRT] [info] [pipeline.cpp:891] [print_deep_description] AsyncHwEl | inputs: PushQEl1yolov8m_pose/input_layer1[0] | outputs: LastAsyncEl0AsyncHwEl LastAsyncEl1AsyncHwEl PushQEl2AsyncHwEl LastAsyncEl3AsyncHwEl LastAsyncEl4AsyncHwEl PushQEl5AsyncHwEl LastAsyncEl6AsyncHwEl PushQEl7AsyncHwEl LastAsyncEl8AsyncHwEl
[2026-09-10 11:08:27.530] [86637] [HailoRT] [info] [pipeline.cpp:891] [print_deep_description] LastAsyncEl0AsyncHwEl | inputs: AsyncHwEl[0] | outputs: user
[2026-09-10 11:08:27.530] [86637] [HailoRT] [info] [pipeline.cpp:891] [print_deep_description] LastAsyncEl1AsyncHwEl | inputs: AsyncHwEl[0] | outputs: user
[2026-09-10 11:08:27.530] [86637] [HailoRT] [info] [pipeline.cpp:891] [print_deep_description] PushQEl2AsyncHwEl | inputs: AsyncHwEl[0] | outputs: PostInferEl2AsyncHwEl(running in thread_id: 86677)
[2026-09-10 11:08:27.530] [86637] [HailoRT] [info] [pipeline.cpp:891] [print_deep_description] PostInferEl2AsyncHwEl | inputs: PushQEl2AsyncHwEl[0] | outputs: LastAsyncEl0PostInferEl2AsyncHwEl
[2026-09-10 11:08:27.530] [86637] [HailoRT] [info] [pipeline.cpp:891] [print_deep_description] LastAsyncEl0PostInferEl2AsyncHwEl | inputs: PostInferEl2AsyncHwEl[0] | outputs: user
[2026-09-10 11:08:27.530] [86637] [HailoRT] [info] [pipeline.cpp:891] [print_deep_description] LastAsyncEl3AsyncHwEl | inputs: AsyncHwEl[0] | outputs: user
[2026-09-10 11:08:27.530] [86637] [HailoRT] [info] [pipeline.cpp:891] [print_deep_description] LastAsyncEl4AsyncHwEl | inputs: AsyncHwEl[0] | outputs: user
[2026-09-10 11:08:27.530] [86637] [HailoRT] [info] [pipeline.cpp:891] [print_deep_description] PushQEl5AsyncHwEl | inputs: AsyncHwEl[0] | outputs: PostInferEl5AsyncHwEl(running in thread_id: 86676)
[2026-09-10 11:08:27.530] [86637] [HailoRT] [info] [pipeline.cpp:891] [print_deep_description] PostInferEl5AsyncHwEl | inputs: PushQEl5AsyncHwEl[0] | outputs: LastAsyncEl0PostInferEl5AsyncHwEl
[2026-09-10 11:08:27.530] [86637] [HailoRT] [info] [pipeline.cpp:891] [print_deep_description] LastAsyncEl0PostInferEl5AsyncHwEl | inputs: PostInferEl5AsyncHwEl[0] | outputs: user
[2026-09-10 11:08:27.530] [86637] [HailoRT] [info] [pipeline.cpp:891] [print_deep_description] LastAsyncEl6AsyncHwEl | inputs: AsyncHwEl[0] | outputs: user
[2026-09-10 11:08:27.530] [86637] [HailoRT] [info] [pipeline.cpp:891] [print_deep_description] PushQEl7AsyncHwEl | inputs: AsyncHwEl[0] | outputs: PostInferEl7AsyncHwEl(running in thread_id: 86678)
[2026-09-10 11:08:27.530] [86637] [HailoRT] [info] [pipeline.cpp:891] [print_deep_description] PostInferEl7AsyncHwEl | inputs: PushQEl7AsyncHwEl[0] | outputs: LastAsyncEl0PostInferEl7AsyncHwEl
[2026-09-10 11:08:27.530] [86637] [HailoRT] [info] [pipeline.cpp:891] [print_deep_description] LastAsyncEl0PostInferEl7AsyncHwEl | inputs: PostInferEl7AsyncHwEl[0] | outputs: user
[2026-09-10 11:08:27.530] [86637] [HailoRT] [info] [pipeline.cpp:891] [print_deep_description] LastAsyncEl8AsyncHwEl | inputs: AsyncHwEl[0] | outputs: user
[2026-09-10 11:08:27.827] [86650] [HailoRT] [info] [hef.cpp:1929] [get_network_group_and_network_name] No name was given. Addressing all networks of default network_group: yolov8m_pose
[2026-09-10 11:24:17.464] [109529] [HailoRT] [info] [device.cpp:49] [Device] OS Version: Linux 6.12.62+rpt-rpi-2712 #1 SMP PREEMPT Debian 1:6.12.62-1+rpt1~bookworm (2026-01-19) aarch64
[2026-09-10 11:24:17.465] [109529] [HailoRT] [info] [control.cpp:108] [control__parse_identify_results] firmware_version is: 4.20.0
[2026-09-10 11:24:17.467] [109529] [HailoRT] [info] [control.cpp:108] [control__parse_identify_results] firmware_version is: 4.20.0
[2026-09-10 11:24:17.516] [109537] [HailoRT] [info] [device.cpp:49] [Device] OS Version: Linux 6.12.62+rpt-rpi-2712 #1 SMP PREEMPT Debian 1:6.12.62-1+rpt1~bookworm (2026-01-19) aarch64
[2026-09-10 11:24:17.518] [109537] [HailoRT] [info] [control.cpp:108] [control__parse_identify_results] firmware_version is: 4.20.0
[2026-09-10 11:24:17.519] [109537] [HailoRT] [info] [control.cpp:108] [control__parse_identify_results] firmware_version is: 4.20.0
[2026-09-10 11:24:17.603] [109508] [HailoRT] [info] [vdevice.cpp:523] [create] Creating vdevice with params: device_count: 1, scheduling_algorithm: ROUND_ROBIN, multi_process_service: true
[2026-09-10 11:24:18.619] [109508] [HailoRT] [info] [device.cpp:49] [Device] OS Version: Linux 6.12.62+rpt-rpi-2712 #1 SMP PREEMPT Debian 1:6.12.62-1+rpt1~bookworm (2026-01-19) aarch64
[2026-09-10 11:24:18.620] [109508] [HailoRT] [info] [control.cpp:108] [control__parse_identify_results] firmware_version is: 4.20.0
[2026-09-10 11:24:18.735] [109508] [HailoRT] [info] [hef.cpp:1929] [get_network_group_and_network_name] No name was given. Addressing all networks of default network_group: yolov8m_pose
[2026-09-10 11:24:18.735] [109508] [HailoRT] [info] [hef.cpp:1929] [get_network_group_and_network_name] No name was given. Addressing all networks of default network_group: yolov8m_pose
[2026-09-10 11:24:18.985] [109606] [HailoRT] [info] [infer_model.cpp:436] [configure] Configuring network group 'yolov8m_pose' with params: batch size: 2, power mode: PERFORMANCE, latency: NONE
[2026-09-10 11:24:18.987] [109606] [HailoRT] [info] [multi_io_elements.cpp:756] [create] Created (AsyncHwEl)
[2026-09-10 11:24:18.988] [109606] [HailoRT] [info] [queue_elements.cpp:450] [create] Created (EntryPushQEl0yolov8m_pose/input_layer1 | timeout: 10s)
[2026-09-10 11:24:18.988] [109606] [HailoRT] [info] [filter_elements.cpp:101] [create] Created (PreInferEl1yolov8m_pose/input_layer1 | Reorder - src_order: RGB4, src_shape: (640, 640, 3), dst_order: NHWC, dst_shape: (640, 640, 3))
[2026-09-10 11:24:18.988] [109606] [HailoRT] [info] [queue_elements.cpp:450] [create] Created (PushQEl1yolov8m_pose/input_layer1 | timeout: 10s)
[2026-09-10 11:24:18.988] [109606] [HailoRT] [info] [edge_elements.cpp:187] [create] Created (LastAsyncEl4AsyncHwEl)
[2026-09-10 11:24:18.989] [109606] [HailoRT] [info] [queue_elements.cpp:450] [create] Created (PushQEl5AsyncHwEl | timeout: 10s)
[2026-09-10 11:24:18.989] [109606] [HailoRT] [info] [filter_elements.cpp:375] [create] Created (PostInferEl5AsyncHwEl | Reorder - src_order: FCR, src_shape: (40, 40, 56), dst_order: FCR, dst_shape: (40, 40, 51))
[2026-09-10 11:24:18.989] [109606] [HailoRT] [info] [edge_elements.cpp:187] [create] Created (LastAsyncEl0PostInferEl5AsyncHwEl)
[2026-09-10 11:24:18.990] [109606] [HailoRT] [info] [edge_elements.cpp:187] [create] Created (LastAsyncEl1AsyncHwEl)
[2026-09-10 11:24:18.990] [109606] [HailoRT] [info] [queue_elements.cpp:450] [create] Created (PushQEl2AsyncHwEl | timeout: 10s)
[2026-09-10 11:24:18.990] [109606] [HailoRT] [info] [filter_elements.cpp:375] [create] Created (PostInferEl2AsyncHwEl | Reorder - src_order: FCR, src_shape: (20, 20, 56), dst_order: FCR, dst_shape: (20, 20, 51))
[2026-09-10 11:24:18.990] [109606] [HailoRT] [info] [edge_elements.cpp:187] [create] Created (LastAsyncEl0PostInferEl2AsyncHwEl)
[2026-09-10 11:24:18.991] [109606] [HailoRT] [info] [edge_elements.cpp:187] [create] Created (LastAsyncEl3AsyncHwEl)
[2026-09-10 11:24:18.992] [109606] [HailoRT] [info] [edge_elements.cpp:187] [create] Created (LastAsyncEl0AsyncHwEl)
[2026-09-10 11:24:18.993] [109606] [HailoRT] [info] [edge_elements.cpp:187] [create] Created (LastAsyncEl8AsyncHwEl)
[2026-09-10 11:24:18.993] [109606] [HailoRT] [info] [edge_elements.cpp:187] [create] Created (LastAsyncEl6AsyncHwEl)
[2026-09-10 11:24:18.994] [109606] [HailoRT] [info] [queue_elements.cpp:450] [create] Created (PushQEl7AsyncHwEl | timeout: 10s)
[2026-09-10 11:24:18.994] [109606] [HailoRT] [info] [filter_elements.cpp:375] [create] Created (PostInferEl7AsyncHwEl | Reorder - src_order: FCR, src_shape: (80, 80, 56), dst_order: FCR, dst_shape: (80, 80, 51))
[2026-09-10 11:24:18.994] [109606] [HailoRT] [info] [edge_elements.cpp:187] [create] Created (LastAsyncEl0PostInferEl7AsyncHwEl)
[2026-09-10 11:24:18.994] [109606] [HailoRT] [info] [pipeline.cpp:891] [print_deep_description] EntryPushQEl0yolov8m_pose/input_layer1 | inputs: user | outputs: PreInferEl1yolov8m_pose/input_layer1(running in thread_id: 109632)
[2026-09-10 11:24:18.995] [109606] [HailoRT] [info] [pipeline.cpp:891] [print_deep_description] PreInferEl1yolov8m_pose/input_layer1 | inputs: EntryPushQEl0yolov8m_pose/input_layer1[0] | outputs: PushQEl1yolov8m_pose/input_layer1
[2026-09-10 11:24:18.995] [109606] [HailoRT] [info] [pipeline.cpp:891] [print_deep_description] PushQEl1yolov8m_pose/input_layer1 | inputs: PreInferEl1yolov8m_pose/input_layer1[0] | outputs: AsyncHwEl(running in thread_id: 109633)
[2026-09-10 11:24:18.995] [109606] [HailoRT] [info] [pipeline.cpp:891] [print_deep_description] AsyncHwEl | inputs: PushQEl1yolov8m_pose/input_layer1[0] | outputs: LastAsyncEl0AsyncHwEl LastAsyncEl1AsyncHwEl PushQEl2AsyncHwEl LastAsyncEl3AsyncHwEl LastAsyncEl4AsyncHwEl PushQEl5AsyncHwEl LastAsyncEl6AsyncHwEl PushQEl7AsyncHwEl LastAsyncEl8AsyncHwEl
[2026-09-10 11:24:18.995] [109606] [HailoRT] [info] [pipeline.cpp:891] [print_deep_description] LastAsyncEl0AsyncHwEl | inputs: AsyncHwEl[0] | outputs: user
[2026-09-10 11:24:18.995] [109606] [HailoRT] [info] [pipeline.cpp:891] [print_deep_description] LastAsyncEl1AsyncHwEl | inputs: AsyncHwEl[0] | outputs: user
[2026-09-10 11:24:18.995] [109606] [HailoRT] [info] [pipeline.cpp:891] [print_deep_description] PushQEl2AsyncHwEl | inputs: AsyncHwEl[0] | outputs: PostInferEl2AsyncHwEl(running in thread_id: 109635)
[2026-09-10 11:24:18.995] [109606] [HailoRT] [info] [pipeline.cpp:891] [print_deep_description] PostInferEl2AsyncHwEl | inputs: PushQEl2AsyncHwEl[0] | outputs: LastAsyncEl0PostInferEl2AsyncHwEl
[2026-09-10 11:24:18.995] [109606] [HailoRT] [info] [pipeline.cpp:891] [print_deep_description] LastAsyncEl0PostInferEl2AsyncHwEl | inputs: PostInferEl2AsyncHwEl[0] | outputs: user
[2026-09-10 11:24:18.995] [109606] [HailoRT] [info] [pipeline.cpp:891] [print_deep_description] LastAsyncEl3AsyncHwEl | inputs: AsyncHwEl[0] | outputs: user
[2026-09-10 11:24:18.995] [109606] [HailoRT] [info] [pipeline.cpp:891] [print_deep_description] LastAsyncEl4AsyncHwEl | inputs: AsyncHwEl[0] | outputs: user
[2026-09-10 11:24:18.995] [109606] [HailoRT] [info] [pipeline.cpp:891] [print_deep_description] PushQEl5AsyncHwEl | inputs: AsyncHwEl[0] | outputs: PostInferEl5AsyncHwEl(running in thread_id: 109634)
[2026-09-10 11:24:18.995] [109606] [HailoRT] [info] [pipeline.cpp:891] [print_deep_description] PostInferEl5AsyncHwEl | inputs: PushQEl5AsyncHwEl[0] | outputs: LastAsyncEl0PostInferEl5AsyncHwEl
[2026-09-10 11:24:18.995] [109606] [HailoRT] [info] [pipeline.cpp:891] [print_deep_description] LastAsyncEl0PostInferEl5AsyncHwEl | inputs: PostInferEl5AsyncHwEl[0] | outputs: user
[2026-09-10 11:24:18.995] [109606] [HailoRT] [info] [pipeline.cpp:891] [print_deep_description] LastAsyncEl6AsyncHwEl | inputs: AsyncHwEl[0] | outputs: user
[2026-09-10 11:24:18.995] [109606] [HailoRT] [info] [pipeline.cpp:891] [print_deep_description] PushQEl7AsyncHwEl | inputs: AsyncHwEl[0] | outputs: PostInferEl7AsyncHwEl(running in thread_id: 109636)
[2026-09-10 11:24:18.995] [109606] [HailoRT] [info] [pipeline.cpp:891] [print_deep_description] PostInferEl7AsyncHwEl | inputs: PushQEl7AsyncHwEl[0] | outputs: LastAsyncEl0PostInferEl7AsyncHwEl
[2026-09-10 11:24:18.995] [109606] [HailoRT] [info] [pipeline.cpp:891] [print_deep_description] LastAsyncEl0PostInferEl7AsyncHwEl | inputs: PostInferEl7AsyncHwEl[0] | outputs: user
[2026-09-10 11:24:18.995] [109606] [HailoRT] [info] [pipeline.cpp:891] [print_deep_description] LastAsyncEl8AsyncHwEl | inputs: AsyncHwEl[0] | outputs: user
[2026-09-10 11:24:19.225] [109616] [HailoRT] [info] [hef.cpp:1929] [get_network_group_and_network_name] No name was given. Addressing all networks of default network_group: yolov8m_pose
[2026-09-10 11:56:06.288] [192784] [HailoRT] [info] [device.cpp:49] [Device] OS Version: Linux 6.12.62+rpt-rpi-2712 #1 SMP PREEMPT Debian 1:6.12.62-1+rpt1~bookworm (2026-01-19) aarch64
[2026-09-10 11:56:06.290] [192784] [HailoRT] [info] [control.cpp:108] [control__parse_identify_results] firmware_version is: 4.20.0
[2026-09-10 11:56:06.291] [192784] [HailoRT] [info] [control.cpp:108] [control__parse_identify_results] firmware_version is: 4.20.0
[2026-09-10 11:56:06.325] [192792] [HailoRT] [info] [device.cpp:49] [Device] OS Version: Linux 6.12.62+rpt-rpi-2712 #1 SMP PREEMPT Debian 1:6.12.62-1+rpt1~bookworm (2026-01-19) aarch64
[2026-09-10 11:56:06.327] [192792] [HailoRT] [info] [control.cpp:108] [control__parse_identify_results] firmware_version is: 4.20.0
[2026-09-10 11:56:06.328] [192792] [HailoRT] [info] [control.cpp:108] [control__parse_identify_results] firmware_version is: 4.20.0
[2026-09-10 11:56:06.400] [192741] [HailoRT] [info] [vdevice.cpp:523] [create] Creating vdevice with params: device_count: 1, scheduling_algorithm: ROUND_ROBIN, multi_process_service: true
[2026-09-10 11:56:07.415] [192741] [HailoRT] [info] [device.cpp:49] [Device] OS Version: Linux 6.12.62+rpt-rpi-2712 #1 SMP PREEMPT Debian 1:6.12.62-1+rpt1~bookworm (2026-01-19) aarch64
[2026-09-10 11:56:07.417] [192741] [HailoRT] [info] [control.cpp:108] [control__parse_identify_results] firmware_version is: 4.20.0
[2026-09-10 11:56:07.521] [192741] [HailoRT] [info] [hef.cpp:1929] [get_network_group_and_network_name] No name was given. Addressing all networks of default network_group: yolov8m_pose
[2026-09-10 11:56:07.521] [192741] [HailoRT] [info] [hef.cpp:1929] [get_network_group_and_network_name] No name was given. Addressing all networks of default network_group: yolov8m_pose
[2026-09-10 11:56:07.818] [192831] [HailoRT] [info] [infer_model.cpp:436] [configure] Configuring network group 'yolov8m_pose' with params: batch size: 2, power mode: PERFORMANCE, latency: NONE
[2026-09-10 11:56:07.820] [192831] [HailoRT] [info] [multi_io_elements.cpp:756] [create] Created (AsyncHwEl)
[2026-09-10 11:56:07.820] [192831] [HailoRT] [info] [queue_elements.cpp:450] [create] Created (EntryPushQEl0yolov8m_pose/input_layer1 | timeout: 10s)
[2026-09-10 11:56:07.820] [192831] [HailoRT] [info] [filter_elements.cpp:101] [create] Created (PreInferEl1yolov8m_pose/input_layer1 | Reorder - src_order: RGB4, src_shape: (640, 640, 3), dst_order: NHWC, dst_shape: (640, 640, 3))
[2026-09-10 11:56:07.820] [192831] [HailoRT] [info] [queue_elements.cpp:450] [create] Created (PushQEl1yolov8m_pose/input_layer1 | timeout: 10s)
[2026-09-10 11:56:07.821] [192831] [HailoRT] [info] [edge_elements.cpp:187] [create] Created (LastAsyncEl4AsyncHwEl)
[2026-09-10 11:56:07.821] [192831] [HailoRT] [info] [queue_elements.cpp:450] [create] Created (PushQEl5AsyncHwEl | timeout: 10s)
[2026-09-10 11:56:07.821] [192831] [HailoRT] [info] [filter_elements.cpp:375] [create] Created (PostInferEl5AsyncHwEl | Reorder - src_order: FCR, src_shape: (40, 40, 56), dst_order: FCR, dst_shape: (40, 40, 51))
[2026-09-10 11:56:07.821] [192831] [HailoRT] [info] [edge_elements.cpp:187] [create] Created (LastAsyncEl0PostInferEl5AsyncHwEl)
[2026-09-10 11:56:07.822] [192831] [HailoRT] [info] [edge_elements.cpp:187] [create] Created (LastAsyncEl1AsyncHwEl)
[2026-09-10 11:56:07.822] [192831] [HailoRT] [info] [queue_elements.cpp:450] [create] Created (PushQEl2AsyncHwEl | timeout: 10s)
[2026-09-10 11:56:07.822] [192831] [HailoRT] [info] [filter_elements.cpp:375] [create] Created (PostInferEl2AsyncHwEl | Reorder - src_order: FCR, src_shape: (20, 20, 56), dst_order: FCR, dst_shape: (20, 20, 51))
[2026-09-10 11:56:07.822] [192831] [HailoRT] [info] [edge_elements.cpp:187] [create] Created (LastAsyncEl0PostInferEl2AsyncHwEl)
[2026-09-10 11:56:07.822] [192831] [HailoRT] [info] [edge_elements.cpp:187] [create] Created (LastAsyncEl3AsyncHwEl)
[2026-09-10 11:56:07.823] [192831] [HailoRT] [info] [edge_elements.cpp:187] [create] Created (LastAsyncEl0AsyncHwEl)
[2026-09-10 11:56:07.823] [192831] [HailoRT] [info] [edge_elements.cpp:187] [create] Created (LastAsyncEl8AsyncHwEl)
[2026-09-10 11:56:07.824] [192831] [HailoRT] [info] [edge_elements.cpp:187] [create] Created (LastAsyncEl6AsyncHwEl)
[2026-09-10 11:56:07.824] [192831] [HailoRT] [info] [queue_elements.cpp:450] [create] Created (PushQEl7AsyncHwEl | timeout: 10s)
[2026-09-10 11:56:07.824] [192831] [HailoRT] [info] [filter_elements.cpp:375] [create] Created (PostInferEl7AsyncHwEl | Reorder - src_order: FCR, src_shape: (80, 80, 56), dst_order: FCR, dst_shape: (80, 80, 51))
[2026-09-10 11:56:07.824] [192831] [HailoRT] [info] [edge_elements.cpp:187] [create] Created (LastAsyncEl0PostInferEl7AsyncHwEl)
[2026-09-10 11:56:07.824] [192831] [HailoRT] [info] [pipeline.cpp:891] [print_deep_description] EntryPushQEl0yolov8m_pose/input_layer1 | inputs: user | outputs: PreInferEl1yolov8m_pose/input_layer1(running in thread_id: 192894)
[2026-09-10 11:56:07.824] [192831] [HailoRT] [info] [pipeline.cpp:891] [print_deep_description] PreInferEl1yolov8m_pose/input_layer1 | inputs: EntryPushQEl0yolov8m_pose/input_layer1[0] | outputs: PushQEl1yolov8m_pose/input_layer1
[2026-09-10 11:56:07.824] [192831] [HailoRT] [info] [pipeline.cpp:891] [print_deep_description] PushQEl1yolov8m_pose/input_layer1 | inputs: PreInferEl1yolov8m_pose/input_layer1[0] | outputs: AsyncHwEl(running in thread_id: 192895)
[2026-09-10 11:56:07.824] [192831] [HailoRT] [info] [pipeline.cpp:891] [print_deep_description] AsyncHwEl | inputs: PushQEl1yolov8m_pose/input_layer1[0] | outputs: LastAsyncEl0AsyncHwEl LastAsyncEl1AsyncHwEl PushQEl2AsyncHwEl LastAsyncEl3AsyncHwEl LastAsyncEl4AsyncHwEl PushQEl5AsyncHwEl LastAsyncEl6AsyncHwEl PushQEl7AsyncHwEl LastAsyncEl8AsyncHwEl
[2026-09-10 11:56:07.824] [192831] [HailoRT] [info] [pipeline.cpp:891] [print_deep_description] LastAsyncEl0AsyncHwEl | inputs: AsyncHwEl[0] | outputs: user
[2026-09-10 11:56:07.824] [192831] [HailoRT] [info] [pipeline.cpp:891] [print_deep_description] LastAsyncEl1AsyncHwEl | inputs: AsyncHwEl[0] | outputs: user
[2026-09-10 11:56:07.824] [192831] [HailoRT] [info] [pipeline.cpp:891] [print_deep_description] PushQEl2AsyncHwEl | inputs: AsyncHwEl[0] | outputs: PostInferEl2AsyncHwEl(running in thread_id: 192897)
[2026-09-10 11:56:07.824] [192831] [HailoRT] [info] [pipeline.cpp:891] [print_deep_description] PostInferEl2AsyncHwEl | inputs: PushQEl2AsyncHwEl[0] | outputs: LastAsyncEl0PostInferEl2AsyncHwEl
[2026-09-10 11:56:07.824] [192831] [HailoRT] [info] [pipeline.cpp:891] [print_deep_description] LastAsyncEl0PostInferEl2AsyncHwEl | inputs: PostInferEl2AsyncHwEl[0] | outputs: user
[2026-09-10 11:56:07.824] [192831] [HailoRT] [info] [pipeline.cpp:891] [print_deep_description] LastAsyncEl3AsyncHwEl | inputs: AsyncHwEl[0] | outputs: user
[2026-09-10 11:56:07.824] [192831] [HailoRT] [info] [pipeline.cpp:891] [print_deep_description] LastAsyncEl4AsyncHwEl | inputs: AsyncHwEl[0] | outputs: user
[2026-09-10 11:56:07.824] [192831] [HailoRT] [info] [pipeline.cpp:891] [print_deep_description] PushQEl5AsyncHwEl | inputs: AsyncHwEl[0] | outputs: PostInferEl5AsyncHwEl(running in thread_id: 192896)
[2026-09-10 11:56:07.824] [192831] [HailoRT] [info] [pipeline.cpp:891] [print_deep_description] PostInferEl5AsyncHwEl | inputs: PushQEl5AsyncHwEl[0] | outputs: LastAsyncEl0PostInferEl5AsyncHwEl
[2026-09-10 11:56:07.824] [192831] [HailoRT] [info] [pipeline.cpp:891] [print_deep_description] LastAsyncEl0PostInferEl5AsyncHwEl | inputs: PostInferEl5AsyncHwEl[0] | outputs: user
[2026-09-10 11:56:07.824] [192831] [HailoRT] [info] [pipeline.cpp:891] [print_deep_description] LastAsyncEl6AsyncHwEl | inputs: AsyncHwEl[0] | outputs: user
[2026-09-10 11:56:07.824] [192831] [HailoRT] [info] [pipeline.cpp:891] [print_deep_description] PushQEl7AsyncHwEl | inputs: AsyncHwEl[0] | outputs: PostInferEl7AsyncHwEl(running in thread_id: 192898)
[2026-09-10 11:56:07.824] [192831] [HailoRT] [info] [pipeline.cpp:891] [print_deep_description] PostInferEl7AsyncHwEl | inputs: PushQEl7AsyncHwEl[0] | outputs: LastAsyncEl0PostInferEl7AsyncHwEl
[2026-09-10 11:56:07.824] [192831] [HailoRT] [info] [pipeline.cpp:891] [print_deep_description] LastAsyncEl0PostInferEl7AsyncHwEl | inputs: PostInferEl7AsyncHwEl[0] | outputs: user
[2026-09-10 11:56:07.824] [192831] [HailoRT] [info] [pipeline.cpp:891] [print_deep_description] LastAsyncEl8AsyncHwEl | inputs: AsyncHwEl[0] | outputs: user
[2026-09-10 11:56:08.069] [192841] [HailoRT] [info] [hef.cpp:1929] [get_network_group_and_network_name] No name was given. Addressing all networks of default network_group: yolov8m_pose
[2026-09-10 12:04:41.315] [192741] [HailoRT] [info] [async_infer_runner.cpp:86] [shutdown] Pipeline was aborted. Shutting it down
[2026-09-10 12:04:41.325] [192892] [HailoRT] [info] [network_group_client.cpp:661] [operator()] Infer request was aborted by user
[2026-09-10 12:04:41.326] [192892] [HailoRT] [info] [network_group_client.cpp:661] [operator()] Infer request was aborted by user
[2026-09-10 12:04:41.327] [192892] [HailoRT] [info] [network_group_client.cpp:661] [operator()] Infer request was aborted by user
[2026-09-10 12:04:41.329] [192892] [HailoRT] [info] [network_group_client.cpp:661] [operator()] Infer request was aborted by user
[2026-09-10 12:04:41.330] [192892] [HailoRT] [info] [network_group_client.cpp:661] [operator()] Infer request was aborted by user
[2026-09-10 12:04:41.331] [192741] [HailoRT] [info] [queue_elements.cpp:570] [execute_deactivate] enqueue() in element PushQEl2AsyncHwEl was aborted, got status = HAILO_SHUTDOWN_EVENT_SIGNALED(57)
[2026-09-10 12:04:41.331] [192741] [HailoRT] [info] [queue_elements.cpp:570] [execute_deactivate] enqueue() in element PushQEl5AsyncHwEl was aborted, got status = HAILO_SHUTDOWN_EVENT_SIGNALED(57)
[2026-09-10 12:04:41.331] [192741] [HailoRT] [info] [queue_elements.cpp:570] [execute_deactivate] enqueue() in element PushQEl7AsyncHwEl was aborted, got status = HAILO_SHUTDOWN_EVENT_SIGNALED(57)
[2026-09-10 12:04:41.331] [192741] [HailoRT] [info] [queue_elements.cpp:570] [execute_deactivate] enqueue() in element PushQEl1yolov8m_pose/input_layer1 was aborted, got status = HAILO_SHUTDOWN_EVENT_SIGNALED(57)
[2026-09-10 12:04:41.331] [192741] [HailoRT] [info] [queue_elements.cpp:570] [execute_deactivate] enqueue() in element EntryPushQEl0yolov8m_pose/input_layer1 was aborted, got status = HAILO_SHUTDOWN_EVENT_SIGNALED(57)
[2026-09-10 12:04:41.331] [192741] [HailoRT] [info] [queue_elements.cpp:46] [~BaseQueueElement] Queue element EntryPushQEl0yolov8m_pose/input_layer1 has 0 frames in his Queue on destruction
[2026-09-10 12:04:41.331] [192741] [HailoRT] [info] [queue_elements.cpp:46] [~BaseQueueElement] Queue element PushQEl1yolov8m_pose/input_layer1 has 0 frames in his Queue on destruction
[2026-09-10 12:04:41.332] [192741] [HailoRT] [info] [queue_elements.cpp:46] [~BaseQueueElement] Queue element PushQEl5AsyncHwEl has 0 frames in his Queue on destruction
[2026-09-10 12:04:41.332] [192741] [HailoRT] [info] [queue_elements.cpp:46] [~BaseQueueElement] Queue element PushQEl2AsyncHwEl has 0 frames in his Queue on destruction
[2026-09-10 12:04:41.332] [192741] [HailoRT] [info] [queue_elements.cpp:46] [~BaseQueueElement] Queue element PushQEl7AsyncHwEl has 0 frames in his Queue on destruction
[2026-09-10 12:04:43.616] [215410] [HailoRT] [info] [device.cpp:49] [Device] OS Version: Linux 6.12.62+rpt-rpi-2712 #1 SMP PREEMPT Debian 1:6.12.62-1+rpt1~bookworm (2026-01-19) aarch64
[2026-09-10 12:04:43.617] [215410] [HailoRT] [info] [control.cpp:108] [control__parse_identify_results] firmware_version is: 4.20.0
[2026-09-10 12:04:43.619] [215410] [HailoRT] [info] [control.cpp:108] [control__parse_identify_results] firmware_version is: 4.20.0
[2026-09-10 12:04:43.638] [215418] [HailoRT] [info] [device.cpp:49] [Device] OS Version: Linux 6.12.62+rpt-rpi-2712 #1 SMP PREEMPT Debian 1:6.12.62-1+rpt1~bookworm (2026-01-19) aarch64
[2026-09-10 12:04:43.639] [215418] [HailoRT] [info] [control.cpp:108] [control__parse_identify_results] firmware_version is: 4.20.0
[2026-09-10 12:04:43.641] [215418] [HailoRT] [info] [control.cpp:108] [control__parse_identify_results] firmware_version is: 4.20.0
[2026-09-10 12:04:43.710] [215398] [HailoRT] [info] [vdevice.cpp:523] [create] Creating vdevice with params: device_count: 1, scheduling_algorithm: ROUND_ROBIN, multi_process_service: true
[2026-09-10 12:04:44.762] [215398] [HailoRT] [info] [device.cpp:49] [Device] OS Version: Linux 6.12.62+rpt-rpi-2712 #1 SMP PREEMPT Debian 1:6.12.62-1+rpt1~bookworm (2026-01-19) aarch64
[2026-09-10 12:04:44.764] [215398] [HailoRT] [info] [control.cpp:108] [control__parse_identify_results] firmware_version is: 4.20.0
[2026-09-10 12:04:44.869] [215398] [HailoRT] [info] [hef.cpp:1929] [get_network_group_and_network_name] No name was given. Addressing all networks of default network_group: yolov8m_pose
[2026-09-10 12:04:44.869] [215398] [HailoRT] [info] [hef.cpp:1929] [get_network_group_and_network_name] No name was given. Addressing all networks of default network_group: yolov8m_pose
[2026-09-10 12:04:45.121] [215487] [HailoRT] [info] [infer_model.cpp:436] [configure] Configuring network group 'yolov8m_pose' with params: batch size: 2, power mode: PERFORMANCE, latency: NONE
[2026-09-10 12:04:45.123] [215487] [HailoRT] [info] [multi_io_elements.cpp:756] [create] Created (AsyncHwEl)
[2026-09-10 12:04:45.123] [215487] [HailoRT] [info] [queue_elements.cpp:450] [create] Created (EntryPushQEl0yolov8m_pose/input_layer1 | timeout: 10s)
[2026-09-10 12:04:45.123] [215487] [HailoRT] [info] [filter_elements.cpp:101] [create] Created (PreInferEl1yolov8m_pose/input_layer1 | Reorder - src_order: RGB4, src_shape: (640, 640, 3), dst_order: NHWC, dst_shape: (640, 640, 3))
[2026-09-10 12:04:45.123] [215487] [HailoRT] [info] [queue_elements.cpp:450] [create] Created (PushQEl1yolov8m_pose/input_layer1 | timeout: 10s)
[2026-09-10 12:04:45.124] [215487] [HailoRT] [info] [edge_elements.cpp:187] [create] Created (LastAsyncEl4AsyncHwEl)
[2026-09-10 12:04:45.124] [215487] [HailoRT] [info] [queue_elements.cpp:450] [create] Created (PushQEl5AsyncHwEl | timeout: 10s)
[2026-09-10 12:04:45.125] [215487] [HailoRT] [info] [filter_elements.cpp:375] [create] Created (PostInferEl5AsyncHwEl | Reorder - src_order: FCR, src_shape: (40, 40, 56), dst_order: FCR, dst_shape: (40, 40, 51))
[2026-09-10 12:04:45.125] [215487] [HailoRT] [info] [edge_elements.cpp:187] [create] Created (LastAsyncEl0PostInferEl5AsyncHwEl)
[2026-09-10 12:04:45.125] [215487] [HailoRT] [info] [edge_elements.cpp:187] [create] Created (LastAsyncEl1AsyncHwEl)
[2026-09-10 12:04:45.125] [215487] [HailoRT] [info] [queue_elements.cpp:450] [create] Created (PushQEl2AsyncHwEl | timeout: 10s)
[2026-09-10 12:04:45.125] [215487] [HailoRT] [info] [filter_elements.cpp:375] [create] Created (PostInferEl2AsyncHwEl | Reorder - src_order: FCR, src_shape: (20, 20, 56), dst_order: FCR, dst_shape: (20, 20, 51))
[2026-09-10 12:04:45.125] [215487] [HailoRT] [info] [edge_elements.cpp:187] [create] Created (LastAsyncEl0PostInferEl2AsyncHwEl)
[2026-09-10 12:04:45.126] [215487] [HailoRT] [info] [edge_elements.cpp:187] [create] Created (LastAsyncEl3AsyncHwEl)
[2026-09-10 12:04:45.126] [215487] [HailoRT] [info] [edge_elements.cpp:187] [create] Created (LastAsyncEl0AsyncHwEl)
[2026-09-10 12:04:45.126] [215487] [HailoRT] [info] [edge_elements.cpp:187] [create] Created (LastAsyncEl8AsyncHwEl)
[2026-09-10 12:04:45.127] [215487] [HailoRT] [info] [edge_elements.cpp:187] [create] Created (LastAsyncEl6AsyncHwEl)
[2026-09-10 12:04:45.127] [215487] [HailoRT] [info] [queue_elements.cpp:450] [create] Created (PushQEl7AsyncHwEl | timeout: 10s)
[2026-09-10 12:04:45.127] [215487] [HailoRT] [info] [filter_elements.cpp:375] [create] Created (PostInferEl7AsyncHwEl | Reorder - src_order: FCR, src_shape: (80, 80, 56), dst_order: FCR, dst_shape: (80, 80, 51))
[2026-09-10 12:04:45.127] [215487] [HailoRT] [info] [edge_elements.cpp:187] [create] Created (LastAsyncEl0PostInferEl7AsyncHwEl)
[2026-09-10 12:04:45.127] [215487] [HailoRT] [info] [pipeline.cpp:891] [print_deep_description] EntryPushQEl0yolov8m_pose/input_layer1 | inputs: user | outputs: PreInferEl1yolov8m_pose/input_layer1(running in thread_id: 215518)
[2026-09-10 12:04:45.127] [215487] [HailoRT] [info] [pipeline.cpp:891] [print_deep_description] PreInferEl1yolov8m_pose/input_layer1 | inputs: EntryPushQEl0yolov8m_pose/input_layer1[0] | outputs: PushQEl1yolov8m_pose/input_layer1
[2026-09-10 12:04:45.127] [215487] [HailoRT] [info] [pipeline.cpp:891] [print_deep_description] PushQEl1yolov8m_pose/input_layer1 | inputs: PreInferEl1yolov8m_pose/input_layer1[0] | outputs: AsyncHwEl(running in thread_id: 215519)
[2026-09-10 12:04:45.127] [215487] [HailoRT] [info] [pipeline.cpp:891] [print_deep_description] AsyncHwEl | inputs: PushQEl1yolov8m_pose/input_layer1[0] | outputs: LastAsyncEl0AsyncHwEl LastAsyncEl1AsyncHwEl PushQEl2AsyncHwEl LastAsyncEl3AsyncHwEl LastAsyncEl4AsyncHwEl PushQEl5AsyncHwEl LastAsyncEl6AsyncHwEl PushQEl7AsyncHwEl LastAsyncEl8AsyncHwEl
[2026-09-10 12:04:45.127] [215487] [HailoRT] [info] [pipeline.cpp:891] [print_deep_description] LastAsyncEl0AsyncHwEl | inputs: AsyncHwEl[0] | outputs: user
[2026-09-10 12:04:45.127] [215487] [HailoRT] [info] [pipeline.cpp:891] [print_deep_description] LastAsyncEl1AsyncHwEl | inputs: AsyncHwEl[0] | outputs: user
[2026-09-10 12:04:45.127] [215487] [HailoRT] [info] [pipeline.cpp:891] [print_deep_description] PushQEl2AsyncHwEl | inputs: AsyncHwEl[0] | outputs: PostInferEl2AsyncHwEl(running in thread_id: 215521)
[2026-09-10 12:04:45.127] [215487] [HailoRT] [info] [pipeline.cpp:891] [print_deep_description] PostInferEl2AsyncHwEl | inputs: PushQEl2AsyncHwEl[0] | outputs: LastAsyncEl0PostInferEl2AsyncHwEl
[2026-09-10 12:04:45.127] [215487] [HailoRT] [info] [pipeline.cpp:891] [print_deep_description] LastAsyncEl0PostInferEl2AsyncHwEl | inputs: PostInferEl2AsyncHwEl[0] | outputs: user
[2026-09-10 12:04:45.127] [215487] [HailoRT] [info] [pipeline.cpp:891] [print_deep_description] LastAsyncEl3AsyncHwEl | inputs: AsyncHwEl[0] | outputs: user
[2026-09-10 12:04:45.127] [215487] [HailoRT] [info] [pipeline.cpp:891] [print_deep_description] LastAsyncEl4AsyncHwEl | inputs: AsyncHwEl[0] | outputs: user
[2026-09-10 12:04:45.127] [215487] [HailoRT] [info] [pipeline.cpp:891] [print_deep_description] PushQEl5AsyncHwEl | inputs: AsyncHwEl[0] | outputs: PostInferEl5AsyncHwEl(running in thread_id: 215520)
[2026-09-10 12:04:45.127] [215487] [HailoRT] [info] [pipeline.cpp:891] [print_deep_description] PostInferEl5AsyncHwEl | inputs: PushQEl5AsyncHwEl[0] | outputs: LastAsyncEl0PostInferEl5AsyncHwEl
[2026-09-10 12:04:45.127] [215487] [HailoRT] [info] [pipeline.cpp:891] [print_deep_description] LastAsyncEl0PostInferEl5AsyncHwEl | inputs: PostInferEl5AsyncHwEl[0] | outputs: user
[2026-09-10 12:04:45.127] [215487] [HailoRT] [info] [pipeline.cpp:891] [print_deep_description] LastAsyncEl6AsyncHwEl | inputs: AsyncHwEl[0] | outputs: user
[2026-09-10 12:04:45.127] [215487] [HailoRT] [info] [pipeline.cpp:891] [print_deep_description] PushQEl7AsyncHwEl | inputs: AsyncHwEl[0] | outputs: PostInferEl7AsyncHwEl(running in thread_id: 215522)
[2026-09-10 12:04:45.127] [215487] [HailoRT] [info] [pipeline.cpp:891] [print_deep_description] PostInferEl7AsyncHwEl | inputs: PushQEl7AsyncHwEl[0] | outputs: LastAsyncEl0PostInferEl7AsyncHwEl
[2026-09-10 12:04:45.127] [215487] [HailoRT] [info] [pipeline.cpp:891] [print_deep_description] LastAsyncEl0PostInferEl7AsyncHwEl | inputs: PostInferEl7AsyncHwEl[0] | outputs: user
[2026-09-10 12:04:45.127] [215487] [HailoRT] [info] [pipeline.cpp:891] [print_deep_description] LastAsyncEl8AsyncHwEl | inputs: AsyncHwEl[0] | outputs: user
[2026-09-10 12:04:45.395] [215499] [HailoRT] [info] [hef.cpp:1929] [get_network_group_and_network_name] No name was given. Addressing all networks of default network_group: yolov8m_pose
