[2026-09-08 15:56:16.501] [466468] [HailoRT] [info] [device.cpp:49] [Device] OS Version: Linux 6.12.62+rpt-rpi-2712 #1 SMP PREEMPT Debian 1:6.12.62-1+rpt1~bookworm (2026-01-19) aarch64
[2026-09-08 15:56:16.503] [466468] [HailoRT] [info] [control.cpp:108] [control__parse_identify_results] firmware_version is: 4.20.0
[2026-09-08 15:56:16.504] [466468] [HailoRT] [info] [control.cpp:108] [control__parse_identify_results] firmware_version is: 4.20.0
[2026-09-08 15:56:16.556] [466488] [HailoRT] [info] [device.cpp:49] [Device] OS Version: Linux 6.12.62+rpt-rpi-2712 #1 SMP PREEMPT Debian 1:6.12.62-1+rpt1~bookworm (2026-01-19) aarch64
[2026-09-08 15:56:16.561] [466488] [HailoRT] [info] [control.cpp:108] [control__parse_identify_results] firmware_version is: 4.20.0
[2026-09-08 15:56:16.563] [466488] [HailoRT] [info] [control.cpp:108] [control__parse_identify_results] firmware_version is: 4.20.0
[2026-09-08 15:56:16.642] [466459] [HailoRT] [info] [vdevice.cpp:523] [create] Creating vdevice with params: device_count: 1, scheduling_algorithm: ROUND_ROBIN, multi_process_service: true
[2026-09-08 15:56:17.662] [466459] [HailoRT] [info] [device.cpp:49] [Device] OS Version: Linux 6.12.62+rpt-rpi-2712 #1 SMP PREEMPT Debian 1:6.12.62-1+rpt1~bookworm (2026-01-19) aarch64
[2026-09-08 15:56:17.663] [466459] [HailoRT] [info] [control.cpp:108] [control__parse_identify_results] firmware_version is: 4.20.0
[2026-09-08 15:56:17.769] [466459] [HailoRT] [info] [hef.cpp:1929] [get_network_group_and_network_name] No name was given. Addressing all networks of default network_group: yolov8m_pose
[2026-09-08 15:56:17.769] [466459] [HailoRT] [info] [hef.cpp:1929] [get_network_group_and_network_name] No name was given. Addressing all networks of default network_group: yolov8m_pose
[2026-09-08 15:56:18.002] [466459] [HailoRT] [info] [infer_model.cpp:436] [configure] Configuring network group 'yolov8m_pose' with params: batch size: 2, power mode: PERFORMANCE, latency: NONE
[2026-09-08 15:56:18.003] [466459] [HailoRT] [info] [multi_io_elements.cpp:756] [create] Created (AsyncHwEl)
[2026-09-08 15:56:18.004] [466459] [HailoRT] [info] [queue_elements.cpp:450] [create] Created (EntryPushQEl0yolov8m_pose/input_layer1 | timeout: 10s)
[2026-09-08 15:56:18.004] [466459] [HailoRT] [info] [filter_elements.cpp:101] [create] Created (PreInferEl1yolov8m_pose/input_layer1 | Reorder - src_order: RGB4, src_shape: (640, 640, 3), dst_order: NHWC, dst_shape: (640, 640, 3))
[2026-09-08 15:56:18.004] [466459] [HailoRT] [info] [queue_elements.cpp:450] [create] Created (PushQEl1yolov8m_pose/input_layer1 | timeout: 10s)
[2026-09-08 15:56:18.004] [466459] [HailoRT] [info] [edge_elements.cpp:187] [create] Created (LastAsyncEl4AsyncHwEl)
[2026-09-08 15:56:18.005] [466459] [HailoRT] [info] [queue_elements.cpp:450] [create] Created (PushQEl5AsyncHwEl | timeout: 10s)
[2026-09-08 15:56:18.005] [466459] [HailoRT] [info] [filter_elements.cpp:375] [create] Created (PostInferEl5AsyncHwEl | Reorder - src_order: FCR, src_shape: (40, 40, 56), dst_order: FCR, dst_shape: (40, 40, 51))
[2026-09-08 15:56:18.005] [466459] [HailoRT] [info] [edge_elements.cpp:187] [create] Created (LastAsyncEl0PostInferEl5AsyncHwEl)
[2026-09-08 15:56:18.005] [466459] [HailoRT] [info] [edge_elements.cpp:187] [create] Created (LastAsyncEl1AsyncHwEl)
[2026-09-08 15:56:18.006] [466459] [HailoRT] [info] [queue_elements.cpp:450] [create] Created (PushQEl2AsyncHwEl | timeout: 10s)
[2026-09-08 15:56:18.006] [466459] [HailoRT] [info] [filter_elements.cpp:375] [create] Created (PostInferEl2AsyncHwEl | Reorder - src_order: FCR, src_shape: (20, 20, 56), dst_order: FCR, dst_shape: (20, 20, 51))
[2026-09-08 15:56:18.006] [466459] [HailoRT] [info] [edge_elements.cpp:187] [create] Created (LastAsyncEl0PostInferEl2AsyncHwEl)
[2026-09-08 15:56:18.006] [466459] [HailoRT] [info] [edge_elements.cpp:187] [create] Created (LastAsyncEl3AsyncHwEl)
[2026-09-08 15:56:18.006] [466459] [HailoRT] [info] [edge_elements.cpp:187] [create] Created (LastAsyncEl0AsyncHwEl)
[2026-09-08 15:56:18.007] [466459] [HailoRT] [info] [edge_elements.cpp:187] [create] Created (LastAsyncEl8AsyncHwEl)
[2026-09-08 15:56:18.007] [466459] [HailoRT] [info] [edge_elements.cpp:187] [create] Created (LastAsyncEl6AsyncHwEl)
[2026-09-08 15:56:18.007] [466459] [HailoRT] [info] [queue_elements.cpp:450] [create] Created (PushQEl7AsyncHwEl | timeout: 10s)
[2026-09-08 15:56:18.007] [466459] [HailoRT] [info] [filter_elements.cpp:375] [create] Created (PostInferEl7AsyncHwEl | Reorder - src_order: FCR, src_shape: (80, 80, 56), dst_order: FCR, dst_shape: (80, 80, 51))
[2026-09-08 15:56:18.007] [466459] [HailoRT] [info] [edge_elements.cpp:187] [create] Created (LastAsyncEl0PostInferEl7AsyncHwEl)
[2026-09-08 15:56:18.007] [466459] [HailoRT] [info] [pipeline.cpp:891] [print_deep_description] EntryPushQEl0yolov8m_pose/input_layer1 | inputs: user | outputs: PreInferEl1yolov8m_pose/input_layer1(running in thread_id: 466562)
[2026-09-08 15:56:18.008] [466459] [HailoRT] [info] [pipeline.cpp:891] [print_deep_description] PreInferEl1yolov8m_pose/input_layer1 | inputs: EntryPushQEl0yolov8m_pose/input_layer1[0] | outputs: PushQEl1yolov8m_pose/input_layer1
[2026-09-08 15:56:18.008] [466459] [HailoRT] [info] [pipeline.cpp:891] [print_deep_description] PushQEl1yolov8m_pose/input_layer1 | inputs: PreInferEl1yolov8m_pose/input_layer1[0] | outputs: AsyncHwEl(running in thread_id: 466563)
[2026-09-08 15:56:18.008] [466459] [HailoRT] [info] [pipeline.cpp:891] [print_deep_description] AsyncHwEl | inputs: PushQEl1yolov8m_pose/input_layer1[0] | outputs: LastAsyncEl0AsyncHwEl LastAsyncEl1AsyncHwEl PushQEl2AsyncHwEl LastAsyncEl3AsyncHwEl LastAsyncEl4AsyncHwEl PushQEl5AsyncHwEl LastAsyncEl6AsyncHwEl PushQEl7AsyncHwEl LastAsyncEl8AsyncHwEl
[2026-09-08 15:56:18.008] [466459] [HailoRT] [info] [pipeline.cpp:891] [print_deep_description] LastAsyncEl0AsyncHwEl | inputs: AsyncHwEl[0] | outputs: user
[2026-09-08 15:56:18.008] [466459] [HailoRT] [info] [pipeline.cpp:891] [print_deep_description] LastAsyncEl1AsyncHwEl | inputs: AsyncHwEl[0] | outputs: user
[2026-09-08 15:56:18.008] [466459] [HailoRT] [info] [pipeline.cpp:891] [print_deep_description] PushQEl2AsyncHwEl | inputs: AsyncHwEl[0] | outputs: PostInferEl2AsyncHwEl(running in thread_id: 466565)
[2026-09-08 15:56:18.008] [466459] [HailoRT] [info] [pipeline.cpp:891] [print_deep_description] PostInferEl2AsyncHwEl | inputs: PushQEl2AsyncHwEl[0] | outputs: LastAsyncEl0PostInferEl2AsyncHwEl
[2026-09-08 15:56:18.008] [466459] [HailoRT] [info] [pipeline.cpp:891] [print_deep_description] LastAsyncEl0PostInferEl2AsyncHwEl | inputs: PostInferEl2AsyncHwEl[0] | outputs: user
[2026-09-08 15:56:18.008] [466459] [HailoRT] [info] [pipeline.cpp:891] [print_deep_description] LastAsyncEl3AsyncHwEl | inputs: AsyncHwEl[0] | outputs: user
[2026-09-08 15:56:18.008] [466459] [HailoRT] [info] [pipeline.cpp:891] [print_deep_description] LastAsyncEl4AsyncHwEl | inputs: AsyncHwEl[0] | outputs: user
[2026-09-08 15:56:18.008] [466459] [HailoRT] [info] [pipeline.cpp:891] [print_deep_description] PushQEl5AsyncHwEl | inputs: AsyncHwEl[0] | outputs: PostInferEl5AsyncHwEl(running in thread_id: 466564)
[2026-09-08 15:56:18.008] [466459] [HailoRT] [info] [pipeline.cpp:891] [print_deep_description] PostInferEl5AsyncHwEl | inputs: PushQEl5AsyncHwEl[0] | outputs: LastAsyncEl0PostInferEl5AsyncHwEl
[2026-09-08 15:56:18.008] [466459] [HailoRT] [info] [pipeline.cpp:891] [print_deep_description] LastAsyncEl0PostInferEl5AsyncHwEl | inputs: PostInferEl5AsyncHwEl[0] | outputs: user
[2026-09-08 15:56:18.008] [466459] [HailoRT] [info] [pipeline.cpp:891] [print_deep_description] LastAsyncEl6AsyncHwEl | inputs: AsyncHwEl[0] | outputs: user
[2026-09-08 15:56:18.008] [466459] [HailoRT] [info] [pipeline.cpp:891] [print_deep_description] PushQEl7AsyncHwEl | inputs: AsyncHwEl[0] | outputs: PostInferEl7AsyncHwEl(running in thread_id: 466566)
[2026-09-08 15:56:18.008] [466459] [HailoRT] [info] [pipeline.cpp:891] [print_deep_description] PostInferEl7AsyncHwEl | inputs: PushQEl7AsyncHwEl[0] | outputs: LastAsyncEl0PostInferEl7AsyncHwEl
[2026-09-08 15:56:18.008] [466459] [HailoRT] [info] [pipeline.cpp:891] [print_deep_description] LastAsyncEl0PostInferEl7AsyncHwEl | inputs: PostInferEl7AsyncHwEl[0] | outputs: user
[2026-09-08 15:56:18.008] [466459] [HailoRT] [info] [pipeline.cpp:891] [print_deep_description] LastAsyncEl8AsyncHwEl | inputs: AsyncHwEl[0] | outputs: user
[2026-09-08 15:56:18.195] [466547] [HailoRT] [info] [hef.cpp:1929] [get_network_group_and_network_name] No name was given. Addressing all networks of default network_group: yolov8m_pose
[2026-09-08 16:00:00.661] [466459] [HailoRT] [info] [async_infer_runner.cpp:86] [shutdown] Pipeline was aborted. Shutting it down
[2026-09-08 16:00:00.673] [466560] [HailoRT] [info] [network_group_client.cpp:661] [operator()] Infer request was aborted by user
[2026-09-08 16:00:00.673] [466560] [HailoRT] [info] [network_group_client.cpp:661] [operator()] Infer request was aborted by user
[2026-09-08 16:00:00.675] [466560] [HailoRT] [info] [network_group_client.cpp:661] [operator()] Infer request was aborted by user
[2026-09-08 16:00:00.677] [466560] [HailoRT] [info] [network_group_client.cpp:661] [operator()] Infer request was aborted by user
[2026-09-08 16:00:00.680] [466560] [HailoRT] [info] [network_group_client.cpp:661] [operator()] Infer request was aborted by user
[2026-09-08 16:00:00.682] [466459] [HailoRT] [info] [queue_elements.cpp:570] [execute_deactivate] enqueue() in element PushQEl2AsyncHwEl was aborted, got status = HAILO_SHUTDOWN_EVENT_SIGNALED(57)
[2026-09-08 16:00:00.682] [466459] [HailoRT] [info] [queue_elements.cpp:570] [execute_deactivate] enqueue() in element PushQEl5AsyncHwEl was aborted, got status = HAILO_SHUTDOWN_EVENT_SIGNALED(57)
[2026-09-08 16:00:00.682] [466459] [HailoRT] [info] [queue_elements.cpp:570] [execute_deactivate] enqueue() in element PushQEl7AsyncHwEl was aborted, got status = HAILO_SHUTDOWN_EVENT_SIGNALED(57)
[2026-09-08 16:00:00.682] [466459] [HailoRT] [info] [queue_elements.cpp:570] [execute_deactivate] enqueue() in element PushQEl1yolov8m_pose/input_layer1 was aborted, got status = HAILO_SHUTDOWN_EVENT_SIGNALED(57)
[2026-09-08 16:00:00.682] [466459] [HailoRT] [info] [queue_elements.cpp:570] [execute_deactivate] enqueue() in element EntryPushQEl0yolov8m_pose/input_layer1 was aborted, got status = HAILO_SHUTDOWN_EVENT_SIGNALED(57)
[2026-09-08 16:00:00.682] [466459] [HailoRT] [info] [queue_elements.cpp:46] [~BaseQueueElement] Queue element EntryPushQEl0yolov8m_pose/input_layer1 has 0 frames in his Queue on destruction
[2026-09-08 16:00:00.682] [466459] [HailoRT] [info] [queue_elements.cpp:46] [~BaseQueueElement] Queue element PushQEl1yolov8m_pose/input_layer1 has 0 frames in his Queue on destruction
[2026-09-08 16:00:00.683] [466459] [HailoRT] [info] [queue_elements.cpp:46] [~BaseQueueElement] Queue element PushQEl5AsyncHwEl has 0 frames in his Queue on destruction
[2026-09-08 16:00:00.683] [466459] [HailoRT] [info] [queue_elements.cpp:46] [~BaseQueueElement] Queue element PushQEl2AsyncHwEl has 0 frames in his Queue on destruction
[2026-09-08 16:00:00.684] [466459] [HailoRT] [info] [queue_elements.cpp:46] [~BaseQueueElement] Queue element PushQEl7AsyncHwEl has 0 frames in his Queue on destruction
[2026-09-08 16:00:00.896] [466560] [HailoRT] [info] [vdevice.cpp:424] [listener_run_in_thread] Shutdown event was signaled in listener_run_in_thread
[2026-09-08 16:00:21.037] [476412] [HailoRT] [info] [device.cpp:49] [Device] OS Version: Linux 6.12.62+rpt-rpi-2712 #1 SMP PREEMPT Debian 1:6.12.62-1+rpt1~bookworm (2026-01-19) aarch64
[2026-09-08 16:00:21.039] [476412] [HailoRT] [info] [control.cpp:108] [control__parse_identify_results] firmware_version is: 4.20.0
[2026-09-08 16:00:21.040] [476412] [HailoRT] [info] [control.cpp:108] [control__parse_identify_results] firmware_version is: 4.20.0
[2026-09-08 16:00:21.093] [476420] [HailoRT] [info] [device.cpp:49] [Device] OS Version: Linux 6.12.62+rpt-rpi-2712 #1 SMP PREEMPT Debian 1:6.12.62-1+rpt1~bookworm (2026-01-19) aarch64
[2026-09-08 16:00:21.095] [476420] [HailoRT] [info] [control.cpp:108] [control__parse_identify_results] firmware_version is: 4.20.0
[2026-09-08 16:00:21.096] [476420] [HailoRT] [info] [control.cpp:108] [control__parse_identify_results] firmware_version is: 4.20.0
[2026-09-08 16:00:21.164] [476370] [HailoRT] [info] [vdevice.cpp:523] [create] Creating vdevice with params: device_count: 1, scheduling_algorithm: ROUND_ROBIN, multi_process_service: true
[2026-09-08 16:00:22.184] [476370] [HailoRT] [info] [device.cpp:49] [Device] OS Version: Linux 6.12.62+rpt-rpi-2712 #1 SMP PREEMPT Debian 1:6.12.62-1+rpt1~bookworm (2026-01-19) aarch64
[2026-09-08 16:00:22.185] [476370] [HailoRT] [info] [control.cpp:108] [control__parse_identify_results] firmware_version is: 4.20.0
[2026-09-08 16:00:22.298] [476370] [HailoRT] [info] [hef.cpp:1929] [get_network_group_and_network_name] No name was given. Addressing all networks of default network_group: yolov8m_pose
[2026-09-08 16:00:22.298] [476370] [HailoRT] [info] [hef.cpp:1929] [get_network_group_and_network_name] No name was given. Addressing all networks of default network_group: yolov8m_pose
[2026-09-08 16:00:22.562] [476370] [HailoRT] [info] [infer_model.cpp:436] [configure] Configuring network group 'yolov8m_pose' with params: batch size: 2, power mode: PERFORMANCE, latency: NONE
[2026-09-08 16:00:22.567] [476370] [HailoRT] [info] [multi_io_elements.cpp:756] [create] Created (AsyncHwEl)
[2026-09-08 16:00:22.568] [476370] [HailoRT] [info] [queue_elements.cpp:450] [create] Created (EntryPushQEl0yolov8m_pose/input_layer1 | timeout: 10s)
[2026-09-08 16:00:22.568] [476370] [HailoRT] [info] [filter_elements.cpp:101] [create] Created (PreInferEl1yolov8m_pose/input_layer1 | Reorder - src_order: RGB4, src_shape: (640, 640, 3), dst_order: NHWC, dst_shape: (640, 640, 3))
[2026-09-08 16:00:22.568] [476370] [HailoRT] [info] [queue_elements.cpp:450] [create] Created (PushQEl1yolov8m_pose/input_layer1 | timeout: 10s)
[2026-09-08 16:00:22.569] [476370] [HailoRT] [info] [edge_elements.cpp:187] [create] Created (LastAsyncEl4AsyncHwEl)
[2026-09-08 16:00:22.569] [476370] [HailoRT] [info] [queue_elements.cpp:450] [create] Created (PushQEl5AsyncHwEl | timeout: 10s)
[2026-09-08 16:00:22.569] [476370] [HailoRT] [info] [filter_elements.cpp:375] [create] Created (PostInferEl5AsyncHwEl | Reorder - src_order: FCR, src_shape: (40, 40, 56), dst_order: FCR, dst_shape: (40, 40, 51))
[2026-09-08 16:00:22.569] [476370] [HailoRT] [info] [edge_elements.cpp:187] [create] Created (LastAsyncEl0PostInferEl5AsyncHwEl)
[2026-09-08 16:00:22.570] [476370] [HailoRT] [info] [edge_elements.cpp:187] [create] Created (LastAsyncEl1AsyncHwEl)
[2026-09-08 16:00:22.570] [476370] [HailoRT] [info] [queue_elements.cpp:450] [create] Created (PushQEl2AsyncHwEl | timeout: 10s)
[2026-09-08 16:00:22.570] [476370] [HailoRT] [info] [filter_elements.cpp:375] [create] Created (PostInferEl2AsyncHwEl | Reorder - src_order: FCR, src_shape: (20, 20, 56), dst_order: FCR, dst_shape: (20, 20, 51))
[2026-09-08 16:00:22.570] [476370] [HailoRT] [info] [edge_elements.cpp:187] [create] Created (LastAsyncEl0PostInferEl2AsyncHwEl)
[2026-09-08 16:00:22.573] [476370] [HailoRT] [info] [edge_elements.cpp:187] [create] Created (LastAsyncEl3AsyncHwEl)
[2026-09-08 16:00:22.574] [476370] [HailoRT] [info] [edge_elements.cpp:187] [create] Created (LastAsyncEl0AsyncHwEl)
[2026-09-08 16:00:22.574] [476370] [HailoRT] [info] [edge_elements.cpp:187] [create] Created (LastAsyncEl8AsyncHwEl)
[2026-09-08 16:00:22.575] [476370] [HailoRT] [info] [edge_elements.cpp:187] [create] Created (LastAsyncEl6AsyncHwEl)
[2026-09-08 16:00:22.575] [476370] [HailoRT] [info] [queue_elements.cpp:450] [create] Created (PushQEl7AsyncHwEl | timeout: 10s)
[2026-09-08 16:00:22.575] [476370] [HailoRT] [info] [filter_elements.cpp:375] [create] Created (PostInferEl7AsyncHwEl | Reorder - src_order: FCR, src_shape: (80, 80, 56), dst_order: FCR, dst_shape: (80, 80, 51))
[2026-09-08 16:00:22.575] [476370] [HailoRT] [info] [edge_elements.cpp:187] [create] Created (LastAsyncEl0PostInferEl7AsyncHwEl)
[2026-09-08 16:00:22.575] [476370] [HailoRT] [info] [pipeline.cpp:891] [print_deep_description] EntryPushQEl0yolov8m_pose/input_layer1 | inputs: user | outputs: PreInferEl1yolov8m_pose/input_layer1(running in thread_id: 476478)
[2026-09-08 16:00:22.575] [476370] [HailoRT] [info] [pipeline.cpp:891] [print_deep_description] PreInferEl1yolov8m_pose/input_layer1 | inputs: EntryPushQEl0yolov8m_pose/input_layer1[0] | outputs: PushQEl1yolov8m_pose/input_layer1
[2026-09-08 16:00:22.575] [476370] [HailoRT] [info] [pipeline.cpp:891] [print_deep_description] PushQEl1yolov8m_pose/input_layer1 | inputs: PreInferEl1yolov8m_pose/input_layer1[0] | outputs: AsyncHwEl(running in thread_id: 476479)
[2026-09-08 16:00:22.575] [476370] [HailoRT] [info] [pipeline.cpp:891] [print_deep_description] AsyncHwEl | inputs: PushQEl1yolov8m_pose/input_layer1[0] | outputs: LastAsyncEl0AsyncHwEl LastAsyncEl1AsyncHwEl PushQEl2AsyncHwEl LastAsyncEl3AsyncHwEl LastAsyncEl4AsyncHwEl PushQEl5AsyncHwEl LastAsyncEl6AsyncHwEl PushQEl7AsyncHwEl LastAsyncEl8AsyncHwEl
[2026-09-08 16:00:22.575] [476370] [HailoRT] [info] [pipeline.cpp:891] [print_deep_description] LastAsyncEl0AsyncHwEl | inputs: AsyncHwEl[0] | outputs: user
[2026-09-08 16:00:22.575] [476370] [HailoRT] [info] [pipeline.cpp:891] [print_deep_description] LastAsyncEl1AsyncHwEl | inputs: AsyncHwEl[0] | outputs: user
[2026-09-08 16:00:22.575] [476370] [HailoRT] [info] [pipeline.cpp:891] [print_deep_description] PushQEl2AsyncHwEl | inputs: AsyncHwEl[0] | outputs: PostInferEl2AsyncHwEl(running in thread_id: 476481)
[2026-09-08 16:00:22.575] [476370] [HailoRT] [info] [pipeline.cpp:891] [print_deep_description] PostInferEl2AsyncHwEl | inputs: PushQEl2AsyncHwEl[0] | outputs: LastAsyncEl0PostInferEl2AsyncHwEl
[2026-09-08 16:00:22.575] [476370] [HailoRT] [info] [pipeline.cpp:891] [print_deep_description] LastAsyncEl0PostInferEl2AsyncHwEl | inputs: PostInferEl2AsyncHwEl[0] | outputs: user
[2026-09-08 16:00:22.575] [476370] [HailoRT] [info] [pipeline.cpp:891] [print_deep_description] LastAsyncEl3AsyncHwEl | inputs: AsyncHwEl[0] | outputs: user
[2026-09-08 16:00:22.575] [476370] [HailoRT] [info] [pipeline.cpp:891] [print_deep_description] LastAsyncEl4AsyncHwEl | inputs: AsyncHwEl[0] | outputs: user
[2026-09-08 16:00:22.575] [476370] [HailoRT] [info] [pipeline.cpp:891] [print_deep_description] PushQEl5AsyncHwEl | inputs: AsyncHwEl[0] | outputs: PostInferEl5AsyncHwEl(running in thread_id: 476480)
[2026-09-08 16:00:22.575] [476370] [HailoRT] [info] [pipeline.cpp:891] [print_deep_description] PostInferEl5AsyncHwEl | inputs: PushQEl5AsyncHwEl[0] | outputs: LastAsyncEl0PostInferEl5AsyncHwEl
[2026-09-08 16:00:22.575] [476370] [HailoRT] [info] [pipeline.cpp:891] [print_deep_description] LastAsyncEl0PostInferEl5AsyncHwEl | inputs: PostInferEl5AsyncHwEl[0] | outputs: user
[2026-09-08 16:00:22.575] [476370] [HailoRT] [info] [pipeline.cpp:891] [print_deep_description] LastAsyncEl6AsyncHwEl | inputs: AsyncHwEl[0] | outputs: user
[2026-09-08 16:00:22.575] [476370] [HailoRT] [info] [pipeline.cpp:891] [print_deep_description] PushQEl7AsyncHwEl | inputs: AsyncHwEl[0] | outputs: PostInferEl7AsyncHwEl(running in thread_id: 476482)
[2026-09-08 16:00:22.575] [476370] [HailoRT] [info] [pipeline.cpp:891] [print_deep_description] PostInferEl7AsyncHwEl | inputs: PushQEl7AsyncHwEl[0] | outputs: LastAsyncEl0PostInferEl7AsyncHwEl
[2026-09-08 16:00:22.575] [476370] [HailoRT] [info] [pipeline.cpp:891] [print_deep_description] LastAsyncEl0PostInferEl7AsyncHwEl | inputs: PostInferEl7AsyncHwEl[0] | outputs: user
[2026-09-08 16:00:22.575] [476370] [HailoRT] [info] [pipeline.cpp:891] [print_deep_description] LastAsyncEl8AsyncHwEl | inputs: AsyncHwEl[0] | outputs: user
[2026-09-08 16:00:22.802] [476461] [HailoRT] [info] [hef.cpp:1929] [get_network_group_and_network_name] No name was given. Addressing all networks of default network_group: yolov8m_pose
[2026-09-08 16:11:02.747] [490783] [HailoRT] [info] [device.cpp:49] [Device] OS Version: Linux 6.12.62+rpt-rpi-2712 #1 SMP PREEMPT Debian 1:6.12.62-1+rpt1~bookworm (2026-01-19) aarch64
[2026-09-08 16:11:02.748] [490783] [HailoRT] [info] [control.cpp:108] [control__parse_identify_results] firmware_version is: 4.20.0
[2026-09-08 16:11:02.749] [490783] [HailoRT] [info] [control.cpp:108] [control__parse_identify_results] firmware_version is: 4.20.0
[2026-09-08 16:11:02.809] [490791] [HailoRT] [info] [device.cpp:49] [Device] OS Version: Linux 6.12.62+rpt-rpi-2712 #1 SMP PREEMPT Debian 1:6.12.62-1+rpt1~bookworm (2026-01-19) aarch64
[2026-09-08 16:11:02.811] [490791] [HailoRT] [info] [control.cpp:108] [control__parse_identify_results] firmware_version is: 4.20.0
[2026-09-08 16:11:02.813] [490791] [HailoRT] [info] [control.cpp:108] [control__parse_identify_results] firmware_version is: 4.20.0
[2026-09-08 16:11:02.909] [490774] [HailoRT] [info] [vdevice.cpp:523] [create] Creating vdevice with params: device_count: 1, scheduling_algorithm: ROUND_ROBIN, multi_process_service: true
[2026-09-08 16:11:03.928] [490774] [HailoRT] [info] [device.cpp:49] [Device] OS Version: Linux 6.12.62+rpt-rpi-2712 #1 SMP PREEMPT Debian 1:6.12.62-1+rpt1~bookworm (2026-01-19) aarch64
[2026-09-08 16:11:03.929] [490774] [HailoRT] [info] [control.cpp:108] [control__parse_identify_results] firmware_version is: 4.20.0
[2026-09-08 16:11:04.036] [490774] [HailoRT] [info] [hef.cpp:1929] [get_network_group_and_network_name] No name was given. Addressing all networks of default network_group: yolov8m_pose
[2026-09-08 16:11:04.036] [490774] [HailoRT] [info] [hef.cpp:1929] [get_network_group_and_network_name] No name was given. Addressing all networks of default network_group: yolov8m_pose
[2026-09-08 16:11:04.286] [490774] [HailoRT] [info] [infer_model.cpp:436] [configure] Configuring network group 'yolov8m_pose' with params: batch size: 2, power mode: PERFORMANCE, latency: NONE
[2026-09-08 16:11:04.288] [490774] [HailoRT] [info] [multi_io_elements.cpp:756] [create] Created (AsyncHwEl)
[2026-09-08 16:11:04.289] [490774] [HailoRT] [info] [queue_elements.cpp:450] [create] Created (EntryPushQEl0yolov8m_pose/input_layer1 | timeout: 10s)
[2026-09-08 16:11:04.289] [490774] [HailoRT] [info] [filter_elements.cpp:101] [create] Created (PreInferEl1yolov8m_pose/input_layer1 | Reorder - src_order: RGB4, src_shape: (640, 640, 3), dst_order: NHWC, dst_shape: (640, 640, 3))
[2026-09-08 16:11:04.289] [490774] [HailoRT] [info] [queue_elements.cpp:450] [create] Created (PushQEl1yolov8m_pose/input_layer1 | timeout: 10s)
[2026-09-08 16:11:04.290] [490774] [HailoRT] [info] [edge_elements.cpp:187] [create] Created (LastAsyncEl4AsyncHwEl)
[2026-09-08 16:11:04.291] [490774] [HailoRT] [info] [queue_elements.cpp:450] [create] Created (PushQEl5AsyncHwEl | timeout: 10s)
[2026-09-08 16:11:04.291] [490774] [HailoRT] [info] [filter_elements.cpp:375] [create] Created (PostInferEl5AsyncHwEl | Reorder - src_order: FCR, src_shape: (40, 40, 56), dst_order: FCR, dst_shape: (40, 40, 51))
[2026-09-08 16:11:04.291] [490774] [HailoRT] [info] [edge_elements.cpp:187] [create] Created (LastAsyncEl0PostInferEl5AsyncHwEl)
[2026-09-08 16:11:04.292] [490774] [HailoRT] [info] [edge_elements.cpp:187] [create] Created (LastAsyncEl1AsyncHwEl)
[2026-09-08 16:11:04.292] [490774] [HailoRT] [info] [queue_elements.cpp:450] [create] Created (PushQEl2AsyncHwEl | timeout: 10s)
[2026-09-08 16:11:04.292] [490774] [HailoRT] [info] [filter_elements.cpp:375] [create] Created (PostInferEl2AsyncHwEl | Reorder - src_order: FCR, src_shape: (20, 20, 56), dst_order: FCR, dst_shape: (20, 20, 51))
[2026-09-08 16:11:04.292] [490774] [HailoRT] [info] [edge_elements.cpp:187] [create] Created (LastAsyncEl0PostInferEl2AsyncHwEl)
[2026-09-08 16:11:04.293] [490774] [HailoRT] [info] [edge_elements.cpp:187] [create] Created (LastAsyncEl3AsyncHwEl)
[2026-09-08 16:11:04.293] [490774] [HailoRT] [info] [edge_elements.cpp:187] [create] Created (LastAsyncEl0AsyncHwEl)
[2026-09-08 16:11:04.294] [490774] [HailoRT] [info] [edge_elements.cpp:187] [create] Created (LastAsyncEl8AsyncHwEl)
[2026-09-08 16:11:04.294] [490774] [HailoRT] [info] [edge_elements.cpp:187] [create] Created (LastAsyncEl6AsyncHwEl)
[2026-09-08 16:11:04.295] [490774] [HailoRT] [info] [queue_elements.cpp:450] [create] Created (PushQEl7AsyncHwEl | timeout: 10s)
[2026-09-08 16:11:04.295] [490774] [HailoRT] [info] [filter_elements.cpp:375] [create] Created (PostInferEl7AsyncHwEl | Reorder - src_order: FCR, src_shape: (80, 80, 56), dst_order: FCR, dst_shape: (80, 80, 51))
[2026-09-08 16:11:04.295] [490774] [HailoRT] [info] [edge_elements.cpp:187] [create] Created (LastAsyncEl0PostInferEl7AsyncHwEl)
[2026-09-08 16:11:04.295] [490774] [HailoRT] [info] [pipeline.cpp:891] [print_deep_description] EntryPushQEl0yolov8m_pose/input_layer1 | inputs: user | outputs: PreInferEl1yolov8m_pose/input_layer1(running in thread_id: 490876)
[2026-09-08 16:11:04.295] [490774] [HailoRT] [info] [pipeline.cpp:891] [print_deep_description] PreInferEl1yolov8m_pose/input_layer1 | inputs: EntryPushQEl0yolov8m_pose/input_layer1[0] | outputs: PushQEl1yolov8m_pose/input_layer1
[2026-09-08 16:11:04.295] [490774] [HailoRT] [info] [pipeline.cpp:891] [print_deep_description] PushQEl1yolov8m_pose/input_layer1 | inputs: PreInferEl1yolov8m_pose/input_layer1[0] | outputs: AsyncHwEl(running in thread_id: 490877)
[2026-09-08 16:11:04.295] [490774] [HailoRT] [info] [pipeline.cpp:891] [print_deep_description] AsyncHwEl | inputs: PushQEl1yolov8m_pose/input_layer1[0] | outputs: LastAsyncEl0AsyncHwEl LastAsyncEl1AsyncHwEl PushQEl2AsyncHwEl LastAsyncEl3AsyncHwEl LastAsyncEl4AsyncHwEl PushQEl5AsyncHwEl LastAsyncEl6AsyncHwEl PushQEl7AsyncHwEl LastAsyncEl8AsyncHwEl
[2026-09-08 16:11:04.295] [490774] [HailoRT] [info] [pipeline.cpp:891] [print_deep_description] LastAsyncEl0AsyncHwEl | inputs: AsyncHwEl[0] | outputs: user
[2026-09-08 16:11:04.295] [490774] [HailoRT] [info] [pipeline.cpp:891] [print_deep_description] LastAsyncEl1AsyncHwEl | inputs: AsyncHwEl[0] | outputs: user
[2026-09-08 16:11:04.295] [490774] [HailoRT] [info] [pipeline.cpp:891] [print_deep_description] PushQEl2AsyncHwEl | inputs: AsyncHwEl[0] | outputs: PostInferEl2AsyncHwEl(running in thread_id: 490879)
[2026-09-08 16:11:04.295] [490774] [HailoRT] [info] [pipeline.cpp:891] [print_deep_description] PostInferEl2AsyncHwEl | inputs: PushQEl2AsyncHwEl[0] | outputs: LastAsyncEl0PostInferEl2AsyncHwEl
[2026-09-08 16:11:04.295] [490774] [HailoRT] [info] [pipeline.cpp:891] [print_deep_description] LastAsyncEl0PostInferEl2AsyncHwEl | inputs: PostInferEl2AsyncHwEl[0] | outputs: user
[2026-09-08 16:11:04.295] [490774] [HailoRT] [info] [pipeline.cpp:891] [print_deep_description] LastAsyncEl3AsyncHwEl | inputs: AsyncHwEl[0] | outputs: user
[2026-09-08 16:11:04.295] [490774] [HailoRT] [info] [pipeline.cpp:891] [print_deep_description] LastAsyncEl4AsyncHwEl | inputs: AsyncHwEl[0] | outputs: user
[2026-09-08 16:11:04.295] [490774] [HailoRT] [info] [pipeline.cpp:891] [print_deep_description] PushQEl5AsyncHwEl | inputs: AsyncHwEl[0] | outputs: PostInferEl5AsyncHwEl(running in thread_id: 490878)
[2026-09-08 16:11:04.295] [490774] [HailoRT] [info] [pipeline.cpp:891] [print_deep_description] PostInferEl5AsyncHwEl | inputs: PushQEl5AsyncHwEl[0] | outputs: LastAsyncEl0PostInferEl5AsyncHwEl
[2026-09-08 16:11:04.295] [490774] [HailoRT] [info] [pipeline.cpp:891] [print_deep_description] LastAsyncEl0PostInferEl5AsyncHwEl | inputs: PostInferEl5AsyncHwEl[0] | outputs: user
[2026-09-08 16:11:04.295] [490774] [HailoRT] [info] [pipeline.cpp:891] [print_deep_description] LastAsyncEl6AsyncHwEl | inputs: AsyncHwEl[0] | outputs: user
[2026-09-08 16:11:04.295] [490774] [HailoRT] [info] [pipeline.cpp:891] [print_deep_description] PushQEl7AsyncHwEl | inputs: AsyncHwEl[0] | outputs: PostInferEl7AsyncHwEl(running in thread_id: 490880)
[2026-09-08 16:11:04.295] [490774] [HailoRT] [info] [pipeline.cpp:891] [print_deep_description] PostInferEl7AsyncHwEl | inputs: PushQEl7AsyncHwEl[0] | outputs: LastAsyncEl0PostInferEl7AsyncHwEl
[2026-09-08 16:11:04.295] [490774] [HailoRT] [info] [pipeline.cpp:891] [print_deep_description] LastAsyncEl0PostInferEl7AsyncHwEl | inputs: PostInferEl7AsyncHwEl[0] | outputs: user
[2026-09-08 16:11:04.295] [490774] [HailoRT] [info] [pipeline.cpp:891] [print_deep_description] LastAsyncEl8AsyncHwEl | inputs: AsyncHwEl[0] | outputs: user
[2026-09-08 16:11:04.480] [490860] [HailoRT] [info] [hef.cpp:1929] [get_network_group_and_network_name] No name was given. Addressing all networks of default network_group: yolov8m_pose
[2026-09-08 16:11:14.777] [490876] [HailoRT] [warning] [pipeline.cpp:441] [acquire_buffer] Failed to acquire buffer because the buffer pool is empty. This could be caused by uneven reading and writing speeds, with a short user-defined timeout. (timeout=10000ms)
[2026-09-08 16:11:14.778] [490876] [HailoRT] [error] [pipeline.cpp:472] [get_available_buffer] CHECK_SUCCESS failed with status=HAILO_TIMEOUT(4) - Failed to acquire buffer with status=HAILO_TIMEOUT(4)
[2026-09-08 16:11:14.778] [490876] [HailoRT] [error] [filter_elements.cpp:168] [action] CHECK failed - PreInferEl1yolov8m_pose/input_layer1 (H2D) failed with status=HAILO_TIMEOUT(4) (timeout=10000ms)
[2026-09-08 16:11:15.096] [490860] [HailoRT] [error] [infer_model.cpp:818] [wait_for_async_ready] CHECK failed - Got timeout in `wait_for_async_ready` (10000ms) - the edge 'yolov8m_pose/conv61' could not receive 1 transfer-requests
[2026-09-08 16:11:24.779] [490876] [HailoRT] [warning] [pipeline.cpp:441] [acquire_buffer] Failed to acquire buffer because the buffer pool is empty. This could be caused by uneven reading and writing speeds, with a short user-defined timeout. (timeout=10000ms)
[2026-09-08 16:11:24.779] [490876] [HailoRT] [error] [pipeline.cpp:472] [get_available_buffer] CHECK_SUCCESS failed with status=HAILO_TIMEOUT(4) - Failed to acquire buffer with status=HAILO_TIMEOUT(4)
[2026-09-08 16:11:24.779] [490876] [HailoRT] [error] [filter_elements.cpp:168] [action] CHECK failed - PreInferEl1yolov8m_pose/input_layer1 (H2D) failed with status=HAILO_TIMEOUT(4) (timeout=10000ms)
[2026-09-08 16:11:24.785] [490877] [HailoRT] [warning] [pipeline.cpp:441] [acquire_buffer] Failed to acquire buffer because the buffer pool is empty. This could be caused by uneven reading and writing speeds, with a short user-defined timeout. (timeout=10000ms)
[2026-09-08 16:11:34.785] [490877] [HailoRT] [warning] [pipeline.cpp:441] [acquire_buffer] Failed to acquire buffer because the buffer pool is empty. This could be caused by uneven reading and writing speeds, with a short user-defined timeout. (timeout=10000ms)
[2026-09-08 16:11:34.789] [490876] [HailoRT] [warning] [pipeline.cpp:441] [acquire_buffer] Failed to acquire buffer because the buffer pool is empty. This could be caused by uneven reading and writing speeds, with a short user-defined timeout. (timeout=10000ms)
[2026-09-08 16:11:34.789] [490876] [HailoRT] [error] [pipeline.cpp:472] [get_available_buffer] CHECK_SUCCESS failed with status=HAILO_TIMEOUT(4) - Failed to acquire buffer with status=HAILO_TIMEOUT(4)
[2026-09-08 16:11:34.789] [490876] [HailoRT] [error] [filter_elements.cpp:168] [action] CHECK failed - PreInferEl1yolov8m_pose/input_layer1 (H2D) failed with status=HAILO_TIMEOUT(4) (timeout=10000ms)
[2026-09-08 16:11:44.793] [490877] [HailoRT] [warning] [pipeline.cpp:441] [acquire_buffer] Failed to acquire buffer because the buffer pool is empty. This could be caused by uneven reading and writing speeds, with a short user-defined timeout. (timeout=10000ms)
[2026-09-08 16:11:44.798] [490876] [HailoRT] [warning] [pipeline.cpp:441] [acquire_buffer] Failed to acquire buffer because the buffer pool is empty. This could be caused by uneven reading and writing speeds, with a short user-defined timeout. (timeout=10000ms)
[2026-09-08 16:11:44.799] [490876] [HailoRT] [error] [pipeline.cpp:472] [get_available_buffer] CHECK_SUCCESS failed with status=HAILO_TIMEOUT(4) - Failed to acquire buffer with status=HAILO_TIMEOUT(4)
[2026-09-08 16:11:44.799] [490876] [HailoRT] [error] [filter_elements.cpp:168] [action] CHECK failed - PreInferEl1yolov8m_pose/input_layer1 (H2D) failed with status=HAILO_TIMEOUT(4) (timeout=10000ms)
[2026-09-08 16:11:54.798] [490877] [HailoRT] [warning] [pipeline.cpp:441] [acquire_buffer] Failed to acquire buffer because the buffer pool is empty. This could be caused by uneven reading and writing speeds, with a short user-defined timeout. (timeout=10000ms)
[2026-09-08 16:11:54.809] [490876] [HailoRT] [warning] [pipeline.cpp:441] [acquire_buffer] Failed to acquire buffer because the buffer pool is empty. This could be caused by uneven reading and writing speeds, with a short user-defined timeout. (timeout=10000ms)
[2026-09-08 16:11:54.809] [490876] [HailoRT] [error] [pipeline.cpp:472] [get_available_buffer] CHECK_SUCCESS failed with status=HAILO_TIMEOUT(4) - Failed to acquire buffer with status=HAILO_TIMEOUT(4)
[2026-09-08 16:11:54.809] [490876] [HailoRT] [error] [filter_elements.cpp:168] [action] CHECK failed - PreInferEl1yolov8m_pose/input_layer1 (H2D) failed with status=HAILO_TIMEOUT(4) (timeout=10000ms)
[2026-09-08 16:12:07.694] [491979] [HailoRT] [info] [device.cpp:49] [Device] OS Version: Linux 6.12.62+rpt-rpi-2712 #1 SMP PREEMPT Debian 1:6.12.62-1+rpt1~bookworm (2026-01-19) aarch64
[2026-09-08 16:12:07.695] [491979] [HailoRT] [info] [control.cpp:108] [control__parse_identify_results] firmware_version is: 4.20.0
[2026-09-08 16:12:07.696] [491979] [HailoRT] [info] [control.cpp:108] [control__parse_identify_results] firmware_version is: 4.20.0
[2026-09-08 16:12:07.758] [491987] [HailoRT] [info] [device.cpp:49] [Device] OS Version: Linux 6.12.62+rpt-rpi-2712 #1 SMP PREEMPT Debian 1:6.12.62-1+rpt1~bookworm (2026-01-19) aarch64
[2026-09-08 16:12:07.760] [491987] [HailoRT] [info] [control.cpp:108] [control__parse_identify_results] firmware_version is: 4.20.0
[2026-09-08 16:12:07.762] [491987] [HailoRT] [info] [control.cpp:108] [control__parse_identify_results] firmware_version is: 4.20.0
[2026-09-08 16:12:07.846] [491939] [HailoRT] [info] [vdevice.cpp:523] [create] Creating vdevice with params: device_count: 1, scheduling_algorithm: ROUND_ROBIN, multi_process_service: true
[2026-09-08 16:12:08.864] [491939] [HailoRT] [info] [device.cpp:49] [Device] OS Version: Linux 6.12.62+rpt-rpi-2712 #1 SMP PREEMPT Debian 1:6.12.62-1+rpt1~bookworm (2026-01-19) aarch64
[2026-09-08 16:12:08.865] [491939] [HailoRT] [info] [control.cpp:108] [control__parse_identify_results] firmware_version is: 4.20.0
[2026-09-08 16:12:08.973] [491939] [HailoRT] [info] [hef.cpp:1929] [get_network_group_and_network_name] No name was given. Addressing all networks of default network_group: yolov8m_pose
[2026-09-08 16:12:08.973] [491939] [HailoRT] [info] [hef.cpp:1929] [get_network_group_and_network_name] No name was given. Addressing all networks of default network_group: yolov8m_pose
[2026-09-08 16:12:09.254] [491939] [HailoRT] [info] [infer_model.cpp:436] [configure] Configuring network group 'yolov8m_pose' with params: batch size: 2, power mode: PERFORMANCE, latency: NONE
[2026-09-08 16:12:09.259] [491939] [HailoRT] [info] [multi_io_elements.cpp:756] [create] Created (AsyncHwEl)
[2026-09-08 16:12:09.260] [491939] [HailoRT] [info] [queue_elements.cpp:450] [create] Created (EntryPushQEl0yolov8m_pose/input_layer1 | timeout: 10s)
[2026-09-08 16:12:09.260] [491939] [HailoRT] [info] [filter_elements.cpp:101] [create] Created (PreInferEl1yolov8m_pose/input_layer1 | Reorder - src_order: RGB4, src_shape: (640, 640, 3), dst_order: NHWC, dst_shape: (640, 640, 3))
[2026-09-08 16:12:09.260] [491939] [HailoRT] [info] [queue_elements.cpp:450] [create] Created (PushQEl1yolov8m_pose/input_layer1 | timeout: 10s)
[2026-09-08 16:12:09.261] [491939] [HailoRT] [info] [edge_elements.cpp:187] [create] Created (LastAsyncEl4AsyncHwEl)
[2026-09-08 16:12:09.261] [491939] [HailoRT] [info] [queue_elements.cpp:450] [create] Created (PushQEl5AsyncHwEl | timeout: 10s)
[2026-09-08 16:12:09.261] [491939] [HailoRT] [info] [filter_elements.cpp:375] [create] Created (PostInferEl5AsyncHwEl | Reorder - src_order: FCR, src_shape: (40, 40, 56), dst_order: FCR, dst_shape: (40, 40, 51))
[2026-09-08 16:12:09.261] [491939] [HailoRT] [info] [edge_elements.cpp:187] [create] Created (LastAsyncEl0PostInferEl5AsyncHwEl)
[2026-09-08 16:12:09.262] [491939] [HailoRT] [info] [edge_elements.cpp:187] [create] Created (LastAsyncEl1AsyncHwEl)
[2026-09-08 16:12:09.262] [491939] [HailoRT] [info] [queue_elements.cpp:450] [create] Created (PushQEl2AsyncHwEl | timeout: 10s)
[2026-09-08 16:12:09.262] [491939] [HailoRT] [info] [filter_elements.cpp:375] [create] Created (PostInferEl2AsyncHwEl | Reorder - src_order: FCR, src_shape: (20, 20, 56), dst_order: FCR, dst_shape: (20, 20, 51))
[2026-09-08 16:12:09.262] [491939] [HailoRT] [info] [edge_elements.cpp:187] [create] Created (LastAsyncEl0PostInferEl2AsyncHwEl)
[2026-09-08 16:12:09.263] [491939] [HailoRT] [info] [edge_elements.cpp:187] [create] Created (LastAsyncEl3AsyncHwEl)
[2026-09-08 16:12:09.263] [491939] [HailoRT] [info] [edge_elements.cpp:187] [create] Created (LastAsyncEl0AsyncHwEl)
[2026-09-08 16:12:09.265] [491939] [HailoRT] [info] [edge_elements.cpp:187] [create] Created (LastAsyncEl8AsyncHwEl)
[2026-09-08 16:12:09.266] [491939] [HailoRT] [info] [edge_elements.cpp:187] [create] Created (LastAsyncEl6AsyncHwEl)
[2026-09-08 16:12:09.267] [491939] [HailoRT] [info] [queue_elements.cpp:450] [create] Created (PushQEl7AsyncHwEl | timeout: 10s)
[2026-09-08 16:12:09.267] [491939] [HailoRT] [info] [filter_elements.cpp:375] [create] Created (PostInferEl7AsyncHwEl | Reorder - src_order: FCR, src_shape: (80, 80, 56), dst_order: FCR, dst_shape: (80, 80, 51))
[2026-09-08 16:12:09.267] [491939] [HailoRT] [info] [edge_elements.cpp:187] [create] Created (LastAsyncEl0PostInferEl7AsyncHwEl)
[2026-09-08 16:12:09.267] [491939] [HailoRT] [info] [pipeline.cpp:891] [print_deep_description] EntryPushQEl0yolov8m_pose/input_layer1 | inputs: user | outputs: PreInferEl1yolov8m_pose/input_layer1(running in thread_id: 492064)
[2026-09-08 16:12:09.267] [491939] [HailoRT] [info] [pipeline.cpp:891] [print_deep_description] PreInferEl1yolov8m_pose/input_layer1 | inputs: EntryPushQEl0yolov8m_pose/input_layer1[0] | outputs: PushQEl1yolov8m_pose/input_layer1
[2026-09-08 16:12:09.267] [491939] [HailoRT] [info] [pipeline.cpp:891] [print_deep_description] PushQEl1yolov8m_pose/input_layer1 | inputs: PreInferEl1yolov8m_pose/input_layer1[0] | outputs: AsyncHwEl(running in thread_id: 492065)
[2026-09-08 16:12:09.267] [491939] [HailoRT] [info] [pipeline.cpp:891] [print_deep_description] AsyncHwEl | inputs: PushQEl1yolov8m_pose/input_layer1[0] | outputs: LastAsyncEl0AsyncHwEl LastAsyncEl1AsyncHwEl PushQEl2AsyncHwEl LastAsyncEl3AsyncHwEl LastAsyncEl4AsyncHwEl PushQEl5AsyncHwEl LastAsyncEl6AsyncHwEl PushQEl7AsyncHwEl LastAsyncEl8AsyncHwEl
[2026-09-08 16:12:09.267] [491939] [HailoRT] [info] [pipeline.cpp:891] [print_deep_description] LastAsyncEl0AsyncHwEl | inputs: AsyncHwEl[0] | outputs: user
[2026-09-08 16:12:09.267] [491939] [HailoRT] [info] [pipeline.cpp:891] [print_deep_description] LastAsyncEl1AsyncHwEl | inputs: AsyncHwEl[0] | outputs: user
[2026-09-08 16:12:09.267] [491939] [HailoRT] [info] [pipeline.cpp:891] [print_deep_description] PushQEl2AsyncHwEl | inputs: AsyncHwEl[0] | outputs: PostInferEl2AsyncHwEl(running in thread_id: 492067)
[2026-09-08 16:12:09.267] [491939] [HailoRT] [info] [pipeline.cpp:891] [print_deep_description] PostInferEl2AsyncHwEl | inputs: PushQEl2AsyncHwEl[0] | outputs: LastAsyncEl0PostInferEl2AsyncHwEl
[2026-09-08 16:12:09.267] [491939] [HailoRT] [info] [pipeline.cpp:891] [print_deep_description] LastAsyncEl0PostInferEl2AsyncHwEl | inputs: PostInferEl2AsyncHwEl[0] | outputs: user
[2026-09-08 16:12:09.267] [491939] [HailoRT] [info] [pipeline.cpp:891] [print_deep_description] LastAsyncEl3AsyncHwEl | inputs: AsyncHwEl[0] | outputs: user
[2026-09-08 16:12:09.267] [491939] [HailoRT] [info] [pipeline.cpp:891] [print_deep_description] LastAsyncEl4AsyncHwEl | inputs: AsyncHwEl[0] | outputs: user
[2026-09-08 16:12:09.267] [491939] [HailoRT] [info] [pipeline.cpp:891] [print_deep_description] PushQEl5AsyncHwEl | inputs: AsyncHwEl[0] | outputs: PostInferEl5AsyncHwEl(running in thread_id: 492066)
[2026-09-08 16:12:09.267] [491939] [HailoRT] [info] [pipeline.cpp:891] [print_deep_description] PostInferEl5AsyncHwEl | inputs: PushQEl5AsyncHwEl[0] | outputs: LastAsyncEl0PostInferEl5AsyncHwEl
[2026-09-08 16:12:09.267] [491939] [HailoRT] [info] [pipeline.cpp:891] [print_deep_description] LastAsyncEl0PostInferEl5AsyncHwEl | inputs: PostInferEl5AsyncHwEl[0] | outputs: user
[2026-09-08 16:12:09.267] [491939] [HailoRT] [info] [pipeline.cpp:891] [print_deep_description] LastAsyncEl6AsyncHwEl | inputs: AsyncHwEl[0] | outputs: user
[2026-09-08 16:12:09.267] [491939] [HailoRT] [info] [pipeline.cpp:891] [print_deep_description] PushQEl7AsyncHwEl | inputs: AsyncHwEl[0] | outputs: PostInferEl7AsyncHwEl(running in thread_id: 492070)
[2026-09-08 16:12:09.267] [491939] [HailoRT] [info] [pipeline.cpp:891] [print_deep_description] PostInferEl7AsyncHwEl | inputs: PushQEl7AsyncHwEl[0] | outputs: LastAsyncEl0PostInferEl7AsyncHwEl
[2026-09-08 16:12:09.267] [491939] [HailoRT] [info] [pipeline.cpp:891] [print_deep_description] LastAsyncEl0PostInferEl7AsyncHwEl | inputs: PostInferEl7AsyncHwEl[0] | outputs: user
[2026-09-08 16:12:09.267] [491939] [HailoRT] [info] [pipeline.cpp:891] [print_deep_description] LastAsyncEl8AsyncHwEl | inputs: AsyncHwEl[0] | outputs: user
[2026-09-08 16:12:09.474] [492025] [HailoRT] [info] [hef.cpp:1929] [get_network_group_and_network_name] No name was given. Addressing all networks of default network_group: yolov8m_pose
[2026-09-08 16:45:46.221] [573505] [HailoRT] [info] [device.cpp:49] [Device] OS Version: Linux 6.12.62+rpt-rpi-2712 #1 SMP PREEMPT Debian 1:6.12.62-1+rpt1~bookworm (2026-01-19) aarch64
[2026-09-08 16:45:46.223] [573505] [HailoRT] [info] [control.cpp:108] [control__parse_identify_results] firmware_version is: 4.20.0
[2026-09-08 16:45:46.224] [573505] [HailoRT] [info] [control.cpp:108] [control__parse_identify_results] firmware_version is: 4.20.0
[2026-09-08 16:45:46.281] [573513] [HailoRT] [info] [device.cpp:49] [Device] OS Version: Linux 6.12.62+rpt-rpi-2712 #1 SMP PREEMPT Debian 1:6.12.62-1+rpt1~bookworm (2026-01-19) aarch64
[2026-09-08 16:45:46.285] [573513] [HailoRT] [info] [control.cpp:108] [control__parse_identify_results] firmware_version is: 4.20.0
[2026-09-08 16:45:46.286] [573513] [HailoRT] [info] [control.cpp:108] [control__parse_identify_results] firmware_version is: 4.20.0
[2026-09-08 16:45:46.372] [573495] [HailoRT] [info] [vdevice.cpp:523] [create] Creating vdevice with params: device_count: 1, scheduling_algorithm: ROUND_ROBIN, multi_process_service: true
[2026-09-08 16:45:47.387] [573495] [HailoRT] [info] [device.cpp:49] [Device] OS Version: Linux 6.12.62+rpt-rpi-2712 #1 SMP PREEMPT Debian 1:6.12.62-1+rpt1~bookworm (2026-01-19) aarch64
[2026-09-08 16:45:47.389] [573495] [HailoRT] [info] [control.cpp:108] [control__parse_identify_results] firmware_version is: 4.20.0
[2026-09-08 16:45:47.495] [573495] [HailoRT] [info] [hef.cpp:1929] [get_network_group_and_network_name] No name was given. Addressing all networks of default network_group: yolov8m_pose
[2026-09-08 16:45:47.495] [573495] [HailoRT] [info] [hef.cpp:1929] [get_network_group_and_network_name] No name was given. Addressing all networks of default network_group: yolov8m_pose
[2026-09-08 16:45:47.739] [573495] [HailoRT] [info] [infer_model.cpp:436] [configure] Configuring network group 'yolov8m_pose' with params: batch size: 2, power mode: PERFORMANCE, latency: NONE
[2026-09-08 16:45:47.741] [573495] [HailoRT] [info] [multi_io_elements.cpp:756] [create] Created (AsyncHwEl)
[2026-09-08 16:45:47.742] [573495] [HailoRT] [info] [queue_elements.cpp:450] [create] Created (EntryPushQEl0yolov8m_pose/input_layer1 | timeout: 10s)
[2026-09-08 16:45:47.742] [573495] [HailoRT] [info] [filter_elements.cpp:101] [create] Created (PreInferEl1yolov8m_pose/input_layer1 | Reorder - src_order: RGB4, src_shape: (640, 640, 3), dst_order: NHWC, dst_shape: (640, 640, 3))
[2026-09-08 16:45:47.742] [573495] [HailoRT] [info] [queue_elements.cpp:450] [create] Created (PushQEl1yolov8m_pose/input_layer1 | timeout: 10s)
[2026-09-08 16:45:47.743] [573495] [HailoRT] [info] [edge_elements.cpp:187] [create] Created (LastAsyncEl4AsyncHwEl)
[2026-09-08 16:45:47.743] [573495] [HailoRT] [info] [queue_elements.cpp:450] [create] Created (PushQEl5AsyncHwEl | timeout: 10s)
[2026-09-08 16:45:47.743] [573495] [HailoRT] [info] [filter_elements.cpp:375] [create] Created (PostInferEl5AsyncHwEl | Reorder - src_order: FCR, src_shape: (40, 40, 56), dst_order: FCR, dst_shape: (40, 40, 51))
[2026-09-08 16:45:47.743] [573495] [HailoRT] [info] [edge_elements.cpp:187] [create] Created (LastAsyncEl0PostInferEl5AsyncHwEl)
[2026-09-08 16:45:47.744] [573495] [HailoRT] [info] [edge_elements.cpp:187] [create] Created (LastAsyncEl1AsyncHwEl)
[2026-09-08 16:45:47.744] [573495] [HailoRT] [info] [queue_elements.cpp:450] [create] Created (PushQEl2AsyncHwEl | timeout: 10s)
[2026-09-08 16:45:47.744] [573495] [HailoRT] [info] [filter_elements.cpp:375] [create] Created (PostInferEl2AsyncHwEl | Reorder - src_order: FCR, src_shape: (20, 20, 56), dst_order: FCR, dst_shape: (20, 20, 51))
[2026-09-08 16:45:47.744] [573495] [HailoRT] [info] [edge_elements.cpp:187] [create] Created (LastAsyncEl0PostInferEl2AsyncHwEl)
[2026-09-08 16:45:47.745] [573495] [HailoRT] [info] [edge_elements.cpp:187] [create] Created (LastAsyncEl3AsyncHwEl)
[2026-09-08 16:45:47.745] [573495] [HailoRT] [info] [edge_elements.cpp:187] [create] Created (LastAsyncEl0AsyncHwEl)
[2026-09-08 16:45:47.745] [573495] [HailoRT] [info] [edge_elements.cpp:187] [create] Created (LastAsyncEl8AsyncHwEl)
[2026-09-08 16:45:47.746] [573495] [HailoRT] [info] [edge_elements.cpp:187] [create] Created (LastAsyncEl6AsyncHwEl)
[2026-09-08 16:45:47.746] [573495] [HailoRT] [info] [queue_elements.cpp:450] [create] Created (PushQEl7AsyncHwEl | timeout: 10s)
[2026-09-08 16:45:47.746] [573495] [HailoRT] [info] [filter_elements.cpp:375] [create] Created (PostInferEl7AsyncHwEl | Reorder - src_order: FCR, src_shape: (80, 80, 56), dst_order: FCR, dst_shape: (80, 80, 51))
[2026-09-08 16:45:47.746] [573495] [HailoRT] [info] [edge_elements.cpp:187] [create] Created (LastAsyncEl0PostInferEl7AsyncHwEl)
[2026-09-08 16:45:47.746] [573495] [HailoRT] [info] [pipeline.cpp:891] [print_deep_description] EntryPushQEl0yolov8m_pose/input_layer1 | inputs: user | outputs: PreInferEl1yolov8m_pose/input_layer1(running in thread_id: 573599)
[2026-09-08 16:45:47.746] [573495] [HailoRT] [info] [pipeline.cpp:891] [print_deep_description] PreInferEl1yolov8m_pose/input_layer1 | inputs: EntryPushQEl0yolov8m_pose/input_layer1[0] | outputs: PushQEl1yolov8m_pose/input_layer1
[2026-09-08 16:45:47.746] [573495] [HailoRT] [info] [pipeline.cpp:891] [print_deep_description] PushQEl1yolov8m_pose/input_layer1 | inputs: PreInferEl1yolov8m_pose/input_layer1[0] | outputs: AsyncHwEl(running in thread_id: 573600)
[2026-09-08 16:45:47.746] [573495] [HailoRT] [info] [pipeline.cpp:891] [print_deep_description] AsyncHwEl | inputs: PushQEl1yolov8m_pose/input_layer1[0] | outputs: LastAsyncEl0AsyncHwEl LastAsyncEl1AsyncHwEl PushQEl2AsyncHwEl LastAsyncEl3AsyncHwEl LastAsyncEl4AsyncHwEl PushQEl5AsyncHwEl LastAsyncEl6AsyncHwEl PushQEl7AsyncHwEl LastAsyncEl8AsyncHwEl
[2026-09-08 16:45:47.746] [573495] [HailoRT] [info] [pipeline.cpp:891] [print_deep_description] LastAsyncEl0AsyncHwEl | inputs: AsyncHwEl[0] | outputs: user
[2026-09-08 16:45:47.746] [573495] [HailoRT] [info] [pipeline.cpp:891] [print_deep_description] LastAsyncEl1AsyncHwEl | inputs: AsyncHwEl[0] | outputs: user
[2026-09-08 16:45:47.746] [573495] [HailoRT] [info] [pipeline.cpp:891] [print_deep_description] PushQEl2AsyncHwEl | inputs: AsyncHwEl[0] | outputs: PostInferEl2AsyncHwEl(running in thread_id: 573602)
[2026-09-08 16:45:47.746] [573495] [HailoRT] [info] [pipeline.cpp:891] [print_deep_description] PostInferEl2AsyncHwEl | inputs: PushQEl2AsyncHwEl[0] | outputs: LastAsyncEl0PostInferEl2AsyncHwEl
[2026-09-08 16:45:47.746] [573495] [HailoRT] [info] [pipeline.cpp:891] [print_deep_description] LastAsyncEl0PostInferEl2AsyncHwEl | inputs: PostInferEl2AsyncHwEl[0] | outputs: user
[2026-09-08 16:45:47.746] [573495] [HailoRT] [info] [pipeline.cpp:891] [print_deep_description] LastAsyncEl3AsyncHwEl | inputs: AsyncHwEl[0] | outputs: user
[2026-09-08 16:45:47.746] [573495] [HailoRT] [info] [pipeline.cpp:891] [print_deep_description] LastAsyncEl4AsyncHwEl | inputs: AsyncHwEl[0] | outputs: user
[2026-09-08 16:45:47.746] [573495] [HailoRT] [info] [pipeline.cpp:891] [print_deep_description] PushQEl5AsyncHwEl | inputs: AsyncHwEl[0] | outputs: PostInferEl5AsyncHwEl(running in thread_id: 573601)
[2026-09-08 16:45:47.746] [573495] [HailoRT] [info] [pipeline.cpp:891] [print_deep_description] PostInferEl5AsyncHwEl | inputs: PushQEl5AsyncHwEl[0] | outputs: LastAsyncEl0PostInferEl5AsyncHwEl
[2026-09-08 16:45:47.746] [573495] [HailoRT] [info] [pipeline.cpp:891] [print_deep_description] LastAsyncEl0PostInferEl5AsyncHwEl | inputs: PostInferEl5AsyncHwEl[0] | outputs: user
[2026-09-08 16:45:47.746] [573495] [HailoRT] [info] [pipeline.cpp:891] [print_deep_description] LastAsyncEl6AsyncHwEl | inputs: AsyncHwEl[0] | outputs: user
[2026-09-08 16:45:47.746] [573495] [HailoRT] [info] [pipeline.cpp:891] [print_deep_description] PushQEl7AsyncHwEl | inputs: AsyncHwEl[0] | outputs: PostInferEl7AsyncHwEl(running in thread_id: 573603)
[2026-09-08 16:45:47.746] [573495] [HailoRT] [info] [pipeline.cpp:891] [print_deep_description] PostInferEl7AsyncHwEl | inputs: PushQEl7AsyncHwEl[0] | outputs: LastAsyncEl0PostInferEl7AsyncHwEl
[2026-09-08 16:45:47.746] [573495] [HailoRT] [info] [pipeline.cpp:891] [print_deep_description] LastAsyncEl0PostInferEl7AsyncHwEl | inputs: PostInferEl7AsyncHwEl[0] | outputs: user
[2026-09-08 16:45:47.746] [573495] [HailoRT] [info] [pipeline.cpp:891] [print_deep_description] LastAsyncEl8AsyncHwEl | inputs: AsyncHwEl[0] | outputs: user
[2026-09-08 16:45:47.978] [573582] [HailoRT] [info] [hef.cpp:1929] [get_network_group_and_network_name] No name was given. Addressing all networks of default network_group: yolov8m_pose
[2026-09-08 17:45:26.382] [683348] [HailoRT] [info] [device.cpp:49] [Device] OS Version: Linux 6.12.62+rpt-rpi-2712 #1 SMP PREEMPT Debian 1:6.12.62-1+rpt1~bookworm (2026-01-19) aarch64
[2026-09-08 17:45:26.384] [683348] [HailoRT] [info] [control.cpp:108] [control__parse_identify_results] firmware_version is: 4.20.0
[2026-09-08 17:45:26.386] [683348] [HailoRT] [info] [control.cpp:108] [control__parse_identify_results] firmware_version is: 4.20.0
[2026-09-08 17:45:26.442] [683357] [HailoRT] [info] [device.cpp:49] [Device] OS Version: Linux 6.12.62+rpt-rpi-2712 #1 SMP PREEMPT Debian 1:6.12.62-1+rpt1~bookworm (2026-01-19) aarch64
[2026-09-08 17:45:26.444] [683357] [HailoRT] [info] [control.cpp:108] [control__parse_identify_results] firmware_version is: 4.20.0
[2026-09-08 17:45:26.446] [683357] [HailoRT] [info] [control.cpp:108] [control__parse_identify_results] firmware_version is: 4.20.0
[2026-09-08 17:45:26.564] [683337] [HailoRT] [info] [vdevice.cpp:523] [create] Creating vdevice with params: device_count: 1, scheduling_algorithm: ROUND_ROBIN, multi_process_service: true
[2026-09-08 17:45:27.583] [683337] [HailoRT] [info] [device.cpp:49] [Device] OS Version: Linux 6.12.62+rpt-rpi-2712 #1 SMP PREEMPT Debian 1:6.12.62-1+rpt1~bookworm (2026-01-19) aarch64
[2026-09-08 17:45:27.585] [683337] [HailoRT] [info] [control.cpp:108] [control__parse_identify_results] firmware_version is: 4.20.0
[2026-09-08 17:45:27.716] [683337] [HailoRT] [info] [hef.cpp:1929] [get_network_group_and_network_name] No name was given. Addressing all networks of default network_group: yolov8m_pose
[2026-09-08 17:45:27.716] [683337] [HailoRT] [info] [hef.cpp:1929] [get_network_group_and_network_name] No name was given. Addressing all networks of default network_group: yolov8m_pose
[2026-09-08 17:45:28.129] [683337] [HailoRT] [info] [infer_model.cpp:436] [configure] Configuring network group 'yolov8m_pose' with params: batch size: 2, power mode: PERFORMANCE, latency: NONE
[2026-09-08 17:45:28.132] [683337] [HailoRT] [info] [multi_io_elements.cpp:756] [create] Created (AsyncHwEl)
[2026-09-08 17:45:28.133] [683337] [HailoRT] [info] [queue_elements.cpp:450] [create] Created (EntryPushQEl0yolov8m_pose/input_layer1 | timeout: 10s)
[2026-09-08 17:45:28.133] [683337] [HailoRT] [info] [filter_elements.cpp:101] [create] Created (PreInferEl1yolov8m_pose/input_layer1 | Reorder - src_order: RGB4, src_shape: (640, 640, 3), dst_order: NHWC, dst_shape: (640, 640, 3))
[2026-09-08 17:45:28.133] [683337] [HailoRT] [info] [queue_elements.cpp:450] [create] Created (PushQEl1yolov8m_pose/input_layer1 | timeout: 10s)
[2026-09-08 17:45:28.133] [683337] [HailoRT] [info] [edge_elements.cpp:187] [create] Created (LastAsyncEl4AsyncHwEl)
[2026-09-08 17:45:28.134] [683337] [HailoRT] [info] [queue_elements.cpp:450] [create] Created (PushQEl5AsyncHwEl | timeout: 10s)
[2026-09-08 17:45:28.134] [683337] [HailoRT] [info] [filter_elements.cpp:375] [create] Created (PostInferEl5AsyncHwEl | Reorder - src_order: FCR, src_shape: (40, 40, 56), dst_order: FCR, dst_shape: (40, 40, 51))
[2026-09-08 17:45:28.134] [683337] [HailoRT] [info] [edge_elements.cpp:187] [create] Created (LastAsyncEl0PostInferEl5AsyncHwEl)
[2026-09-08 17:45:28.134] [683337] [HailoRT] [info] [edge_elements.cpp:187] [create] Created (LastAsyncEl1AsyncHwEl)
[2026-09-08 17:45:28.135] [683337] [HailoRT] [info] [queue_elements.cpp:450] [create] Created (PushQEl2AsyncHwEl | timeout: 10s)
[2026-09-08 17:45:28.135] [683337] [HailoRT] [info] [filter_elements.cpp:375] [create] Created (PostInferEl2AsyncHwEl | Reorder - src_order: FCR, src_shape: (20, 20, 56), dst_order: FCR, dst_shape: (20, 20, 51))
[2026-09-08 17:45:28.135] [683337] [HailoRT] [info] [edge_elements.cpp:187] [create] Created (LastAsyncEl0PostInferEl2AsyncHwEl)
[2026-09-08 17:45:28.135] [683337] [HailoRT] [info] [edge_elements.cpp:187] [create] Created (LastAsyncEl3AsyncHwEl)
[2026-09-08 17:45:28.135] [683337] [HailoRT] [info] [edge_elements.cpp:187] [create] Created (LastAsyncEl0AsyncHwEl)
[2026-09-08 17:45:28.136] [683337] [HailoRT] [info] [edge_elements.cpp:187] [create] Created (LastAsyncEl8AsyncHwEl)
[2026-09-08 17:45:28.136] [683337] [HailoRT] [info] [edge_elements.cpp:187] [create] Created (LastAsyncEl6AsyncHwEl)
[2026-09-08 17:45:28.136] [683337] [HailoRT] [info] [queue_elements.cpp:450] [create] Created (PushQEl7AsyncHwEl | timeout: 10s)
[2026-09-08 17:45:28.136] [683337] [HailoRT] [info] [filter_elements.cpp:375] [create] Created (PostInferEl7AsyncHwEl | Reorder - src_order: FCR, src_shape: (80, 80, 56), dst_order: FCR, dst_shape: (80, 80, 51))
[2026-09-08 17:45:28.136] [683337] [HailoRT] [info] [edge_elements.cpp:187] [create] Created (LastAsyncEl0PostInferEl7AsyncHwEl)
[2026-09-08 17:45:28.136] [683337] [HailoRT] [info] [pipeline.cpp:891] [print_deep_description] EntryPushQEl0yolov8m_pose/input_layer1 | inputs: user | outputs: PreInferEl1yolov8m_pose/input_layer1(running in thread_id: 683443)
[2026-09-08 17:45:28.136] [683337] [HailoRT] [info] [pipeline.cpp:891] [print_deep_description] PreInferEl1yolov8m_pose/input_layer1 | inputs: EntryPushQEl0yolov8m_pose/input_layer1[0] | outputs: PushQEl1yolov8m_pose/input_layer1
[2026-09-08 17:45:28.136] [683337] [HailoRT] [info] [pipeline.cpp:891] [print_deep_description] PushQEl1yolov8m_pose/input_layer1 | inputs: PreInferEl1yolov8m_pose/input_layer1[0] | outputs: AsyncHwEl(running in thread_id: 683444)
[2026-09-08 17:45:28.136] [683337] [HailoRT] [info] [pipeline.cpp:891] [print_deep_description] AsyncHwEl | inputs: PushQEl1yolov8m_pose/input_layer1[0] | outputs: LastAsyncEl0AsyncHwEl LastAsyncEl1AsyncHwEl PushQEl2AsyncHwEl LastAsyncEl3AsyncHwEl LastAsyncEl4AsyncHwEl PushQEl5AsyncHwEl LastAsyncEl6AsyncHwEl PushQEl7AsyncHwEl LastAsyncEl8AsyncHwEl
[2026-09-08 17:45:28.136] [683337] [HailoRT] [info] [pipeline.cpp:891] [print_deep_description] LastAsyncEl0AsyncHwEl | inputs: AsyncHwEl[0] | outputs: user
[2026-09-08 17:45:28.136] [683337] [HailoRT] [info] [pipeline.cpp:891] [print_deep_description] LastAsyncEl1AsyncHwEl | inputs: AsyncHwEl[0] | outputs: user
[2026-09-08 17:45:28.136] [683337] [HailoRT] [info] [pipeline.cpp:891] [print_deep_description] PushQEl2AsyncHwEl | inputs: AsyncHwEl[0] | outputs: PostInferEl2AsyncHwEl(running in thread_id: 683446)
[2026-09-08 17:45:28.136] [683337] [HailoRT] [info] [pipeline.cpp:891] [print_deep_description] PostInferEl2AsyncHwEl | inputs: PushQEl2AsyncHwEl[0] | outputs: LastAsyncEl0PostInferEl2AsyncHwEl
[2026-09-08 17:45:28.136] [683337] [HailoRT] [info] [pipeline.cpp:891] [print_deep_description] LastAsyncEl0PostInferEl2AsyncHwEl | inputs: PostInferEl2AsyncHwEl[0] | outputs: user
[2026-09-08 17:45:28.136] [683337] [HailoRT] [info] [pipeline.cpp:891] [print_deep_description] LastAsyncEl3AsyncHwEl | inputs: AsyncHwEl[0] | outputs: user
[2026-09-08 17:45:28.136] [683337] [HailoRT] [info] [pipeline.cpp:891] [print_deep_description] LastAsyncEl4AsyncHwEl | inputs: AsyncHwEl[0] | outputs: user
[2026-09-08 17:45:28.136] [683337] [HailoRT] [info] [pipeline.cpp:891] [print_deep_description] PushQEl5AsyncHwEl | inputs: AsyncHwEl[0] | outputs: PostInferEl5AsyncHwEl(running in thread_id: 683445)
[2026-09-08 17:45:28.136] [683337] [HailoRT] [info] [pipeline.cpp:891] [print_deep_description] PostInferEl5AsyncHwEl | inputs: PushQEl5AsyncHwEl[0] | outputs: LastAsyncEl0PostInferEl5AsyncHwEl
[2026-09-08 17:45:28.136] [683337] [HailoRT] [info] [pipeline.cpp:891] [print_deep_description] LastAsyncEl0PostInferEl5AsyncHwEl | inputs: PostInferEl5AsyncHwEl[0] | outputs: user
[2026-09-08 17:45:28.136] [683337] [HailoRT] [info] [pipeline.cpp:891] [print_deep_description] LastAsyncEl6AsyncHwEl | inputs: AsyncHwEl[0] | outputs: user
[2026-09-08 17:45:28.136] [683337] [HailoRT] [info] [pipeline.cpp:891] [print_deep_description] PushQEl7AsyncHwEl | inputs: AsyncHwEl[0] | outputs: PostInferEl7AsyncHwEl(running in thread_id: 683447)
[2026-09-08 17:45:28.136] [683337] [HailoRT] [info] [pipeline.cpp:891] [print_deep_description] PostInferEl7AsyncHwEl | inputs: PushQEl7AsyncHwEl[0] | outputs: LastAsyncEl0PostInferEl7AsyncHwEl
[2026-09-08 17:45:28.136] [683337] [HailoRT] [info] [pipeline.cpp:891] [print_deep_description] LastAsyncEl0PostInferEl7AsyncHwEl | inputs: PostInferEl7AsyncHwEl[0] | outputs: user
[2026-09-08 17:45:28.136] [683337] [HailoRT] [info] [pipeline.cpp:891] [print_deep_description] LastAsyncEl8AsyncHwEl | inputs: AsyncHwEl[0] | outputs: user
[2026-09-08 17:45:28.423] [683425] [HailoRT] [info] [hef.cpp:1929] [get_network_group_and_network_name] No name was given. Addressing all networks of default network_group: yolov8m_pose
[2026-09-08 17:46:00.483] [683337] [HailoRT] [info] [async_infer_runner.cpp:86] [shutdown] Pipeline was aborted. Shutting it down
[2026-09-08 17:46:00.507] [683441] [HailoRT] [info] [network_group_client.cpp:661] [operator()] Infer request was aborted by user
[2026-09-08 17:46:00.508] [683441] [HailoRT] [info] [network_group_client.cpp:661] [operator()] Infer request was aborted by user
[2026-09-08 17:46:00.512] [683441] [HailoRT] [info] [network_group_client.cpp:661] [operator()] Infer request was aborted by user
[2026-09-08 17:46:00.516] [683441] [HailoRT] [info] [network_group_client.cpp:661] [operator()] Infer request was aborted by user
[2026-09-08 17:46:00.517] [683337] [HailoRT] [info] [queue_elements.cpp:570] [execute_deactivate] enqueue() in element PushQEl2AsyncHwEl was aborted, got status = HAILO_SHUTDOWN_EVENT_SIGNALED(57)
[2026-09-08 17:46:00.517] [683337] [HailoRT] [info] [queue_elements.cpp:570] [execute_deactivate] enqueue() in element PushQEl5AsyncHwEl was aborted, got status = HAILO_SHUTDOWN_EVENT_SIGNALED(57)
[2026-09-08 17:46:00.517] [683337] [HailoRT] [info] [queue_elements.cpp:570] [execute_deactivate] enqueue() in element PushQEl7AsyncHwEl was aborted, got status = HAILO_SHUTDOWN_EVENT_SIGNALED(57)
[2026-09-08 17:46:00.517] [683337] [HailoRT] [info] [queue_elements.cpp:570] [execute_deactivate] enqueue() in element PushQEl1yolov8m_pose/input_layer1 was aborted, got status = HAILO_SHUTDOWN_EVENT_SIGNALED(57)
[2026-09-08 17:46:00.517] [683337] [HailoRT] [info] [queue_elements.cpp:570] [execute_deactivate] enqueue() in element EntryPushQEl0yolov8m_pose/input_layer1 was aborted, got status = HAILO_SHUTDOWN_EVENT_SIGNALED(57)
[2026-09-08 17:46:00.517] [683337] [HailoRT] [info] [queue_elements.cpp:46] [~BaseQueueElement] Queue element EntryPushQEl0yolov8m_pose/input_layer1 has 0 frames in his Queue on destruction
[2026-09-08 17:46:00.517] [683337] [HailoRT] [info] [queue_elements.cpp:46] [~BaseQueueElement] Queue element PushQEl1yolov8m_pose/input_layer1 has 0 frames in his Queue on destruction
[2026-09-08 17:46:00.518] [683337] [HailoRT] [info] [queue_elements.cpp:46] [~BaseQueueElement] Queue element PushQEl5AsyncHwEl has 0 frames in his Queue on destruction
[2026-09-08 17:46:00.519] [683337] [HailoRT] [info] [queue_elements.cpp:46] [~BaseQueueElement] Queue element PushQEl2AsyncHwEl has 0 frames in his Queue on destruction
[2026-09-08 17:46:00.519] [683337] [HailoRT] [info] [queue_elements.cpp:46] [~BaseQueueElement] Queue element PushQEl7AsyncHwEl has 0 frames in his Queue on destruction
[2026-09-08 17:46:00.730] [683441] [HailoRT] [info] [vdevice.cpp:424] [listener_run_in_thread] Shutdown event was signaled in listener_run_in_thread
[2026-09-08 17:47:24.478] [686259] [HailoRT] [info] [device.cpp:49] [Device] OS Version: Linux 6.12.62+rpt-rpi-2712 #1 SMP PREEMPT Debian 1:6.12.62-1+rpt1~bookworm (2026-01-19) aarch64
[2026-09-08 17:47:24.481] [686259] [HailoRT] [info] [control.cpp:108] [control__parse_identify_results] firmware_version is: 4.20.0
[2026-09-08 17:47:24.482] [686259] [HailoRT] [info] [control.cpp:108] [control__parse_identify_results] firmware_version is: 4.20.0
[2026-09-08 17:47:24.542] [686287] [HailoRT] [info] [device.cpp:49] [Device] OS Version: Linux 6.12.62+rpt-rpi-2712 #1 SMP PREEMPT Debian 1:6.12.62-1+rpt1~bookworm (2026-01-19) aarch64
[2026-09-08 17:47:24.543] [686287] [HailoRT] [info] [control.cpp:108] [control__parse_identify_results] firmware_version is: 4.20.0
[2026-09-08 17:47:24.544] [686287] [HailoRT] [info] [control.cpp:108] [control__parse_identify_results] firmware_version is: 4.20.0
[2026-09-08 17:47:24.624] [686248] [HailoRT] [info] [vdevice.cpp:523] [create] Creating vdevice with params: device_count: 1, scheduling_algorithm: ROUND_ROBIN, multi_process_service: true
[2026-09-08 17:47:25.641] [686248] [HailoRT] [info] [device.cpp:49] [Device] OS Version: Linux 6.12.62+rpt-rpi-2712 #1 SMP PREEMPT Debian 1:6.12.62-1+rpt1~bookworm (2026-01-19) aarch64
[2026-09-08 17:47:25.643] [686248] [HailoRT] [info] [control.cpp:108] [control__parse_identify_results] firmware_version is: 4.20.0
[2026-09-08 17:47:25.748] [686248] [HailoRT] [info] [hef.cpp:1929] [get_network_group_and_network_name] No name was given. Addressing all networks of default network_group: yolov8m_pose
[2026-09-08 17:47:25.748] [686248] [HailoRT] [info] [hef.cpp:1929] [get_network_group_and_network_name] No name was given. Addressing all networks of default network_group: yolov8m_pose
[2026-09-08 17:47:26.131] [686248] [HailoRT] [info] [infer_model.cpp:436] [configure] Configuring network group 'yolov8m_pose' with params: batch size: 2, power mode: PERFORMANCE, latency: NONE
[2026-09-08 17:47:26.133] [686248] [HailoRT] [info] [multi_io_elements.cpp:756] [create] Created (AsyncHwEl)
[2026-09-08 17:47:26.133] [686248] [HailoRT] [info] [queue_elements.cpp:450] [create] Created (EntryPushQEl0yolov8m_pose/input_layer1 | timeout: 10s)
[2026-09-08 17:47:26.133] [686248] [HailoRT] [info] [filter_elements.cpp:101] [create] Created (PreInferEl1yolov8m_pose/input_layer1 | Reorder - src_order: RGB4, src_shape: (640, 640, 3), dst_order: NHWC, dst_shape: (640, 640, 3))
[2026-09-08 17:47:26.134] [686248] [HailoRT] [info] [queue_elements.cpp:450] [create] Created (PushQEl1yolov8m_pose/input_layer1 | timeout: 10s)
[2026-09-08 17:47:26.136] [686248] [HailoRT] [info] [edge_elements.cpp:187] [create] Created (LastAsyncEl4AsyncHwEl)
[2026-09-08 17:47:26.137] [686248] [HailoRT] [info] [queue_elements.cpp:450] [create] Created (PushQEl5AsyncHwEl | timeout: 10s)
[2026-09-08 17:47:26.137] [686248] [HailoRT] [info] [filter_elements.cpp:375] [create] Created (PostInferEl5AsyncHwEl | Reorder - src_order: FCR, src_shape: (40, 40, 56), dst_order: FCR, dst_shape: (40, 40, 51))
[2026-09-08 17:47:26.137] [686248] [HailoRT] [info] [edge_elements.cpp:187] [create] Created (LastAsyncEl0PostInferEl5AsyncHwEl)
[2026-09-08 17:47:26.137] [686248] [HailoRT] [info] [edge_elements.cpp:187] [create] Created (LastAsyncEl1AsyncHwEl)
[2026-09-08 17:47:26.138] [686248] [HailoRT] [info] [queue_elements.cpp:450] [create] Created (PushQEl2AsyncHwEl | timeout: 10s)
[2026-09-08 17:47:26.138] [686248] [HailoRT] [info] [filter_elements.cpp:375] [create] Created (PostInferEl2AsyncHwEl | Reorder - src_order: FCR, src_shape: (20, 20, 56), dst_order: FCR, dst_shape: (20, 20, 51))
[2026-09-08 17:47:26.138] [686248] [HailoRT] [info] [edge_elements.cpp:187] [create] Created (LastAsyncEl0PostInferEl2AsyncHwEl)
[2026-09-08 17:47:26.138] [686248] [HailoRT] [info] [edge_elements.cpp:187] [create] Created (LastAsyncEl3AsyncHwEl)
[2026-09-08 17:47:26.138] [686248] [HailoRT] [info] [edge_elements.cpp:187] [create] Created (LastAsyncEl0AsyncHwEl)
[2026-09-08 17:47:26.139] [686248] [HailoRT] [info] [edge_elements.cpp:187] [create] Created (LastAsyncEl8AsyncHwEl)
[2026-09-08 17:47:26.139] [686248] [HailoRT] [info] [edge_elements.cpp:187] [create] Created (LastAsyncEl6AsyncHwEl)
[2026-09-08 17:47:26.140] [686248] [HailoRT] [info] [queue_elements.cpp:450] [create] Created (PushQEl7AsyncHwEl | timeout: 10s)
[2026-09-08 17:47:26.140] [686248] [HailoRT] [info] [filter_elements.cpp:375] [create] Created (PostInferEl7AsyncHwEl | Reorder - src_order: FCR, src_shape: (80, 80, 56), dst_order: FCR, dst_shape: (80, 80, 51))
[2026-09-08 17:47:26.140] [686248] [HailoRT] [info] [edge_elements.cpp:187] [create] Created (LastAsyncEl0PostInferEl7AsyncHwEl)
[2026-09-08 17:47:26.140] [686248] [HailoRT] [info] [pipeline.cpp:891] [print_deep_description] EntryPushQEl0yolov8m_pose/input_layer1 | inputs: user | outputs: PreInferEl1yolov8m_pose/input_layer1(running in thread_id: 686357)
[2026-09-08 17:47:26.140] [686248] [HailoRT] [info] [pipeline.cpp:891] [print_deep_description] PreInferEl1yolov8m_pose/input_layer1 | inputs: EntryPushQEl0yolov8m_pose/input_layer1[0] | outputs: PushQEl1yolov8m_pose/input_layer1
[2026-09-08 17:47:26.140] [686248] [HailoRT] [info] [pipeline.cpp:891] [print_deep_description] PushQEl1yolov8m_pose/input_layer1 | inputs: PreInferEl1yolov8m_pose/input_layer1[0] | outputs: AsyncHwEl(running in thread_id: 686358)
[2026-09-08 17:47:26.140] [686248] [HailoRT] [info] [pipeline.cpp:891] [print_deep_description] AsyncHwEl | inputs: PushQEl1yolov8m_pose/input_layer1[0] | outputs: LastAsyncEl0AsyncHwEl LastAsyncEl1AsyncHwEl PushQEl2AsyncHwEl LastAsyncEl3AsyncHwEl LastAsyncEl4AsyncHwEl PushQEl5AsyncHwEl LastAsyncEl6AsyncHwEl PushQEl7AsyncHwEl LastAsyncEl8AsyncHwEl
[2026-09-08 17:47:26.140] [686248] [HailoRT] [info] [pipeline.cpp:891] [print_deep_description] LastAsyncEl0AsyncHwEl | inputs: AsyncHwEl[0] | outputs: user
[2026-09-08 17:47:26.140] [686248] [HailoRT] [info] [pipeline.cpp:891] [print_deep_description] LastAsyncEl1AsyncHwEl | inputs: AsyncHwEl[0] | outputs: user
[2026-09-08 17:47:26.140] [686248] [HailoRT] [info] [pipeline.cpp:891] [print_deep_description] PushQEl2AsyncHwEl | inputs: AsyncHwEl[0] | outputs: PostInferEl2AsyncHwEl(running in thread_id: 686360)
[2026-09-08 17:47:26.140] [686248] [HailoRT] [info] [pipeline.cpp:891] [print_deep_description] PostInferEl2AsyncHwEl | inputs: PushQEl2AsyncHwEl[0] | outputs: LastAsyncEl0PostInferEl2AsyncHwEl
[2026-09-08 17:47:26.140] [686248] [HailoRT] [info] [pipeline.cpp:891] [print_deep_description] LastAsyncEl0PostInferEl2AsyncHwEl | inputs: PostInferEl2AsyncHwEl[0] | outputs: user
[2026-09-08 17:47:26.140] [686248] [HailoRT] [info] [pipeline.cpp:891] [print_deep_description] LastAsyncEl3AsyncHwEl | inputs: AsyncHwEl[0] | outputs: user
[2026-09-08 17:47:26.140] [686248] [HailoRT] [info] [pipeline.cpp:891] [print_deep_description] LastAsyncEl4AsyncHwEl | inputs: AsyncHwEl[0] | outputs: user
[2026-09-08 17:47:26.140] [686248] [HailoRT] [info] [pipeline.cpp:891] [print_deep_description] PushQEl5AsyncHwEl | inputs: AsyncHwEl[0] | outputs: PostInferEl5AsyncHwEl(running in thread_id: 686359)
[2026-09-08 17:47:26.140] [686248] [HailoRT] [info] [pipeline.cpp:891] [print_deep_description] PostInferEl5AsyncHwEl | inputs: PushQEl5AsyncHwEl[0] | outputs: LastAsyncEl0PostInferEl5AsyncHwEl
[2026-09-08 17:47:26.140] [686248] [HailoRT] [info] [pipeline.cpp:891] [print_deep_description] LastAsyncEl0PostInferEl5AsyncHwEl | inputs: PostInferEl5AsyncHwEl[0] | outputs: user
[2026-09-08 17:47:26.140] [686248] [HailoRT] [info] [pipeline.cpp:891] [print_deep_description] LastAsyncEl6AsyncHwEl | inputs: AsyncHwEl[0] | outputs: user
[2026-09-08 17:47:26.140] [686248] [HailoRT] [info] [pipeline.cpp:891] [print_deep_description] PushQEl7AsyncHwEl | inputs: AsyncHwEl[0] | outputs: PostInferEl7AsyncHwEl(running in thread_id: 686361)
[2026-09-08 17:47:26.140] [686248] [HailoRT] [info] [pipeline.cpp:891] [print_deep_description] PostInferEl7AsyncHwEl | inputs: PushQEl7AsyncHwEl[0] | outputs: LastAsyncEl0PostInferEl7AsyncHwEl
[2026-09-08 17:47:26.140] [686248] [HailoRT] [info] [pipeline.cpp:891] [print_deep_description] LastAsyncEl0PostInferEl7AsyncHwEl | inputs: PostInferEl7AsyncHwEl[0] | outputs: user
[2026-09-08 17:47:26.140] [686248] [HailoRT] [info] [pipeline.cpp:891] [print_deep_description] LastAsyncEl8AsyncHwEl | inputs: AsyncHwEl[0] | outputs: user
[2026-09-08 17:47:26.383] [686339] [HailoRT] [info] [hef.cpp:1929] [get_network_group_and_network_name] No name was given. Addressing all networks of default network_group: yolov8m_pose
[2026-09-08 17:47:29.861] [686248] [HailoRT] [info] [async_infer_runner.cpp:86] [shutdown] Pipeline was aborted. Shutting it down
[2026-09-08 17:47:29.870] [686355] [HailoRT] [info] [network_group_client.cpp:661] [operator()] Infer request was aborted by user
[2026-09-08 17:47:29.870] [686355] [HailoRT] [info] [network_group_client.cpp:661] [operator()] Infer request was aborted by user
[2026-09-08 17:47:29.873] [686355] [HailoRT] [info] [network_group_client.cpp:661] [operator()] Infer request was aborted by user
[2026-09-08 17:47:29.875] [686355] [HailoRT] [info] [network_group_client.cpp:661] [operator()] Infer request was aborted by user
[2026-09-08 17:47:29.877] [686355] [HailoRT] [info] [network_group_client.cpp:661] [operator()] Infer request was aborted by user
[2026-09-08 17:47:29.878] [686248] [HailoRT] [info] [queue_elements.cpp:570] [execute_deactivate] enqueue() in element PushQEl2AsyncHwEl was aborted, got status = HAILO_SHUTDOWN_EVENT_SIGNALED(57)
[2026-09-08 17:47:29.878] [686248] [HailoRT] [info] [queue_elements.cpp:570] [execute_deactivate] enqueue() in element PushQEl5AsyncHwEl was aborted, got status = HAILO_SHUTDOWN_EVENT_SIGNALED(57)
[2026-09-08 17:47:29.878] [686248] [HailoRT] [info] [queue_elements.cpp:570] [execute_deactivate] enqueue() in element PushQEl7AsyncHwEl was aborted, got status = HAILO_SHUTDOWN_EVENT_SIGNALED(57)
[2026-09-08 17:47:29.878] [686248] [HailoRT] [info] [queue_elements.cpp:570] [execute_deactivate] enqueue() in element PushQEl1yolov8m_pose/input_layer1 was aborted, got status = HAILO_SHUTDOWN_EVENT_SIGNALED(57)
[2026-09-08 17:47:29.878] [686248] [HailoRT] [info] [queue_elements.cpp:570] [execute_deactivate] enqueue() in element EntryPushQEl0yolov8m_pose/input_layer1 was aborted, got status = HAILO_SHUTDOWN_EVENT_SIGNALED(57)
[2026-09-08 17:47:29.878] [686248] [HailoRT] [info] [queue_elements.cpp:46] [~BaseQueueElement] Queue element EntryPushQEl0yolov8m_pose/input_layer1 has 0 frames in his Queue on destruction
[2026-09-08 17:47:29.878] [686248] [HailoRT] [info] [queue_elements.cpp:46] [~BaseQueueElement] Queue element PushQEl1yolov8m_pose/input_layer1 has 0 frames in his Queue on destruction
[2026-09-08 17:47:29.878] [686248] [HailoRT] [info] [queue_elements.cpp:46] [~BaseQueueElement] Queue element PushQEl5AsyncHwEl has 0 frames in his Queue on destruction
[2026-09-08 17:47:29.879] [686248] [HailoRT] [info] [queue_elements.cpp:46] [~BaseQueueElement] Queue element PushQEl2AsyncHwEl has 0 frames in his Queue on destruction
[2026-09-08 17:47:29.879] [686248] [HailoRT] [info] [queue_elements.cpp:46] [~BaseQueueElement] Queue element PushQEl7AsyncHwEl has 0 frames in his Queue on destruction
[2026-09-08 17:47:30.091] [686355] [HailoRT] [info] [vdevice.cpp:424] [listener_run_in_thread] Shutdown event was signaled in listener_run_in_thread
[2026-09-08 17:48:10.398] [687227] [HailoRT] [info] [device.cpp:49] [Device] OS Version: Linux 6.12.62+rpt-rpi-2712 #1 SMP PREEMPT Debian 1:6.12.62-1+rpt1~bookworm (2026-01-19) aarch64
[2026-09-08 17:48:10.401] [687227] [HailoRT] [info] [control.cpp:108] [control__parse_identify_results] firmware_version is: 4.20.0
[2026-09-08 17:48:10.402] [687227] [HailoRT] [info] [control.cpp:108] [control__parse_identify_results] firmware_version is: 4.20.0
[2026-09-08 17:48:10.455] [687236] [HailoRT] [info] [device.cpp:49] [Device] OS Version: Linux 6.12.62+rpt-rpi-2712 #1 SMP PREEMPT Debian 1:6.12.62-1+rpt1~bookworm (2026-01-19) aarch64
[2026-09-08 17:48:10.457] [687236] [HailoRT] [info] [control.cpp:108] [control__parse_identify_results] firmware_version is: 4.20.0
[2026-09-08 17:48:10.458] [687236] [HailoRT] [info] [control.cpp:108] [control__parse_identify_results] firmware_version is: 4.20.0
[2026-09-08 17:48:10.527] [687216] [HailoRT] [info] [vdevice.cpp:523] [create] Creating vdevice with params: device_count: 1, scheduling_algorithm: ROUND_ROBIN, multi_process_service: true
[2026-09-08 17:48:11.552] [687216] [HailoRT] [info] [device.cpp:49] [Device] OS Version: Linux 6.12.62+rpt-rpi-2712 #1 SMP PREEMPT Debian 1:6.12.62-1+rpt1~bookworm (2026-01-19) aarch64
[2026-09-08 17:48:11.553] [687216] [HailoRT] [info] [control.cpp:108] [control__parse_identify_results] firmware_version is: 4.20.0
[2026-09-08 17:48:11.655] [687216] [HailoRT] [info] [hef.cpp:1929] [get_network_group_and_network_name] No name was given. Addressing all networks of default network_group: yolov8m_pose
[2026-09-08 17:48:11.655] [687216] [HailoRT] [info] [hef.cpp:1929] [get_network_group_and_network_name] No name was given. Addressing all networks of default network_group: yolov8m_pose
[2026-09-08 17:48:11.980] [687216] [HailoRT] [info] [infer_model.cpp:436] [configure] Configuring network group 'yolov8m_pose' with params: batch size: 2, power mode: PERFORMANCE, latency: NONE
[2026-09-08 17:48:11.982] [687216] [HailoRT] [info] [multi_io_elements.cpp:756] [create] Created (AsyncHwEl)
[2026-09-08 17:48:11.982] [687216] [HailoRT] [info] [queue_elements.cpp:450] [create] Created (EntryPushQEl0yolov8m_pose/input_layer1 | timeout: 10s)
[2026-09-08 17:48:11.982] [687216] [HailoRT] [info] [filter_elements.cpp:101] [create] Created (PreInferEl1yolov8m_pose/input_layer1 | Reorder - src_order: RGB4, src_shape: (640, 640, 3), dst_order: NHWC, dst_shape: (640, 640, 3))
[2026-09-08 17:48:11.982] [687216] [HailoRT] [info] [queue_elements.cpp:450] [create] Created (PushQEl1yolov8m_pose/input_layer1 | timeout: 10s)
[2026-09-08 17:48:11.983] [687216] [HailoRT] [info] [edge_elements.cpp:187] [create] Created (LastAsyncEl4AsyncHwEl)
[2026-09-08 17:48:11.983] [687216] [HailoRT] [info] [queue_elements.cpp:450] [create] Created (PushQEl5AsyncHwEl | timeout: 10s)
[2026-09-08 17:48:11.983] [687216] [HailoRT] [info] [filter_elements.cpp:375] [create] Created (PostInferEl5AsyncHwEl | Reorder - src_order: FCR, src_shape: (40, 40, 56), dst_order: FCR, dst_shape: (40, 40, 51))
[2026-09-08 17:48:11.983] [687216] [HailoRT] [info] [edge_elements.cpp:187] [create] Created (LastAsyncEl0PostInferEl5AsyncHwEl)
[2026-09-08 17:48:11.984] [687216] [HailoRT] [info] [edge_elements.cpp:187] [create] Created (LastAsyncEl1AsyncHwEl)
[2026-09-08 17:48:11.984] [687216] [HailoRT] [info] [queue_elements.cpp:450] [create] Created (PushQEl2AsyncHwEl | timeout: 10s)
[2026-09-08 17:48:11.984] [687216] [HailoRT] [info] [filter_elements.cpp:375] [create] Created (PostInferEl2AsyncHwEl | Reorder - src_order: FCR, src_shape: (20, 20, 56), dst_order: FCR, dst_shape: (20, 20, 51))
[2026-09-08 17:48:11.984] [687216] [HailoRT] [info] [edge_elements.cpp:187] [create] Created (LastAsyncEl0PostInferEl2AsyncHwEl)
[2026-09-08 17:48:11.985] [687216] [HailoRT] [info] [edge_elements.cpp:187] [create] Created (LastAsyncEl3AsyncHwEl)
[2026-09-08 17:48:11.985] [687216] [HailoRT] [info] [edge_elements.cpp:187] [create] Created (LastAsyncEl0AsyncHwEl)
[2026-09-08 17:48:11.990] [687216] [HailoRT] [info] [edge_elements.cpp:187] [create] Created (LastAsyncEl8AsyncHwEl)
[2026-09-08 17:48:11.992] [687216] [HailoRT] [info] [edge_elements.cpp:187] [create] Created (LastAsyncEl6AsyncHwEl)
[2026-09-08 17:48:11.994] [687216] [HailoRT] [info] [queue_elements.cpp:450] [create] Created (PushQEl7AsyncHwEl | timeout: 10s)
[2026-09-08 17:48:11.994] [687216] [HailoRT] [info] [filter_elements.cpp:375] [create] Created (PostInferEl7AsyncHwEl | Reorder - src_order: FCR, src_shape: (80, 80, 56), dst_order: FCR, dst_shape: (80, 80, 51))
[2026-09-08 17:48:11.994] [687216] [HailoRT] [info] [edge_elements.cpp:187] [create] Created (LastAsyncEl0PostInferEl7AsyncHwEl)
[2026-09-08 17:48:11.994] [687216] [HailoRT] [info] [pipeline.cpp:891] [print_deep_description] EntryPushQEl0yolov8m_pose/input_layer1 | inputs: user | outputs: PreInferEl1yolov8m_pose/input_layer1(running in thread_id: 687324)
[2026-09-08 17:48:11.994] [687216] [HailoRT] [info] [pipeline.cpp:891] [print_deep_description] PreInferEl1yolov8m_pose/input_layer1 | inputs: EntryPushQEl0yolov8m_pose/input_layer1[0] | outputs: PushQEl1yolov8m_pose/input_layer1
[2026-09-08 17:48:11.994] [687216] [HailoRT] [info] [pipeline.cpp:891] [print_deep_description] PushQEl1yolov8m_pose/input_layer1 | inputs: PreInferEl1yolov8m_pose/input_layer1[0] | outputs: AsyncHwEl(running in thread_id: 687325)
[2026-09-08 17:48:11.994] [687216] [HailoRT] [info] [pipeline.cpp:891] [print_deep_description] AsyncHwEl | inputs: PushQEl1yolov8m_pose/input_layer1[0] | outputs: LastAsyncEl0AsyncHwEl LastAsyncEl1AsyncHwEl PushQEl2AsyncHwEl LastAsyncEl3AsyncHwEl LastAsyncEl4AsyncHwEl PushQEl5AsyncHwEl LastAsyncEl6AsyncHwEl PushQEl7AsyncHwEl LastAsyncEl8AsyncHwEl
[2026-09-08 17:48:11.994] [687216] [HailoRT] [info] [pipeline.cpp:891] [print_deep_description] LastAsyncEl0AsyncHwEl | inputs: AsyncHwEl[0] | outputs: user
[2026-09-08 17:48:11.994] [687216] [HailoRT] [info] [pipeline.cpp:891] [print_deep_description] LastAsyncEl1AsyncHwEl | inputs: AsyncHwEl[0] | outputs: user
[2026-09-08 17:48:11.994] [687216] [HailoRT] [info] [pipeline.cpp:891] [print_deep_description] PushQEl2AsyncHwEl | inputs: AsyncHwEl[0] | outputs: PostInferEl2AsyncHwEl(running in thread_id: 687327)
[2026-09-08 17:48:11.994] [687216] [HailoRT] [info] [pipeline.cpp:891] [print_deep_description] PostInferEl2AsyncHwEl | inputs: PushQEl2AsyncHwEl[0] | outputs: LastAsyncEl0PostInferEl2AsyncHwEl
[2026-09-08 17:48:11.994] [687216] [HailoRT] [info] [pipeline.cpp:891] [print_deep_description] LastAsyncEl0PostInferEl2AsyncHwEl | inputs: PostInferEl2AsyncHwEl[0] | outputs: user
[2026-09-08 17:48:11.994] [687216] [HailoRT] [info] [pipeline.cpp:891] [print_deep_description] LastAsyncEl3AsyncHwEl | inputs: AsyncHwEl[0] | outputs: user
[2026-09-08 17:48:11.994] [687216] [HailoRT] [info] [pipeline.cpp:891] [print_deep_description] LastAsyncEl4AsyncHwEl | inputs: AsyncHwEl[0] | outputs: user
[2026-09-08 17:48:11.994] [687216] [HailoRT] [info] [pipeline.cpp:891] [print_deep_description] PushQEl5AsyncHwEl | inputs: AsyncHwEl[0] | outputs: PostInferEl5AsyncHwEl(running in thread_id: 687326)
[2026-09-08 17:48:11.994] [687216] [HailoRT] [info] [pipeline.cpp:891] [print_deep_description] PostInferEl5AsyncHwEl | inputs: PushQEl5AsyncHwEl[0] | outputs: LastAsyncEl0PostInferEl5AsyncHwEl
[2026-09-08 17:48:11.994] [687216] [HailoRT] [info] [pipeline.cpp:891] [print_deep_description] LastAsyncEl0PostInferEl5AsyncHwEl | inputs: PostInferEl5AsyncHwEl[0] | outputs: user
[2026-09-08 17:48:11.994] [687216] [HailoRT] [info] [pipeline.cpp:891] [print_deep_description] LastAsyncEl6AsyncHwEl | inputs: AsyncHwEl[0] | outputs: user
[2026-09-08 17:48:11.994] [687216] [HailoRT] [info] [pipeline.cpp:891] [print_deep_description] PushQEl7AsyncHwEl | inputs: AsyncHwEl[0] | outputs: PostInferEl7AsyncHwEl(running in thread_id: 687328)
[2026-09-08 17:48:11.994] [687216] [HailoRT] [info] [pipeline.cpp:891] [print_deep_description] PostInferEl7AsyncHwEl | inputs: PushQEl7AsyncHwEl[0] | outputs: LastAsyncEl0PostInferEl7AsyncHwEl
[2026-09-08 17:48:11.994] [687216] [HailoRT] [info] [pipeline.cpp:891] [print_deep_description] LastAsyncEl0PostInferEl7AsyncHwEl | inputs: PostInferEl7AsyncHwEl[0] | outputs: user
[2026-09-08 17:48:11.994] [687216] [HailoRT] [info] [pipeline.cpp:891] [print_deep_description] LastAsyncEl8AsyncHwEl | inputs: AsyncHwEl[0] | outputs: user
[2026-09-08 17:48:12.206] [687306] [HailoRT] [info] [hef.cpp:1929] [get_network_group_and_network_name] No name was given. Addressing all networks of default network_group: yolov8m_pose
[2026-09-09 09:19:12.391] [97816] [HailoRT] [info] [device.cpp:49] [Device] OS Version: Linux 6.12.62+rpt-rpi-2712 #1 SMP PREEMPT Debian 1:6.12.62-1+rpt1~bookworm (2026-01-19) aarch64
[2026-09-09 09:19:12.392] [97816] [HailoRT] [info] [control.cpp:108] [control__parse_identify_results] firmware_version is: 4.20.0
[2026-09-09 09:19:12.394] [97816] [HailoRT] [info] [control.cpp:108] [control__parse_identify_results] firmware_version is: 4.20.0
[2026-09-09 09:19:12.449] [97827] [HailoRT] [info] [device.cpp:49] [Device] OS Version: Linux 6.12.62+rpt-rpi-2712 #1 SMP PREEMPT Debian 1:6.12.62-1+rpt1~bookworm (2026-01-19) aarch64
[2026-09-09 09:19:12.451] [97827] [HailoRT] [info] [control.cpp:108] [control__parse_identify_results] firmware_version is: 4.20.0
[2026-09-09 09:19:12.452] [97827] [HailoRT] [info] [control.cpp:108] [control__parse_identify_results] firmware_version is: 4.20.0
[2026-09-09 09:19:12.546] [97600] [HailoRT] [info] [vdevice.cpp:523] [create] Creating vdevice with params: device_count: 1, scheduling_algorithm: ROUND_ROBIN, multi_process_service: true
[2026-09-09 09:19:13.566] [97600] [HailoRT] [info] [device.cpp:49] [Device] OS Version: Linux 6.12.62+rpt-rpi-2712 #1 SMP PREEMPT Debian 1:6.12.62-1+rpt1~bookworm (2026-01-19) aarch64
[2026-09-09 09:19:13.568] [97600] [HailoRT] [info] [control.cpp:108] [control__parse_identify_results] firmware_version is: 4.20.0
[2026-09-09 09:19:13.676] [97600] [HailoRT] [info] [hef.cpp:1929] [get_network_group_and_network_name] No name was given. Addressing all networks of default network_group: yolov8m_pose
[2026-09-09 09:19:13.676] [97600] [HailoRT] [info] [hef.cpp:1929] [get_network_group_and_network_name] No name was given. Addressing all networks of default network_group: yolov8m_pose
[2026-09-09 09:19:13.948] [97600] [HailoRT] [info] [infer_model.cpp:436] [configure] Configuring network group 'yolov8m_pose' with params: batch size: 2, power mode: PERFORMANCE, latency: NONE
[2026-09-09 09:19:13.950] [97600] [HailoRT] [info] [multi_io_elements.cpp:756] [create] Created (AsyncHwEl)
[2026-09-09 09:19:13.951] [97600] [HailoRT] [info] [queue_elements.cpp:450] [create] Created (EntryPushQEl0yolov8m_pose/input_layer1 | timeout: 10s)
[2026-09-09 09:19:13.951] [97600] [HailoRT] [info] [filter_elements.cpp:101] [create] Created (PreInferEl1yolov8m_pose/input_layer1 | Reorder - src_order: RGB4, src_shape: (640, 640, 3), dst_order: NHWC, dst_shape: (640, 640, 3))
[2026-09-09 09:19:13.951] [97600] [HailoRT] [info] [queue_elements.cpp:450] [create] Created (PushQEl1yolov8m_pose/input_layer1 | timeout: 10s)
[2026-09-09 09:19:13.954] [97600] [HailoRT] [info] [edge_elements.cpp:187] [create] Created (LastAsyncEl4AsyncHwEl)
[2026-09-09 09:19:13.957] [97600] [HailoRT] [info] [queue_elements.cpp:450] [create] Created (PushQEl5AsyncHwEl | timeout: 10s)
[2026-09-09 09:19:13.957] [97600] [HailoRT] [info] [filter_elements.cpp:375] [create] Created (PostInferEl5AsyncHwEl | Reorder - src_order: FCR, src_shape: (40, 40, 56), dst_order: FCR, dst_shape: (40, 40, 51))
[2026-09-09 09:19:13.957] [97600] [HailoRT] [info] [edge_elements.cpp:187] [create] Created (LastAsyncEl0PostInferEl5AsyncHwEl)
[2026-09-09 09:19:13.958] [97600] [HailoRT] [info] [edge_elements.cpp:187] [create] Created (LastAsyncEl1AsyncHwEl)
[2026-09-09 09:19:13.959] [97600] [HailoRT] [info] [queue_elements.cpp:450] [create] Created (PushQEl2AsyncHwEl | timeout: 10s)
[2026-09-09 09:19:13.959] [97600] [HailoRT] [info] [filter_elements.cpp:375] [create] Created (PostInferEl2AsyncHwEl | Reorder - src_order: FCR, src_shape: (20, 20, 56), dst_order: FCR, dst_shape: (20, 20, 51))
[2026-09-09 09:19:13.959] [97600] [HailoRT] [info] [edge_elements.cpp:187] [create] Created (LastAsyncEl0PostInferEl2AsyncHwEl)
[2026-09-09 09:19:13.960] [97600] [HailoRT] [info] [edge_elements.cpp:187] [create] Created (LastAsyncEl3AsyncHwEl)
[2026-09-09 09:19:13.963] [97600] [HailoRT] [info] [edge_elements.cpp:187] [create] Created (LastAsyncEl0AsyncHwEl)
[2026-09-09 09:19:13.963] [97600] [HailoRT] [info] [edge_elements.cpp:187] [create] Created (LastAsyncEl8AsyncHwEl)
[2026-09-09 09:19:13.964] [97600] [HailoRT] [info] [edge_elements.cpp:187] [create] Created (LastAsyncEl6AsyncHwEl)
[2026-09-09 09:19:13.964] [97600] [HailoRT] [info] [queue_elements.cpp:450] [create] Created (PushQEl7AsyncHwEl | timeout: 10s)
[2026-09-09 09:19:13.964] [97600] [HailoRT] [info] [filter_elements.cpp:375] [create] Created (PostInferEl7AsyncHwEl | Reorder - src_order: FCR, src_shape: (80, 80, 56), dst_order: FCR, dst_shape: (80, 80, 51))
[2026-09-09 09:19:13.964] [97600] [HailoRT] [info] [edge_elements.cpp:187] [create] Created (LastAsyncEl0PostInferEl7AsyncHwEl)
[2026-09-09 09:19:13.964] [97600] [HailoRT] [info] [pipeline.cpp:891] [print_deep_description] EntryPushQEl0yolov8m_pose/input_layer1 | inputs: user | outputs: PreInferEl1yolov8m_pose/input_layer1(running in thread_id: 97912)
[2026-09-09 09:19:13.964] [97600] [HailoRT] [info] [pipeline.cpp:891] [print_deep_description] PreInferEl1yolov8m_pose/input_layer1 | inputs: EntryPushQEl0yolov8m_pose/input_layer1[0] | outputs: PushQEl1yolov8m_pose/input_layer1
[2026-09-09 09:19:13.964] [97600] [HailoRT] [info] [pipeline.cpp:891] [print_deep_description] PushQEl1yolov8m_pose/input_layer1 | inputs: PreInferEl1yolov8m_pose/input_layer1[0] | outputs: AsyncHwEl(running in thread_id: 97914)
[2026-09-09 09:19:13.964] [97600] [HailoRT] [info] [pipeline.cpp:891] [print_deep_description] AsyncHwEl | inputs: PushQEl1yolov8m_pose/input_layer1[0] | outputs: LastAsyncEl0AsyncHwEl LastAsyncEl1AsyncHwEl PushQEl2AsyncHwEl LastAsyncEl3AsyncHwEl LastAsyncEl4AsyncHwEl PushQEl5AsyncHwEl LastAsyncEl6AsyncHwEl PushQEl7AsyncHwEl LastAsyncEl8AsyncHwEl
[2026-09-09 09:19:13.965] [97600] [HailoRT] [info] [pipeline.cpp:891] [print_deep_description] LastAsyncEl0AsyncHwEl | inputs: AsyncHwEl[0] | outputs: user
[2026-09-09 09:19:13.965] [97600] [HailoRT] [info] [pipeline.cpp:891] [print_deep_description] LastAsyncEl1AsyncHwEl | inputs: AsyncHwEl[0] | outputs: user
[2026-09-09 09:19:13.965] [97600] [HailoRT] [info] [pipeline.cpp:891] [print_deep_description] PushQEl2AsyncHwEl | inputs: AsyncHwEl[0] | outputs: PostInferEl2AsyncHwEl(running in thread_id: 97916)
[2026-09-09 09:19:13.965] [97600] [HailoRT] [info] [pipeline.cpp:891] [print_deep_description] PostInferEl2AsyncHwEl | inputs: PushQEl2AsyncHwEl[0] | outputs: LastAsyncEl0PostInferEl2AsyncHwEl
[2026-09-09 09:19:13.965] [97600] [HailoRT] [info] [pipeline.cpp:891] [print_deep_description] LastAsyncEl0PostInferEl2AsyncHwEl | inputs: PostInferEl2AsyncHwEl[0] | outputs: user
[2026-09-09 09:19:13.965] [97600] [HailoRT] [info] [pipeline.cpp:891] [print_deep_description] LastAsyncEl3AsyncHwEl | inputs: AsyncHwEl[0] | outputs: user
[2026-09-09 09:19:13.965] [97600] [HailoRT] [info] [pipeline.cpp:891] [print_deep_description] LastAsyncEl4AsyncHwEl | inputs: AsyncHwEl[0] | outputs: user
[2026-09-09 09:19:13.965] [97600] [HailoRT] [info] [pipeline.cpp:891] [print_deep_description] PushQEl5AsyncHwEl | inputs: AsyncHwEl[0] | outputs: PostInferEl5AsyncHwEl(running in thread_id: 97915)
[2026-09-09 09:19:13.965] [97600] [HailoRT] [info] [pipeline.cpp:891] [print_deep_description] PostInferEl5AsyncHwEl | inputs: PushQEl5AsyncHwEl[0] | outputs: LastAsyncEl0PostInferEl5AsyncHwEl
[2026-09-09 09:19:13.965] [97600] [HailoRT] [info] [pipeline.cpp:891] [print_deep_description] LastAsyncEl0PostInferEl5AsyncHwEl | inputs: PostInferEl5AsyncHwEl[0] | outputs: user
[2026-09-09 09:19:13.965] [97600] [HailoRT] [info] [pipeline.cpp:891] [print_deep_description] LastAsyncEl6AsyncHwEl | inputs: AsyncHwEl[0] | outputs: user
[2026-09-09 09:19:13.965] [97600] [HailoRT] [info] [pipeline.cpp:891] [print_deep_description] PushQEl7AsyncHwEl | inputs: AsyncHwEl[0] | outputs: PostInferEl7AsyncHwEl(running in thread_id: 97917)
[2026-09-09 09:19:13.965] [97600] [HailoRT] [info] [pipeline.cpp:891] [print_deep_description] PostInferEl7AsyncHwEl | inputs: PushQEl7AsyncHwEl[0] | outputs: LastAsyncEl0PostInferEl7AsyncHwEl
[2026-09-09 09:19:13.965] [97600] [HailoRT] [info] [pipeline.cpp:891] [print_deep_description] LastAsyncEl0PostInferEl7AsyncHwEl | inputs: PostInferEl7AsyncHwEl[0] | outputs: user
[2026-09-09 09:19:13.965] [97600] [HailoRT] [info] [pipeline.cpp:891] [print_deep_description] LastAsyncEl8AsyncHwEl | inputs: AsyncHwEl[0] | outputs: user
[2026-09-09 09:19:14.172] [97896] [HailoRT] [info] [hef.cpp:1929] [get_network_group_and_network_name] No name was given. Addressing all networks of default network_group: yolov8m_pose
[2026-09-09 09:20:29.246] [100642] [HailoRT] [info] [device.cpp:49] [Device] OS Version: Linux 6.12.62+rpt-rpi-2712 #1 SMP PREEMPT Debian 1:6.12.62-1+rpt1~bookworm (2026-01-19) aarch64
[2026-09-09 09:20:29.249] [100642] [HailoRT] [info] [control.cpp:108] [control__parse_identify_results] firmware_version is: 4.20.0
[2026-09-09 09:20:29.254] [100642] [HailoRT] [info] [control.cpp:108] [control__parse_identify_results] firmware_version is: 4.20.0
[2026-09-09 09:20:29.313] [100659] [HailoRT] [info] [device.cpp:49] [Device] OS Version: Linux 6.12.62+rpt-rpi-2712 #1 SMP PREEMPT Debian 1:6.12.62-1+rpt1~bookworm (2026-01-19) aarch64
[2026-09-09 09:20:29.315] [100659] [HailoRT] [info] [control.cpp:108] [control__parse_identify_results] firmware_version is: 4.20.0
[2026-09-09 09:20:29.317] [100659] [HailoRT] [info] [control.cpp:108] [control__parse_identify_results] firmware_version is: 4.20.0
[2026-09-09 09:20:29.396] [100396] [HailoRT] [info] [vdevice.cpp:523] [create] Creating vdevice with params: device_count: 1, scheduling_algorithm: ROUND_ROBIN, multi_process_service: true
[2026-09-09 09:20:30.413] [100396] [HailoRT] [info] [device.cpp:49] [Device] OS Version: Linux 6.12.62+rpt-rpi-2712 #1 SMP PREEMPT Debian 1:6.12.62-1+rpt1~bookworm (2026-01-19) aarch64
[2026-09-09 09:20:30.416] [100396] [HailoRT] [info] [control.cpp:108] [control__parse_identify_results] firmware_version is: 4.20.0
[2026-09-09 09:20:30.543] [100396] [HailoRT] [info] [hef.cpp:1929] [get_network_group_and_network_name] No name was given. Addressing all networks of default network_group: yolov8m_pose
[2026-09-09 09:20:30.543] [100396] [HailoRT] [info] [hef.cpp:1929] [get_network_group_and_network_name] No name was given. Addressing all networks of default network_group: yolov8m_pose
[2026-09-09 09:20:31.055] [100700] [HailoRT] [info] [infer_model.cpp:436] [configure] Configuring network group 'yolov8m_pose' with params: batch size: 2, power mode: PERFORMANCE, latency: NONE
[2026-09-09 09:20:31.057] [100700] [HailoRT] [info] [multi_io_elements.cpp:756] [create] Created (AsyncHwEl)
[2026-09-09 09:20:31.058] [100700] [HailoRT] [info] [queue_elements.cpp:450] [create] Created (EntryPushQEl0yolov8m_pose/input_layer1 | timeout: 10s)
[2026-09-09 09:20:31.058] [100700] [HailoRT] [info] [filter_elements.cpp:101] [create] Created (PreInferEl1yolov8m_pose/input_layer1 | Reorder - src_order: RGB4, src_shape: (640, 640, 3), dst_order: NHWC, dst_shape: (640, 640, 3))
[2026-09-09 09:20:31.058] [100700] [HailoRT] [info] [queue_elements.cpp:450] [create] Created (PushQEl1yolov8m_pose/input_layer1 | timeout: 10s)
[2026-09-09 09:20:31.059] [100700] [HailoRT] [info] [edge_elements.cpp:187] [create] Created (LastAsyncEl4AsyncHwEl)
[2026-09-09 09:20:31.059] [100700] [HailoRT] [info] [queue_elements.cpp:450] [create] Created (PushQEl5AsyncHwEl | timeout: 10s)
[2026-09-09 09:20:31.059] [100700] [HailoRT] [info] [filter_elements.cpp:375] [create] Created (PostInferEl5AsyncHwEl | Reorder - src_order: FCR, src_shape: (40, 40, 56), dst_order: FCR, dst_shape: (40, 40, 51))
[2026-09-09 09:20:31.059] [100700] [HailoRT] [info] [edge_elements.cpp:187] [create] Created (LastAsyncEl0PostInferEl5AsyncHwEl)
[2026-09-09 09:20:31.060] [100700] [HailoRT] [info] [edge_elements.cpp:187] [create] Created (LastAsyncEl1AsyncHwEl)
[2026-09-09 09:20:31.061] [100700] [HailoRT] [info] [queue_elements.cpp:450] [create] Created (PushQEl2AsyncHwEl | timeout: 10s)
[2026-09-09 09:20:31.061] [100700] [HailoRT] [info] [filter_elements.cpp:375] [create] Created (PostInferEl2AsyncHwEl | Reorder - src_order: FCR, src_shape: (20, 20, 56), dst_order: FCR, dst_shape: (20, 20, 51))
[2026-09-09 09:20:31.061] [100700] [HailoRT] [info] [edge_elements.cpp:187] [create] Created (LastAsyncEl0PostInferEl2AsyncHwEl)
[2026-09-09 09:20:31.062] [100700] [HailoRT] [info] [edge_elements.cpp:187] [create] Created (LastAsyncEl3AsyncHwEl)
[2026-09-09 09:20:31.062] [100700] [HailoRT] [info] [edge_elements.cpp:187] [create] Created (LastAsyncEl0AsyncHwEl)
[2026-09-09 09:20:31.063] [100700] [HailoRT] [info] [edge_elements.cpp:187] [create] Created (LastAsyncEl8AsyncHwEl)
[2026-09-09 09:20:31.063] [100700] [HailoRT] [info] [edge_elements.cpp:187] [create] Created (LastAsyncEl6AsyncHwEl)
[2026-09-09 09:20:31.064] [100700] [HailoRT] [info] [queue_elements.cpp:450] [create] Created (PushQEl7AsyncHwEl | timeout: 10s)
[2026-09-09 09:20:31.064] [100700] [HailoRT] [info] [filter_elements.cpp:375] [create] Created (PostInferEl7AsyncHwEl | Reorder - src_order: FCR, src_shape: (80, 80, 56), dst_order: FCR, dst_shape: (80, 80, 51))
[2026-09-09 09:20:31.064] [100700] [HailoRT] [info] [edge_elements.cpp:187] [create] Created (LastAsyncEl0PostInferEl7AsyncHwEl)
[2026-09-09 09:20:31.064] [100700] [HailoRT] [info] [pipeline.cpp:891] [print_deep_description] EntryPushQEl0yolov8m_pose/input_layer1 | inputs: user | outputs: PreInferEl1yolov8m_pose/input_layer1(running in thread_id: 100727)
[2026-09-09 09:20:31.064] [100700] [HailoRT] [info] [pipeline.cpp:891] [print_deep_description] PreInferEl1yolov8m_pose/input_layer1 | inputs: EntryPushQEl0yolov8m_pose/input_layer1[0] | outputs: PushQEl1yolov8m_pose/input_layer1
[2026-09-09 09:20:31.064] [100700] [HailoRT] [info] [pipeline.cpp:891] [print_deep_description] PushQEl1yolov8m_pose/input_layer1 | inputs: PreInferEl1yolov8m_pose/input_layer1[0] | outputs: AsyncHwEl(running in thread_id: 100728)
[2026-09-09 09:20:31.064] [100700] [HailoRT] [info] [pipeline.cpp:891] [print_deep_description] AsyncHwEl | inputs: PushQEl1yolov8m_pose/input_layer1[0] | outputs: LastAsyncEl0AsyncHwEl LastAsyncEl1AsyncHwEl PushQEl2AsyncHwEl LastAsyncEl3AsyncHwEl LastAsyncEl4AsyncHwEl PushQEl5AsyncHwEl LastAsyncEl6AsyncHwEl PushQEl7AsyncHwEl LastAsyncEl8AsyncHwEl
[2026-09-09 09:20:31.064] [100700] [HailoRT] [info] [pipeline.cpp:891] [print_deep_description] LastAsyncEl0AsyncHwEl | inputs: AsyncHwEl[0] | outputs: user
[2026-09-09 09:20:31.064] [100700] [HailoRT] [info] [pipeline.cpp:891] [print_deep_description] LastAsyncEl1AsyncHwEl | inputs: AsyncHwEl[0] | outputs: user
[2026-09-09 09:20:31.064] [100700] [HailoRT] [info] [pipeline.cpp:891] [print_deep_description] PushQEl2AsyncHwEl | inputs: AsyncHwEl[0] | outputs: PostInferEl2AsyncHwEl(running in thread_id: 100730)
[2026-09-09 09:20:31.064] [100700] [HailoRT] [info] [pipeline.cpp:891] [print_deep_description] PostInferEl2AsyncHwEl | inputs: PushQEl2AsyncHwEl[0] | outputs: LastAsyncEl0PostInferEl2AsyncHwEl
[2026-09-09 09:20:31.064] [100700] [HailoRT] [info] [pipeline.cpp:891] [print_deep_description] LastAsyncEl0PostInferEl2AsyncHwEl | inputs: PostInferEl2AsyncHwEl[0] | outputs: user
[2026-09-09 09:20:31.064] [100700] [HailoRT] [info] [pipeline.cpp:891] [print_deep_description] LastAsyncEl3AsyncHwEl | inputs: AsyncHwEl[0] | outputs: user
[2026-09-09 09:20:31.064] [100700] [HailoRT] [info] [pipeline.cpp:891] [print_deep_description] LastAsyncEl4AsyncHwEl | inputs: AsyncHwEl[0] | outputs: user
[2026-09-09 09:20:31.064] [100700] [HailoRT] [info] [pipeline.cpp:891] [print_deep_description] PushQEl5AsyncHwEl | inputs: AsyncHwEl[0] | outputs: PostInferEl5AsyncHwEl(running in thread_id: 100729)
[2026-09-09 09:20:31.064] [100700] [HailoRT] [info] [pipeline.cpp:891] [print_deep_description] PostInferEl5AsyncHwEl | inputs: PushQEl5AsyncHwEl[0] | outputs: LastAsyncEl0PostInferEl5AsyncHwEl
[2026-09-09 09:20:31.064] [100700] [HailoRT] [info] [pipeline.cpp:891] [print_deep_description] LastAsyncEl0PostInferEl5AsyncHwEl | inputs: PostInferEl5AsyncHwEl[0] | outputs: user
[2026-09-09 09:20:31.064] [100700] [HailoRT] [info] [pipeline.cpp:891] [print_deep_description] LastAsyncEl6AsyncHwEl | inputs: AsyncHwEl[0] | outputs: user
[2026-09-09 09:20:31.064] [100700] [HailoRT] [info] [pipeline.cpp:891] [print_deep_description] PushQEl7AsyncHwEl | inputs: AsyncHwEl[0] | outputs: PostInferEl7AsyncHwEl(running in thread_id: 100731)
[2026-09-09 09:20:31.064] [100700] [HailoRT] [info] [pipeline.cpp:891] [print_deep_description] PostInferEl7AsyncHwEl | inputs: PushQEl7AsyncHwEl[0] | outputs: LastAsyncEl0PostInferEl7AsyncHwEl
[2026-09-09 09:20:31.064] [100700] [HailoRT] [info] [pipeline.cpp:891] [print_deep_description] LastAsyncEl0PostInferEl7AsyncHwEl | inputs: PostInferEl7AsyncHwEl[0] | outputs: user
[2026-09-09 09:20:31.064] [100700] [HailoRT] [info] [pipeline.cpp:891] [print_deep_description] LastAsyncEl8AsyncHwEl | inputs: AsyncHwEl[0] | outputs: user
[2026-09-09 09:20:31.068] [100700] [HailoRT] [info] [hef.cpp:1929] [get_network_group_and_network_name] No name was given. Addressing all networks of default network_group: yolov8m_pose
[2026-09-09 09:21:28.446] [100396] [HailoRT] [info] [async_infer_runner.cpp:86] [shutdown] Pipeline was aborted. Shutting it down
[2026-09-09 09:21:28.446] [100728] [HailoRT] [info] [queue_elements.cpp:497] [operator()] Thread in element PushQEl1yolov8m_pose/input_layer1 is not running anymore, exiting..
[2026-09-09 09:21:28.446] [100727] [HailoRT] [info] [queue_elements.cpp:497] [operator()] Thread in element EntryPushQEl0yolov8m_pose/input_layer1 is not running anymore, exiting..
[2026-09-09 09:21:28.454] [100725] [HailoRT] [info] [network_group_client.cpp:661] [operator()] Infer request was aborted by user
[2026-09-09 09:21:28.454] [100725] [HailoRT] [info] [network_group_client.cpp:661] [operator()] Infer request was aborted by user
[2026-09-09 09:21:28.457] [100725] [HailoRT] [info] [network_group_client.cpp:661] [operator()] Infer request was aborted by user
[2026-09-09 09:21:28.459] [100725] [HailoRT] [info] [network_group_client.cpp:661] [operator()] Infer request was aborted by user
[2026-09-09 09:21:28.465] [100725] [HailoRT] [info] [network_group_client.cpp:661] [operator()] Infer request was aborted by user
[2026-09-09 09:21:28.467] [100725] [HailoRT] [info] [network_group_client.cpp:661] [operator()] Infer request was aborted by user
[2026-09-09 09:21:28.470] [100725] [HailoRT] [info] [network_group_client.cpp:661] [operator()] Infer request was aborted by user
[2026-09-09 09:21:28.475] [100725] [HailoRT] [info] [network_group_client.cpp:661] [operator()] Infer request was aborted by user
[2026-09-09 09:21:28.477] [100725] [HailoRT] [info] [network_group_client.cpp:661] [operator()] Infer request was aborted by user
[2026-09-09 09:21:28.479] [100396] [HailoRT] [info] [queue_elements.cpp:570] [execute_deactivate] enqueue() in element PushQEl2AsyncHwEl was aborted, got status = HAILO_SHUTDOWN_EVENT_SIGNALED(57)
[2026-09-09 09:21:28.479] [100396] [HailoRT] [info] [queue_elements.cpp:570] [execute_deactivate] enqueue() in element PushQEl5AsyncHwEl was aborted, got status = HAILO_SHUTDOWN_EVENT_SIGNALED(57)
[2026-09-09 09:21:28.479] [100396] [HailoRT] [info] [queue_elements.cpp:570] [execute_deactivate] enqueue() in element PushQEl7AsyncHwEl was aborted, got status = HAILO_SHUTDOWN_EVENT_SIGNALED(57)
[2026-09-09 09:21:28.479] [100396] [HailoRT] [info] [queue_elements.cpp:570] [execute_deactivate] enqueue() in element PushQEl1yolov8m_pose/input_layer1 was aborted, got status = HAILO_SHUTDOWN_EVENT_SIGNALED(57)
[2026-09-09 09:21:28.479] [100396] [HailoRT] [info] [queue_elements.cpp:570] [execute_deactivate] enqueue() in element EntryPushQEl0yolov8m_pose/input_layer1 was aborted, got status = HAILO_SHUTDOWN_EVENT_SIGNALED(57)
[2026-09-09 09:21:28.479] [100396] [HailoRT] [info] [queue_elements.cpp:46] [~BaseQueueElement] Queue element EntryPushQEl0yolov8m_pose/input_layer1 has 0 frames in his Queue on destruction
[2026-09-09 09:21:28.479] [100396] [HailoRT] [info] [queue_elements.cpp:46] [~BaseQueueElement] Queue element PushQEl1yolov8m_pose/input_layer1 has 0 frames in his Queue on destruction
[2026-09-09 09:21:28.479] [100396] [HailoRT] [info] [queue_elements.cpp:46] [~BaseQueueElement] Queue element PushQEl5AsyncHwEl has 0 frames in his Queue on destruction
[2026-09-09 09:21:28.480] [100396] [HailoRT] [info] [queue_elements.cpp:46] [~BaseQueueElement] Queue element PushQEl2AsyncHwEl has 0 frames in his Queue on destruction
[2026-09-09 09:21:28.480] [100396] [HailoRT] [info] [queue_elements.cpp:46] [~BaseQueueElement] Queue element PushQEl7AsyncHwEl has 0 frames in his Queue on destruction
[2026-09-09 09:21:28.600] [103077] [HailoRT] [error] [hailort_rpc_client.cpp:271] [VDevice_configure] CHECK_SUCCESS failed with status=HAILO_INVALID_HEF(26)
[2026-09-09 09:21:28.600] [103077] [HailoRT] [error] [vdevice.cpp:364] [configure] CHECK_SUCCESS failed with status=HAILO_INVALID_HEF(26)
[2026-09-09 09:21:28.601] [103077] [HailoRT] [error] [infer_model.cpp:349] [configure] CHECK_SUCCESS failed with status=HAILO_INVALID_HEF(26)
[2026-09-09 09:24:11.474] [105835] [HailoRT] [info] [device.cpp:49] [Device] OS Version: Linux 6.12.62+rpt-rpi-2712 #1 SMP PREEMPT Debian 1:6.12.62-1+rpt1~bookworm (2026-01-19) aarch64
[2026-09-09 09:24:11.477] [105835] [HailoRT] [info] [control.cpp:108] [control__parse_identify_results] firmware_version is: 4.20.0
[2026-09-09 09:24:11.478] [105835] [HailoRT] [info] [control.cpp:108] [control__parse_identify_results] firmware_version is: 4.20.0
[2026-09-09 09:24:11.535] [105845] [HailoRT] [info] [device.cpp:49] [Device] OS Version: Linux 6.12.62+rpt-rpi-2712 #1 SMP PREEMPT Debian 1:6.12.62-1+rpt1~bookworm (2026-01-19) aarch64
[2026-09-09 09:24:11.536] [105845] [HailoRT] [info] [control.cpp:108] [control__parse_identify_results] firmware_version is: 4.20.0
[2026-09-09 09:24:11.537] [105845] [HailoRT] [info] [control.cpp:108] [control__parse_identify_results] firmware_version is: 4.20.0
[2026-09-09 09:24:11.632] [105691] [HailoRT] [info] [vdevice.cpp:523] [create] Creating vdevice with params: device_count: 1, scheduling_algorithm: ROUND_ROBIN, multi_process_service: true
[2026-09-09 09:24:12.648] [105691] [HailoRT] [info] [device.cpp:49] [Device] OS Version: Linux 6.12.62+rpt-rpi-2712 #1 SMP PREEMPT Debian 1:6.12.62-1+rpt1~bookworm (2026-01-19) aarch64
[2026-09-09 09:24:12.651] [105691] [HailoRT] [info] [control.cpp:108] [control__parse_identify_results] firmware_version is: 4.20.0
[2026-09-09 09:24:12.760] [105691] [HailoRT] [info] [hef.cpp:1929] [get_network_group_and_network_name] No name was given. Addressing all networks of default network_group: yolov8m_pose
[2026-09-09 09:24:12.760] [105691] [HailoRT] [info] [hef.cpp:1929] [get_network_group_and_network_name] No name was given. Addressing all networks of default network_group: yolov8m_pose
[2026-09-09 09:24:13.301] [105883] [HailoRT] [info] [infer_model.cpp:436] [configure] Configuring network group 'yolov8m_pose' with params: batch size: 2, power mode: PERFORMANCE, latency: NONE
[2026-09-09 09:24:13.303] [105883] [HailoRT] [info] [multi_io_elements.cpp:756] [create] Created (AsyncHwEl)
[2026-09-09 09:24:13.304] [105883] [HailoRT] [info] [queue_elements.cpp:450] [create] Created (EntryPushQEl0yolov8m_pose/input_layer1 | timeout: 10s)
[2026-09-09 09:24:13.304] [105883] [HailoRT] [info] [filter_elements.cpp:101] [create] Created (PreInferEl1yolov8m_pose/input_layer1 | Reorder - src_order: RGB4, src_shape: (640, 640, 3), dst_order: NHWC, dst_shape: (640, 640, 3))
[2026-09-09 09:24:13.304] [105883] [HailoRT] [info] [queue_elements.cpp:450] [create] Created (PushQEl1yolov8m_pose/input_layer1 | timeout: 10s)
[2026-09-09 09:24:13.305] [105883] [HailoRT] [info] [edge_elements.cpp:187] [create] Created (LastAsyncEl4AsyncHwEl)
[2026-09-09 09:24:13.306] [105883] [HailoRT] [info] [queue_elements.cpp:450] [create] Created (PushQEl5AsyncHwEl | timeout: 10s)
[2026-09-09 09:24:13.306] [105883] [HailoRT] [info] [filter_elements.cpp:375] [create] Created (PostInferEl5AsyncHwEl | Reorder - src_order: FCR, src_shape: (40, 40, 56), dst_order: FCR, dst_shape: (40, 40, 51))
[2026-09-09 09:24:13.306] [105883] [HailoRT] [info] [edge_elements.cpp:187] [create] Created (LastAsyncEl0PostInferEl5AsyncHwEl)
[2026-09-09 09:24:13.306] [105883] [HailoRT] [info] [edge_elements.cpp:187] [create] Created (LastAsyncEl1AsyncHwEl)
[2026-09-09 09:24:13.307] [105883] [HailoRT] [info] [queue_elements.cpp:450] [create] Created (PushQEl2AsyncHwEl | timeout: 10s)
[2026-09-09 09:24:13.307] [105883] [HailoRT] [info] [filter_elements.cpp:375] [create] Created (PostInferEl2AsyncHwEl | Reorder - src_order: FCR, src_shape: (20, 20, 56), dst_order: FCR, dst_shape: (20, 20, 51))
[2026-09-09 09:24:13.307] [105883] [HailoRT] [info] [edge_elements.cpp:187] [create] Created (LastAsyncEl0PostInferEl2AsyncHwEl)
[2026-09-09 09:24:13.307] [105883] [HailoRT] [info] [edge_elements.cpp:187] [create] Created (LastAsyncEl3AsyncHwEl)
[2026-09-09 09:24:13.308] [105883] [HailoRT] [info] [edge_elements.cpp:187] [create] Created (LastAsyncEl0AsyncHwEl)
[2026-09-09 09:24:13.308] [105883] [HailoRT] [info] [edge_elements.cpp:187] [create] Created (LastAsyncEl8AsyncHwEl)
[2026-09-09 09:24:13.308] [105883] [HailoRT] [info] [edge_elements.cpp:187] [create] Created (LastAsyncEl6AsyncHwEl)
[2026-09-09 09:24:13.309] [105883] [HailoRT] [info] [queue_elements.cpp:450] [create] Created (PushQEl7AsyncHwEl | timeout: 10s)
[2026-09-09 09:24:13.309] [105883] [HailoRT] [info] [filter_elements.cpp:375] [create] Created (PostInferEl7AsyncHwEl | Reorder - src_order: FCR, src_shape: (80, 80, 56), dst_order: FCR, dst_shape: (80, 80, 51))
[2026-09-09 09:24:13.309] [105883] [HailoRT] [info] [edge_elements.cpp:187] [create] Created (LastAsyncEl0PostInferEl7AsyncHwEl)
[2026-09-09 09:24:13.309] [105883] [HailoRT] [info] [pipeline.cpp:891] [print_deep_description] EntryPushQEl0yolov8m_pose/input_layer1 | inputs: user | outputs: PreInferEl1yolov8m_pose/input_layer1(running in thread_id: 105932)
[2026-09-09 09:24:13.309] [105883] [HailoRT] [info] [pipeline.cpp:891] [print_deep_description] PreInferEl1yolov8m_pose/input_layer1 | inputs: EntryPushQEl0yolov8m_pose/input_layer1[0] | outputs: PushQEl1yolov8m_pose/input_layer1
[2026-09-09 09:24:13.309] [105883] [HailoRT] [info] [pipeline.cpp:891] [print_deep_description] PushQEl1yolov8m_pose/input_layer1 | inputs: PreInferEl1yolov8m_pose/input_layer1[0] | outputs: AsyncHwEl(running in thread_id: 105933)
[2026-09-09 09:24:13.309] [105883] [HailoRT] [info] [pipeline.cpp:891] [print_deep_description] AsyncHwEl | inputs: PushQEl1yolov8m_pose/input_layer1[0] | outputs: LastAsyncEl0AsyncHwEl LastAsyncEl1AsyncHwEl PushQEl2AsyncHwEl LastAsyncEl3AsyncHwEl LastAsyncEl4AsyncHwEl PushQEl5AsyncHwEl LastAsyncEl6AsyncHwEl PushQEl7AsyncHwEl LastAsyncEl8AsyncHwEl
[2026-09-09 09:24:13.309] [105883] [HailoRT] [info] [pipeline.cpp:891] [print_deep_description] LastAsyncEl0AsyncHwEl | inputs: AsyncHwEl[0] | outputs: user
[2026-09-09 09:24:13.309] [105883] [HailoRT] [info] [pipeline.cpp:891] [print_deep_description] LastAsyncEl1AsyncHwEl | inputs: AsyncHwEl[0] | outputs: user
[2026-09-09 09:24:13.309] [105883] [HailoRT] [info] [pipeline.cpp:891] [print_deep_description] PushQEl2AsyncHwEl | inputs: AsyncHwEl[0] | outputs: PostInferEl2AsyncHwEl(running in thread_id: 105935)
[2026-09-09 09:24:13.309] [105883] [HailoRT] [info] [pipeline.cpp:891] [print_deep_description] PostInferEl2AsyncHwEl | inputs: PushQEl2AsyncHwEl[0] | outputs: LastAsyncEl0PostInferEl2AsyncHwEl
[2026-09-09 09:24:13.309] [105883] [HailoRT] [info] [pipeline.cpp:891] [print_deep_description] LastAsyncEl0PostInferEl2AsyncHwEl | inputs: PostInferEl2AsyncHwEl[0] | outputs: user
[2026-09-09 09:24:13.309] [105883] [HailoRT] [info] [pipeline.cpp:891] [print_deep_description] LastAsyncEl3AsyncHwEl | inputs: AsyncHwEl[0] | outputs: user
[2026-09-09 09:24:13.309] [105883] [HailoRT] [info] [pipeline.cpp:891] [print_deep_description] LastAsyncEl4AsyncHwEl | inputs: AsyncHwEl[0] | outputs: user
[2026-09-09 09:24:13.309] [105883] [HailoRT] [info] [pipeline.cpp:891] [print_deep_description] PushQEl5AsyncHwEl | inputs: AsyncHwEl[0] | outputs: PostInferEl5AsyncHwEl(running in thread_id: 105934)
[2026-09-09 09:24:13.309] [105883] [HailoRT] [info] [pipeline.cpp:891] [print_deep_description] PostInferEl5AsyncHwEl | inputs: PushQEl5AsyncHwEl[0] | outputs: LastAsyncEl0PostInferEl5AsyncHwEl
[2026-09-09 09:24:13.309] [105883] [HailoRT] [info] [pipeline.cpp:891] [print_deep_description] LastAsyncEl0PostInferEl5AsyncHwEl | inputs: PostInferEl5AsyncHwEl[0] | outputs: user
[2026-09-09 09:24:13.309] [105883] [HailoRT] [info] [pipeline.cpp:891] [print_deep_description] LastAsyncEl6AsyncHwEl | inputs: AsyncHwEl[0] | outputs: user
[2026-09-09 09:24:13.309] [105883] [HailoRT] [info] [pipeline.cpp:891] [print_deep_description] PushQEl7AsyncHwEl | inputs: AsyncHwEl[0] | outputs: PostInferEl7AsyncHwEl(running in thread_id: 105936)
[2026-09-09 09:24:13.309] [105883] [HailoRT] [info] [pipeline.cpp:891] [print_deep_description] PostInferEl7AsyncHwEl | inputs: PushQEl7AsyncHwEl[0] | outputs: LastAsyncEl0PostInferEl7AsyncHwEl
[2026-09-09 09:24:13.309] [105883] [HailoRT] [info] [pipeline.cpp:891] [print_deep_description] LastAsyncEl0PostInferEl7AsyncHwEl | inputs: PostInferEl7AsyncHwEl[0] | outputs: user
[2026-09-09 09:24:13.309] [105883] [HailoRT] [info] [pipeline.cpp:891] [print_deep_description] LastAsyncEl8AsyncHwEl | inputs: AsyncHwEl[0] | outputs: user
[2026-09-09 09:24:13.312] [105883] [HailoRT] [info] [hef.cpp:1929] [get_network_group_and_network_name] No name was given. Addressing all networks of default network_group: yolov8m_pose
[2026-09-09 09:25:10.715] [105691] [HailoRT] [info] [async_infer_runner.cpp:86] [shutdown] Pipeline was aborted. Shutting it down
[2026-09-09 09:25:10.715] [105933] [HailoRT] [info] [queue_elements.cpp:497] [operator()] Thread in element PushQEl1yolov8m_pose/input_layer1 is not running anymore, exiting..
[2026-09-09 09:25:10.715] [105932] [HailoRT] [info] [queue_elements.cpp:497] [operator()] Thread in element EntryPushQEl0yolov8m_pose/input_layer1 is not running anymore, exiting..
[2026-09-09 09:25:10.728] [105930] [HailoRT] [info] [network_group_client.cpp:661] [operator()] Infer request was aborted by user
[2026-09-09 09:25:10.729] [105930] [HailoRT] [info] [network_group_client.cpp:661] [operator()] Infer request was aborted by user
[2026-09-09 09:25:10.734] [105930] [HailoRT] [info] [network_group_client.cpp:661] [operator()] Infer request was aborted by user
[2026-09-09 09:25:10.737] [105930] [HailoRT] [info] [network_group_client.cpp:661] [operator()] Infer request was aborted by user
[2026-09-09 09:25:10.741] [105930] [HailoRT] [info] [network_group_client.cpp:661] [operator()] Infer request was aborted by user
[2026-09-09 09:25:10.744] [105930] [HailoRT] [info] [network_group_client.cpp:661] [operator()] Infer request was aborted by user
[2026-09-09 09:25:10.747] [105930] [HailoRT] [info] [network_group_client.cpp:661] [operator()] Infer request was aborted by user
[2026-09-09 09:25:10.749] [105930] [HailoRT] [info] [network_group_client.cpp:661] [operator()] Infer request was aborted by user
[2026-09-09 09:25:10.752] [105930] [HailoRT] [info] [network_group_client.cpp:661] [operator()] Infer request was aborted by user
[2026-09-09 09:25:10.759] [105691] [HailoRT] [info] [queue_elements.cpp:570] [execute_deactivate] enqueue() in element PushQEl2AsyncHwEl was aborted, got status = HAILO_SHUTDOWN_EVENT_SIGNALED(57)
[2026-09-09 09:25:10.759] [105691] [HailoRT] [info] [queue_elements.cpp:570] [execute_deactivate] enqueue() in element PushQEl5AsyncHwEl was aborted, got status = HAILO_SHUTDOWN_EVENT_SIGNALED(57)
[2026-09-09 09:25:10.759] [105691] [HailoRT] [info] [queue_elements.cpp:570] [execute_deactivate] enqueue() in element PushQEl7AsyncHwEl was aborted, got status = HAILO_SHUTDOWN_EVENT_SIGNALED(57)
[2026-09-09 09:25:10.759] [105691] [HailoRT] [info] [queue_elements.cpp:570] [execute_deactivate] enqueue() in element PushQEl1yolov8m_pose/input_layer1 was aborted, got status = HAILO_SHUTDOWN_EVENT_SIGNALED(57)
[2026-09-09 09:25:10.759] [105691] [HailoRT] [info] [queue_elements.cpp:570] [execute_deactivate] enqueue() in element EntryPushQEl0yolov8m_pose/input_layer1 was aborted, got status = HAILO_SHUTDOWN_EVENT_SIGNALED(57)
[2026-09-09 09:25:10.759] [105691] [HailoRT] [info] [queue_elements.cpp:46] [~BaseQueueElement] Queue element EntryPushQEl0yolov8m_pose/input_layer1 has 0 frames in his Queue on destruction
[2026-09-09 09:25:10.759] [105691] [HailoRT] [info] [queue_elements.cpp:46] [~BaseQueueElement] Queue element PushQEl1yolov8m_pose/input_layer1 has 0 frames in his Queue on destruction
[2026-09-09 09:25:10.760] [105691] [HailoRT] [info] [queue_elements.cpp:46] [~BaseQueueElement] Queue element PushQEl5AsyncHwEl has 0 frames in his Queue on destruction
[2026-09-09 09:25:10.760] [105691] [HailoRT] [info] [queue_elements.cpp:46] [~BaseQueueElement] Queue element PushQEl2AsyncHwEl has 0 frames in his Queue on destruction
[2026-09-09 09:25:10.760] [105691] [HailoRT] [info] [queue_elements.cpp:46] [~BaseQueueElement] Queue element PushQEl7AsyncHwEl has 0 frames in his Queue on destruction
[2026-09-09 09:25:10.876] [108307] [HailoRT] [error] [hailort_rpc_client.cpp:271] [VDevice_configure] CHECK_SUCCESS failed with status=HAILO_INVALID_HEF(26)
[2026-09-09 09:25:10.876] [108307] [HailoRT] [error] [vdevice.cpp:364] [configure] CHECK_SUCCESS failed with status=HAILO_INVALID_HEF(26)
[2026-09-09 09:25:10.876] [108307] [HailoRT] [error] [infer_model.cpp:349] [configure] CHECK_SUCCESS failed with status=HAILO_INVALID_HEF(26)
[2026-09-09 09:32:50.577] [115728] [HailoRT] [info] [device.cpp:49] [Device] OS Version: Linux 6.12.62+rpt-rpi-2712 #1 SMP PREEMPT Debian 1:6.12.62-1+rpt1~bookworm (2026-01-19) aarch64
[2026-09-09 09:32:50.582] [115728] [HailoRT] [info] [control.cpp:108] [control__parse_identify_results] firmware_version is: 4.20.0
[2026-09-09 09:32:50.586] [115728] [HailoRT] [info] [control.cpp:108] [control__parse_identify_results] firmware_version is: 4.20.0
[2026-09-09 09:32:50.649] [115737] [HailoRT] [info] [device.cpp:49] [Device] OS Version: Linux 6.12.62+rpt-rpi-2712 #1 SMP PREEMPT Debian 1:6.12.62-1+rpt1~bookworm (2026-01-19) aarch64
[2026-09-09 09:32:50.651] [115737] [HailoRT] [info] [control.cpp:108] [control__parse_identify_results] firmware_version is: 4.20.0
[2026-09-09 09:32:50.653] [115737] [HailoRT] [info] [control.cpp:108] [control__parse_identify_results] firmware_version is: 4.20.0
[2026-09-09 09:32:50.769] [115727] [HailoRT] [info] [vdevice.cpp:523] [create] Creating vdevice with params: device_count: 1, scheduling_algorithm: ROUND_ROBIN, multi_process_service: true
[2026-09-09 09:32:51.788] [115727] [HailoRT] [info] [device.cpp:49] [Device] OS Version: Linux 6.12.62+rpt-rpi-2712 #1 SMP PREEMPT Debian 1:6.12.62-1+rpt1~bookworm (2026-01-19) aarch64
[2026-09-09 09:32:51.789] [115727] [HailoRT] [info] [control.cpp:108] [control__parse_identify_results] firmware_version is: 4.20.0
[2026-09-09 09:32:51.921] [115727] [HailoRT] [info] [hef.cpp:1929] [get_network_group_and_network_name] No name was given. Addressing all networks of default network_group: yolov8m_pose
[2026-09-09 09:32:51.921] [115727] [HailoRT] [info] [hef.cpp:1929] [get_network_group_and_network_name] No name was given. Addressing all networks of default network_group: yolov8m_pose
[2026-09-09 09:32:52.357] [115805] [HailoRT] [info] [infer_model.cpp:436] [configure] Configuring network group 'yolov8m_pose' with params: batch size: 2, power mode: PERFORMANCE, latency: NONE
[2026-09-09 09:32:52.359] [115805] [HailoRT] [info] [multi_io_elements.cpp:756] [create] Created (AsyncHwEl)
[2026-09-09 09:32:52.360] [115805] [HailoRT] [info] [queue_elements.cpp:450] [create] Created (EntryPushQEl0yolov8m_pose/input_layer1 | timeout: 10s)
[2026-09-09 09:32:52.360] [115805] [HailoRT] [info] [filter_elements.cpp:101] [create] Created (PreInferEl1yolov8m_pose/input_layer1 | Reorder - src_order: RGB4, src_shape: (640, 640, 3), dst_order: NHWC, dst_shape: (640, 640, 3))
[2026-09-09 09:32:52.360] [115805] [HailoRT] [info] [queue_elements.cpp:450] [create] Created (PushQEl1yolov8m_pose/input_layer1 | timeout: 10s)
[2026-09-09 09:32:52.361] [115805] [HailoRT] [info] [edge_elements.cpp:187] [create] Created (LastAsyncEl4AsyncHwEl)
[2026-09-09 09:32:52.361] [115805] [HailoRT] [info] [queue_elements.cpp:450] [create] Created (PushQEl5AsyncHwEl | timeout: 10s)
[2026-09-09 09:32:52.361] [115805] [HailoRT] [info] [filter_elements.cpp:375] [create] Created (PostInferEl5AsyncHwEl | Reorder - src_order: FCR, src_shape: (40, 40, 56), dst_order: FCR, dst_shape: (40, 40, 51))
[2026-09-09 09:32:52.361] [115805] [HailoRT] [info] [edge_elements.cpp:187] [create] Created (LastAsyncEl0PostInferEl5AsyncHwEl)
[2026-09-09 09:32:52.362] [115805] [HailoRT] [info] [edge_elements.cpp:187] [create] Created (LastAsyncEl1AsyncHwEl)
[2026-09-09 09:32:52.362] [115805] [HailoRT] [info] [queue_elements.cpp:450] [create] Created (PushQEl2AsyncHwEl | timeout: 10s)
[2026-09-09 09:32:52.362] [115805] [HailoRT] [info] [filter_elements.cpp:375] [create] Created (PostInferEl2AsyncHwEl | Reorder - src_order: FCR, src_shape: (20, 20, 56), dst_order: FCR, dst_shape: (20, 20, 51))
[2026-09-09 09:32:52.362] [115805] [HailoRT] [info] [edge_elements.cpp:187] [create] Created (LastAsyncEl0PostInferEl2AsyncHwEl)
[2026-09-09 09:32:52.362] [115805] [HailoRT] [info] [edge_elements.cpp:187] [create] Created (LastAsyncEl3AsyncHwEl)
[2026-09-09 09:32:52.363] [115805] [HailoRT] [info] [edge_elements.cpp:187] [create] Created (LastAsyncEl0AsyncHwEl)
[2026-09-09 09:32:52.363] [115805] [HailoRT] [info] [edge_elements.cpp:187] [create] Created (LastAsyncEl8AsyncHwEl)
[2026-09-09 09:32:52.363] [115805] [HailoRT] [info] [edge_elements.cpp:187] [create] Created (LastAsyncEl6AsyncHwEl)
[2026-09-09 09:32:52.364] [115805] [HailoRT] [info] [queue_elements.cpp:450] [create] Created (PushQEl7AsyncHwEl | timeout: 10s)
[2026-09-09 09:32:52.364] [115805] [HailoRT] [info] [filter_elements.cpp:375] [create] Created (PostInferEl7AsyncHwEl | Reorder - src_order: FCR, src_shape: (80, 80, 56), dst_order: FCR, dst_shape: (80, 80, 51))
[2026-09-09 09:32:52.364] [115805] [HailoRT] [info] [edge_elements.cpp:187] [create] Created (LastAsyncEl0PostInferEl7AsyncHwEl)
[2026-09-09 09:32:52.364] [115805] [HailoRT] [info] [pipeline.cpp:891] [print_deep_description] EntryPushQEl0yolov8m_pose/input_layer1 | inputs: user | outputs: PreInferEl1yolov8m_pose/input_layer1(running in thread_id: 115830)
[2026-09-09 09:32:52.364] [115805] [HailoRT] [info] [pipeline.cpp:891] [print_deep_description] PreInferEl1yolov8m_pose/input_layer1 | inputs: EntryPushQEl0yolov8m_pose/input_layer1[0] | outputs: PushQEl1yolov8m_pose/input_layer1
[2026-09-09 09:32:52.364] [115805] [HailoRT] [info] [pipeline.cpp:891] [print_deep_description] PushQEl1yolov8m_pose/input_layer1 | inputs: PreInferEl1yolov8m_pose/input_layer1[0] | outputs: AsyncHwEl(running in thread_id: 115831)
[2026-09-09 09:32:52.364] [115805] [HailoRT] [info] [pipeline.cpp:891] [print_deep_description] AsyncHwEl | inputs: PushQEl1yolov8m_pose/input_layer1[0] | outputs: LastAsyncEl0AsyncHwEl LastAsyncEl1AsyncHwEl PushQEl2AsyncHwEl LastAsyncEl3AsyncHwEl LastAsyncEl4AsyncHwEl PushQEl5AsyncHwEl LastAsyncEl6AsyncHwEl PushQEl7AsyncHwEl LastAsyncEl8AsyncHwEl
[2026-09-09 09:32:52.364] [115805] [HailoRT] [info] [pipeline.cpp:891] [print_deep_description] LastAsyncEl0AsyncHwEl | inputs: AsyncHwEl[0] | outputs: user
[2026-09-09 09:32:52.364] [115805] [HailoRT] [info] [pipeline.cpp:891] [print_deep_description] LastAsyncEl1AsyncHwEl | inputs: AsyncHwEl[0] | outputs: user
[2026-09-09 09:32:52.364] [115805] [HailoRT] [info] [pipeline.cpp:891] [print_deep_description] PushQEl2AsyncHwEl | inputs: AsyncHwEl[0] | outputs: PostInferEl2AsyncHwEl(running in thread_id: 115833)
[2026-09-09 09:32:52.364] [115805] [HailoRT] [info] [pipeline.cpp:891] [print_deep_description] PostInferEl2AsyncHwEl | inputs: PushQEl2AsyncHwEl[0] | outputs: LastAsyncEl0PostInferEl2AsyncHwEl
[2026-09-09 09:32:52.364] [115805] [HailoRT] [info] [pipeline.cpp:891] [print_deep_description] LastAsyncEl0PostInferEl2AsyncHwEl | inputs: PostInferEl2AsyncHwEl[0] | outputs: user
[2026-09-09 09:32:52.364] [115805] [HailoRT] [info] [pipeline.cpp:891] [print_deep_description] LastAsyncEl3AsyncHwEl | inputs: AsyncHwEl[0] | outputs: user
[2026-09-09 09:32:52.364] [115805] [HailoRT] [info] [pipeline.cpp:891] [print_deep_description] LastAsyncEl4AsyncHwEl | inputs: AsyncHwEl[0] | outputs: user
[2026-09-09 09:32:52.364] [115805] [HailoRT] [info] [pipeline.cpp:891] [print_deep_description] PushQEl5AsyncHwEl | inputs: AsyncHwEl[0] | outputs: PostInferEl5AsyncHwEl(running in thread_id: 115832)
[2026-09-09 09:32:52.364] [115805] [HailoRT] [info] [pipeline.cpp:891] [print_deep_description] PostInferEl5AsyncHwEl | inputs: PushQEl5AsyncHwEl[0] | outputs: LastAsyncEl0PostInferEl5AsyncHwEl
[2026-09-09 09:32:52.364] [115805] [HailoRT] [info] [pipeline.cpp:891] [print_deep_description] LastAsyncEl0PostInferEl5AsyncHwEl | inputs: PostInferEl5AsyncHwEl[0] | outputs: user
[2026-09-09 09:32:52.364] [115805] [HailoRT] [info] [pipeline.cpp:891] [print_deep_description] LastAsyncEl6AsyncHwEl | inputs: AsyncHwEl[0] | outputs: user
[2026-09-09 09:32:52.364] [115805] [HailoRT] [info] [pipeline.cpp:891] [print_deep_description] PushQEl7AsyncHwEl | inputs: AsyncHwEl[0] | outputs: PostInferEl7AsyncHwEl(running in thread_id: 115834)
[2026-09-09 09:32:52.364] [115805] [HailoRT] [info] [pipeline.cpp:891] [print_deep_description] PostInferEl7AsyncHwEl | inputs: PushQEl7AsyncHwEl[0] | outputs: LastAsyncEl0PostInferEl7AsyncHwEl
[2026-09-09 09:32:52.364] [115805] [HailoRT] [info] [pipeline.cpp:891] [print_deep_description] LastAsyncEl0PostInferEl7AsyncHwEl | inputs: PostInferEl7AsyncHwEl[0] | outputs: user
[2026-09-09 09:32:52.364] [115805] [HailoRT] [info] [pipeline.cpp:891] [print_deep_description] LastAsyncEl8AsyncHwEl | inputs: AsyncHwEl[0] | outputs: user
[2026-09-09 09:32:52.368] [115805] [HailoRT] [info] [hef.cpp:1929] [get_network_group_and_network_name] No name was given. Addressing all networks of default network_group: yolov8m_pose
[2026-09-09 09:33:49.925] [115727] [HailoRT] [info] [async_infer_runner.cpp:86] [shutdown] Pipeline was aborted. Shutting it down
[2026-09-09 09:33:49.925] [115830] [HailoRT] [info] [queue_elements.cpp:497] [operator()] Thread in element EntryPushQEl0yolov8m_pose/input_layer1 is not running anymore, exiting..
[2026-09-09 09:33:49.925] [115831] [HailoRT] [info] [queue_elements.cpp:497] [operator()] Thread in element PushQEl1yolov8m_pose/input_layer1 is not running anymore, exiting..
[2026-09-09 09:33:49.940] [115828] [HailoRT] [info] [network_group_client.cpp:661] [operator()] Infer request was aborted by user
[2026-09-09 09:33:49.941] [115828] [HailoRT] [info] [network_group_client.cpp:661] [operator()] Infer request was aborted by user
[2026-09-09 09:33:49.943] [115828] [HailoRT] [info] [network_group_client.cpp:661] [operator()] Infer request was aborted by user
[2026-09-09 09:33:49.946] [115828] [HailoRT] [info] [network_group_client.cpp:661] [operator()] Infer request was aborted by user
[2026-09-09 09:33:49.949] [115828] [HailoRT] [info] [network_group_client.cpp:661] [operator()] Infer request was aborted by user
[2026-09-09 09:33:49.952] [115828] [HailoRT] [info] [network_group_client.cpp:661] [operator()] Infer request was aborted by user
[2026-09-09 09:33:49.955] [115828] [HailoRT] [info] [network_group_client.cpp:661] [operator()] Infer request was aborted by user
[2026-09-09 09:33:49.958] [115828] [HailoRT] [info] [network_group_client.cpp:661] [operator()] Infer request was aborted by user
[2026-09-09 09:33:49.960] [115828] [HailoRT] [info] [network_group_client.cpp:661] [operator()] Infer request was aborted by user
[2026-09-09 09:33:49.961] [115727] [HailoRT] [info] [queue_elements.cpp:570] [execute_deactivate] enqueue() in element PushQEl2AsyncHwEl was aborted, got status = HAILO_SHUTDOWN_EVENT_SIGNALED(57)
[2026-09-09 09:33:49.961] [115727] [HailoRT] [info] [queue_elements.cpp:570] [execute_deactivate] enqueue() in element PushQEl5AsyncHwEl was aborted, got status = HAILO_SHUTDOWN_EVENT_SIGNALED(57)
[2026-09-09 09:33:49.961] [115727] [HailoRT] [info] [queue_elements.cpp:570] [execute_deactivate] enqueue() in element PushQEl7AsyncHwEl was aborted, got status = HAILO_SHUTDOWN_EVENT_SIGNALED(57)
[2026-09-09 09:33:49.961] [115727] [HailoRT] [info] [queue_elements.cpp:570] [execute_deactivate] enqueue() in element PushQEl1yolov8m_pose/input_layer1 was aborted, got status = HAILO_SHUTDOWN_EVENT_SIGNALED(57)
[2026-09-09 09:33:49.961] [115727] [HailoRT] [info] [queue_elements.cpp:570] [execute_deactivate] enqueue() in element EntryPushQEl0yolov8m_pose/input_layer1 was aborted, got status = HAILO_SHUTDOWN_EVENT_SIGNALED(57)
[2026-09-09 09:33:49.961] [115727] [HailoRT] [info] [queue_elements.cpp:46] [~BaseQueueElement] Queue element EntryPushQEl0yolov8m_pose/input_layer1 has 0 frames in his Queue on destruction
[2026-09-09 09:33:49.961] [115727] [HailoRT] [info] [queue_elements.cpp:46] [~BaseQueueElement] Queue element PushQEl1yolov8m_pose/input_layer1 has 0 frames in his Queue on destruction
[2026-09-09 09:33:49.962] [115727] [HailoRT] [info] [queue_elements.cpp:46] [~BaseQueueElement] Queue element PushQEl5AsyncHwEl has 0 frames in his Queue on destruction
[2026-09-09 09:33:49.962] [115727] [HailoRT] [info] [queue_elements.cpp:46] [~BaseQueueElement] Queue element PushQEl2AsyncHwEl has 0 frames in his Queue on destruction
[2026-09-09 09:33:49.963] [115727] [HailoRT] [info] [queue_elements.cpp:46] [~BaseQueueElement] Queue element PushQEl7AsyncHwEl has 0 frames in his Queue on destruction
[2026-09-09 09:33:50.072] [118153] [HailoRT] [error] [hailort_rpc_client.cpp:271] [VDevice_configure] CHECK_SUCCESS failed with status=HAILO_INVALID_HEF(26)
[2026-09-09 09:33:50.072] [118153] [HailoRT] [error] [vdevice.cpp:364] [configure] CHECK_SUCCESS failed with status=HAILO_INVALID_HEF(26)
[2026-09-09 09:33:50.073] [118153] [HailoRT] [error] [infer_model.cpp:349] [configure] CHECK_SUCCESS failed with status=HAILO_INVALID_HEF(26)
[2026-09-09 09:37:40.345] [121793] [HailoRT] [info] [device.cpp:49] [Device] OS Version: Linux 6.12.62+rpt-rpi-2712 #1 SMP PREEMPT Debian 1:6.12.62-1+rpt1~bookworm (2026-01-19) aarch64
[2026-09-09 09:37:40.347] [121793] [HailoRT] [info] [control.cpp:108] [control__parse_identify_results] firmware_version is: 4.20.0
[2026-09-09 09:37:40.348] [121793] [HailoRT] [info] [control.cpp:108] [control__parse_identify_results] firmware_version is: 4.20.0
[2026-09-09 09:37:40.408] [121803] [HailoRT] [info] [device.cpp:49] [Device] OS Version: Linux 6.12.62+rpt-rpi-2712 #1 SMP PREEMPT Debian 1:6.12.62-1+rpt1~bookworm (2026-01-19) aarch64
[2026-09-09 09:37:40.410] [121803] [HailoRT] [info] [control.cpp:108] [control__parse_identify_results] firmware_version is: 4.20.0
[2026-09-09 09:37:40.411] [121803] [HailoRT] [info] [control.cpp:108] [control__parse_identify_results] firmware_version is: 4.20.0
[2026-09-09 09:37:40.511] [121609] [HailoRT] [info] [vdevice.cpp:523] [create] Creating vdevice with params: device_count: 1, scheduling_algorithm: ROUND_ROBIN, multi_process_service: true
[2026-09-09 09:37:41.528] [121609] [HailoRT] [info] [device.cpp:49] [Device] OS Version: Linux 6.12.62+rpt-rpi-2712 #1 SMP PREEMPT Debian 1:6.12.62-1+rpt1~bookworm (2026-01-19) aarch64
[2026-09-09 09:37:41.530] [121609] [HailoRT] [info] [control.cpp:108] [control__parse_identify_results] firmware_version is: 4.20.0
[2026-09-09 09:37:41.637] [121609] [HailoRT] [info] [hef.cpp:1929] [get_network_group_and_network_name] No name was given. Addressing all networks of default network_group: yolov8m_pose
[2026-09-09 09:37:41.637] [121609] [HailoRT] [info] [hef.cpp:1929] [get_network_group_and_network_name] No name was given. Addressing all networks of default network_group: yolov8m_pose
[2026-09-09 09:37:41.867] [121609] [HailoRT] [info] [infer_model.cpp:436] [configure] Configuring network group 'yolov8m_pose' with params: batch size: 2, power mode: PERFORMANCE, latency: NONE
[2026-09-09 09:37:41.869] [121609] [HailoRT] [info] [multi_io_elements.cpp:756] [create] Created (AsyncHwEl)
[2026-09-09 09:37:41.870] [121609] [HailoRT] [info] [queue_elements.cpp:450] [create] Created (EntryPushQEl0yolov8m_pose/input_layer1 | timeout: 10s)
[2026-09-09 09:37:41.870] [121609] [HailoRT] [info] [filter_elements.cpp:101] [create] Created (PreInferEl1yolov8m_pose/input_layer1 | Reorder - src_order: RGB4, src_shape: (640, 640, 3), dst_order: NHWC, dst_shape: (640, 640, 3))
[2026-09-09 09:37:41.870] [121609] [HailoRT] [info] [queue_elements.cpp:450] [create] Created (PushQEl1yolov8m_pose/input_layer1 | timeout: 10s)
[2026-09-09 09:37:41.871] [121609] [HailoRT] [info] [edge_elements.cpp:187] [create] Created (LastAsyncEl4AsyncHwEl)
[2026-09-09 09:37:41.871] [121609] [HailoRT] [info] [queue_elements.cpp:450] [create] Created (PushQEl5AsyncHwEl | timeout: 10s)
[2026-09-09 09:37:41.871] [121609] [HailoRT] [info] [filter_elements.cpp:375] [create] Created (PostInferEl5AsyncHwEl | Reorder - src_order: FCR, src_shape: (40, 40, 56), dst_order: FCR, dst_shape: (40, 40, 51))
[2026-09-09 09:37:41.871] [121609] [HailoRT] [info] [edge_elements.cpp:187] [create] Created (LastAsyncEl0PostInferEl5AsyncHwEl)
[2026-09-09 09:37:41.872] [121609] [HailoRT] [info] [edge_elements.cpp:187] [create] Created (LastAsyncEl1AsyncHwEl)
[2026-09-09 09:37:41.872] [121609] [HailoRT] [info] [queue_elements.cpp:450] [create] Created (PushQEl2AsyncHwEl | timeout: 10s)
[2026-09-09 09:37:41.872] [121609] [HailoRT] [info] [filter_elements.cpp:375] [create] Created (PostInferEl2AsyncHwEl | Reorder - src_order: FCR, src_shape: (20, 20, 56), dst_order: FCR, dst_shape: (20, 20, 51))
[2026-09-09 09:37:41.872] [121609] [HailoRT] [info] [edge_elements.cpp:187] [create] Created (LastAsyncEl0PostInferEl2AsyncHwEl)
[2026-09-09 09:37:41.874] [121609] [HailoRT] [info] [edge_elements.cpp:187] [create] Created (LastAsyncEl3AsyncHwEl)
[2026-09-09 09:37:41.875] [121609] [HailoRT] [info] [edge_elements.cpp:187] [create] Created (LastAsyncEl0AsyncHwEl)
[2026-09-09 09:37:41.875] [121609] [HailoRT] [info] [edge_elements.cpp:187] [create] Created (LastAsyncEl8AsyncHwEl)
[2026-09-09 09:37:41.875] [121609] [HailoRT] [info] [edge_elements.cpp:187] [create] Created (LastAsyncEl6AsyncHwEl)
[2026-09-09 09:37:41.876] [121609] [HailoRT] [info] [queue_elements.cpp:450] [create] Created (PushQEl7AsyncHwEl | timeout: 10s)
[2026-09-09 09:37:41.876] [121609] [HailoRT] [info] [filter_elements.cpp:375] [create] Created (PostInferEl7AsyncHwEl | Reorder - src_order: FCR, src_shape: (80, 80, 56), dst_order: FCR, dst_shape: (80, 80, 51))
[2026-09-09 09:37:41.876] [121609] [HailoRT] [info] [edge_elements.cpp:187] [create] Created (LastAsyncEl0PostInferEl7AsyncHwEl)
[2026-09-09 09:37:41.876] [121609] [HailoRT] [info] [pipeline.cpp:891] [print_deep_description] EntryPushQEl0yolov8m_pose/input_layer1 | inputs: user | outputs: PreInferEl1yolov8m_pose/input_layer1(running in thread_id: 121890)
[2026-09-09 09:37:41.876] [121609] [HailoRT] [info] [pipeline.cpp:891] [print_deep_description] PreInferEl1yolov8m_pose/input_layer1 | inputs: EntryPushQEl0yolov8m_pose/input_layer1[0] | outputs: PushQEl1yolov8m_pose/input_layer1
[2026-09-09 09:37:41.876] [121609] [HailoRT] [info] [pipeline.cpp:891] [print_deep_description] PushQEl1yolov8m_pose/input_layer1 | inputs: PreInferEl1yolov8m_pose/input_layer1[0] | outputs: AsyncHwEl(running in thread_id: 121891)
[2026-09-09 09:37:41.876] [121609] [HailoRT] [info] [pipeline.cpp:891] [print_deep_description] AsyncHwEl | inputs: PushQEl1yolov8m_pose/input_layer1[0] | outputs: LastAsyncEl0AsyncHwEl LastAsyncEl1AsyncHwEl PushQEl2AsyncHwEl LastAsyncEl3AsyncHwEl LastAsyncEl4AsyncHwEl PushQEl5AsyncHwEl LastAsyncEl6AsyncHwEl PushQEl7AsyncHwEl LastAsyncEl8AsyncHwEl
[2026-09-09 09:37:41.876] [121609] [HailoRT] [info] [pipeline.cpp:891] [print_deep_description] LastAsyncEl0AsyncHwEl | inputs: AsyncHwEl[0] | outputs: user
[2026-09-09 09:37:41.876] [121609] [HailoRT] [info] [pipeline.cpp:891] [print_deep_description] LastAsyncEl1AsyncHwEl | inputs: AsyncHwEl[0] | outputs: user
[2026-09-09 09:37:41.876] [121609] [HailoRT] [info] [pipeline.cpp:891] [print_deep_description] PushQEl2AsyncHwEl | inputs: AsyncHwEl[0] | outputs: PostInferEl2AsyncHwEl(running in thread_id: 121893)
[2026-09-09 09:37:41.876] [121609] [HailoRT] [info] [pipeline.cpp:891] [print_deep_description] PostInferEl2AsyncHwEl | inputs: PushQEl2AsyncHwEl[0] | outputs: LastAsyncEl0PostInferEl2AsyncHwEl
[2026-09-09 09:37:41.876] [121609] [HailoRT] [info] [pipeline.cpp:891] [print_deep_description] LastAsyncEl0PostInferEl2AsyncHwEl | inputs: PostInferEl2AsyncHwEl[0] | outputs: user
[2026-09-09 09:37:41.876] [121609] [HailoRT] [info] [pipeline.cpp:891] [print_deep_description] LastAsyncEl3AsyncHwEl | inputs: AsyncHwEl[0] | outputs: user
[2026-09-09 09:37:41.876] [121609] [HailoRT] [info] [pipeline.cpp:891] [print_deep_description] LastAsyncEl4AsyncHwEl | inputs: AsyncHwEl[0] | outputs: user
[2026-09-09 09:37:41.876] [121609] [HailoRT] [info] [pipeline.cpp:891] [print_deep_description] PushQEl5AsyncHwEl | inputs: AsyncHwEl[0] | outputs: PostInferEl5AsyncHwEl(running in thread_id: 121892)
[2026-09-09 09:37:41.876] [121609] [HailoRT] [info] [pipeline.cpp:891] [print_deep_description] PostInferEl5AsyncHwEl | inputs: PushQEl5AsyncHwEl[0] | outputs: LastAsyncEl0PostInferEl5AsyncHwEl
[2026-09-09 09:37:41.876] [121609] [HailoRT] [info] [pipeline.cpp:891] [print_deep_description] LastAsyncEl0PostInferEl5AsyncHwEl | inputs: PostInferEl5AsyncHwEl[0] | outputs: user
[2026-09-09 09:37:41.876] [121609] [HailoRT] [info] [pipeline.cpp:891] [print_deep_description] LastAsyncEl6AsyncHwEl | inputs: AsyncHwEl[0] | outputs: user
[2026-09-09 09:37:41.876] [121609] [HailoRT] [info] [pipeline.cpp:891] [print_deep_description] PushQEl7AsyncHwEl | inputs: AsyncHwEl[0] | outputs: PostInferEl7AsyncHwEl(running in thread_id: 121894)
[2026-09-09 09:37:41.876] [121609] [HailoRT] [info] [pipeline.cpp:891] [print_deep_description] PostInferEl7AsyncHwEl | inputs: PushQEl7AsyncHwEl[0] | outputs: LastAsyncEl0PostInferEl7AsyncHwEl
[2026-09-09 09:37:41.876] [121609] [HailoRT] [info] [pipeline.cpp:891] [print_deep_description] LastAsyncEl0PostInferEl7AsyncHwEl | inputs: PostInferEl7AsyncHwEl[0] | outputs: user
[2026-09-09 09:37:41.876] [121609] [HailoRT] [info] [pipeline.cpp:891] [print_deep_description] LastAsyncEl8AsyncHwEl | inputs: AsyncHwEl[0] | outputs: user
[2026-09-09 09:37:42.083] [121863] [HailoRT] [info] [hef.cpp:1929] [get_network_group_and_network_name] No name was given. Addressing all networks of default network_group: yolov8m_pose
[2026-09-09 09:37:59.983] [121609] [HailoRT] [info] [async_infer_runner.cpp:86] [shutdown] Pipeline was aborted. Shutting it down
[2026-09-09 09:37:59.993] [121888] [HailoRT] [info] [network_group_client.cpp:661] [operator()] Infer request was aborted by user
[2026-09-09 09:37:59.994] [121888] [HailoRT] [info] [network_group_client.cpp:661] [operator()] Infer request was aborted by user
[2026-09-09 09:37:59.996] [121888] [HailoRT] [info] [network_group_client.cpp:661] [operator()] Infer request was aborted by user
[2026-09-09 09:37:59.998] [121888] [HailoRT] [info] [network_group_client.cpp:661] [operator()] Infer request was aborted by user
[2026-09-09 09:38:00.001] [121888] [HailoRT] [info] [network_group_client.cpp:661] [operator()] Infer request was aborted by user
[2026-09-09 09:38:00.001] [121609] [HailoRT] [info] [queue_elements.cpp:570] [execute_deactivate] enqueue() in element PushQEl2AsyncHwEl was aborted, got status = HAILO_SHUTDOWN_EVENT_SIGNALED(57)
[2026-09-09 09:38:00.001] [121609] [HailoRT] [info] [queue_elements.cpp:570] [execute_deactivate] enqueue() in element PushQEl5AsyncHwEl was aborted, got status = HAILO_SHUTDOWN_EVENT_SIGNALED(57)
[2026-09-09 09:38:00.001] [121609] [HailoRT] [info] [queue_elements.cpp:570] [execute_deactivate] enqueue() in element PushQEl7AsyncHwEl was aborted, got status = HAILO_SHUTDOWN_EVENT_SIGNALED(57)
[2026-09-09 09:38:00.001] [121609] [HailoRT] [info] [queue_elements.cpp:570] [execute_deactivate] enqueue() in element PushQEl1yolov8m_pose/input_layer1 was aborted, got status = HAILO_SHUTDOWN_EVENT_SIGNALED(57)
[2026-09-09 09:38:00.001] [121609] [HailoRT] [info] [queue_elements.cpp:570] [execute_deactivate] enqueue() in element EntryPushQEl0yolov8m_pose/input_layer1 was aborted, got status = HAILO_SHUTDOWN_EVENT_SIGNALED(57)
[2026-09-09 09:38:00.001] [121609] [HailoRT] [info] [queue_elements.cpp:46] [~BaseQueueElement] Queue element EntryPushQEl0yolov8m_pose/input_layer1 has 0 frames in his Queue on destruction
[2026-09-09 09:38:00.001] [121609] [HailoRT] [info] [queue_elements.cpp:46] [~BaseQueueElement] Queue element PushQEl1yolov8m_pose/input_layer1 has 0 frames in his Queue on destruction
[2026-09-09 09:38:00.002] [121609] [HailoRT] [info] [queue_elements.cpp:46] [~BaseQueueElement] Queue element PushQEl5AsyncHwEl has 0 frames in his Queue on destruction
[2026-09-09 09:38:00.002] [121609] [HailoRT] [info] [queue_elements.cpp:46] [~BaseQueueElement] Queue element PushQEl2AsyncHwEl has 0 frames in his Queue on destruction
[2026-09-09 09:38:00.003] [121609] [HailoRT] [info] [queue_elements.cpp:46] [~BaseQueueElement] Queue element PushQEl7AsyncHwEl has 0 frames in his Queue on destruction
[2026-09-09 09:38:00.222] [121888] [HailoRT] [info] [vdevice.cpp:424] [listener_run_in_thread] Shutdown event was signaled in listener_run_in_thread
[2026-09-09 09:39:28.705] [124274] [HailoRT] [info] [device.cpp:49] [Device] OS Version: Linux 6.12.62+rpt-rpi-2712 #1 SMP PREEMPT Debian 1:6.12.62-1+rpt1~bookworm (2026-01-19) aarch64
[2026-09-09 09:39:28.707] [124274] [HailoRT] [info] [control.cpp:108] [control__parse_identify_results] firmware_version is: 4.20.0
[2026-09-09 09:39:28.709] [124274] [HailoRT] [info] [control.cpp:108] [control__parse_identify_results] firmware_version is: 4.20.0
[2026-09-09 09:39:28.769] [124284] [HailoRT] [info] [device.cpp:49] [Device] OS Version: Linux 6.12.62+rpt-rpi-2712 #1 SMP PREEMPT Debian 1:6.12.62-1+rpt1~bookworm (2026-01-19) aarch64
[2026-09-09 09:39:28.770] [124284] [HailoRT] [info] [control.cpp:108] [control__parse_identify_results] firmware_version is: 4.20.0
[2026-09-09 09:39:28.772] [124284] [HailoRT] [info] [control.cpp:108] [control__parse_identify_results] firmware_version is: 4.20.0
[2026-09-09 09:39:28.867] [122781] [HailoRT] [info] [vdevice.cpp:523] [create] Creating vdevice with params: device_count: 1, scheduling_algorithm: ROUND_ROBIN, multi_process_service: true
[2026-09-09 09:39:29.884] [122781] [HailoRT] [info] [device.cpp:49] [Device] OS Version: Linux 6.12.62+rpt-rpi-2712 #1 SMP PREEMPT Debian 1:6.12.62-1+rpt1~bookworm (2026-01-19) aarch64
[2026-09-09 09:39:29.885] [122781] [HailoRT] [info] [control.cpp:108] [control__parse_identify_results] firmware_version is: 4.20.0
[2026-09-09 09:39:29.991] [122781] [HailoRT] [info] [hef.cpp:1929] [get_network_group_and_network_name] No name was given. Addressing all networks of default network_group: yolov8m_pose
[2026-09-09 09:39:29.991] [122781] [HailoRT] [info] [hef.cpp:1929] [get_network_group_and_network_name] No name was given. Addressing all networks of default network_group: yolov8m_pose
[2026-09-09 09:39:30.223] [122781] [HailoRT] [info] [infer_model.cpp:436] [configure] Configuring network group 'yolov8m_pose' with params: batch size: 2, power mode: PERFORMANCE, latency: NONE
[2026-09-09 09:39:30.226] [122781] [HailoRT] [info] [multi_io_elements.cpp:756] [create] Created (AsyncHwEl)
[2026-09-09 09:39:30.226] [122781] [HailoRT] [info] [queue_elements.cpp:450] [create] Created (EntryPushQEl0yolov8m_pose/input_layer1 | timeout: 10s)
[2026-09-09 09:39:30.226] [122781] [HailoRT] [info] [filter_elements.cpp:101] [create] Created (PreInferEl1yolov8m_pose/input_layer1 | Reorder - src_order: RGB4, src_shape: (640, 640, 3), dst_order: NHWC, dst_shape: (640, 640, 3))
[2026-09-09 09:39:30.226] [122781] [HailoRT] [info] [queue_elements.cpp:450] [create] Created (PushQEl1yolov8m_pose/input_layer1 | timeout: 10s)
[2026-09-09 09:39:30.227] [122781] [HailoRT] [info] [edge_elements.cpp:187] [create] Created (LastAsyncEl4AsyncHwEl)
[2026-09-09 09:39:30.227] [122781] [HailoRT] [info] [queue_elements.cpp:450] [create] Created (PushQEl5AsyncHwEl | timeout: 10s)
[2026-09-09 09:39:30.227] [122781] [HailoRT] [info] [filter_elements.cpp:375] [create] Created (PostInferEl5AsyncHwEl | Reorder - src_order: FCR, src_shape: (40, 40, 56), dst_order: FCR, dst_shape: (40, 40, 51))
[2026-09-09 09:39:30.227] [122781] [HailoRT] [info] [edge_elements.cpp:187] [create] Created (LastAsyncEl0PostInferEl5AsyncHwEl)
[2026-09-09 09:39:30.228] [122781] [HailoRT] [info] [edge_elements.cpp:187] [create] Created (LastAsyncEl1AsyncHwEl)
[2026-09-09 09:39:30.228] [122781] [HailoRT] [info] [queue_elements.cpp:450] [create] Created (PushQEl2AsyncHwEl | timeout: 10s)
[2026-09-09 09:39:30.228] [122781] [HailoRT] [info] [filter_elements.cpp:375] [create] Created (PostInferEl2AsyncHwEl | Reorder - src_order: FCR, src_shape: (20, 20, 56), dst_order: FCR, dst_shape: (20, 20, 51))
[2026-09-09 09:39:30.228] [122781] [HailoRT] [info] [edge_elements.cpp:187] [create] Created (LastAsyncEl0PostInferEl2AsyncHwEl)
[2026-09-09 09:39:30.228] [122781] [HailoRT] [info] [edge_elements.cpp:187] [create] Created (LastAsyncEl3AsyncHwEl)
[2026-09-09 09:39:30.229] [122781] [HailoRT] [info] [edge_elements.cpp:187] [create] Created (LastAsyncEl0AsyncHwEl)
[2026-09-09 09:39:30.229] [122781] [HailoRT] [info] [edge_elements.cpp:187] [create] Created (LastAsyncEl8AsyncHwEl)
[2026-09-09 09:39:30.229] [122781] [HailoRT] [info] [edge_elements.cpp:187] [create] Created (LastAsyncEl6AsyncHwEl)
[2026-09-09 09:39:30.230] [122781] [HailoRT] [info] [queue_elements.cpp:450] [create] Created (PushQEl7AsyncHwEl | timeout: 10s)
[2026-09-09 09:39:30.230] [122781] [HailoRT] [info] [filter_elements.cpp:375] [create] Created (PostInferEl7AsyncHwEl | Reorder - src_order: FCR, src_shape: (80, 80, 56), dst_order: FCR, dst_shape: (80, 80, 51))
[2026-09-09 09:39:30.230] [122781] [HailoRT] [info] [edge_elements.cpp:187] [create] Created (LastAsyncEl0PostInferEl7AsyncHwEl)
[2026-09-09 09:39:30.230] [122781] [HailoRT] [info] [pipeline.cpp:891] [print_deep_description] EntryPushQEl0yolov8m_pose/input_layer1 | inputs: user | outputs: PreInferEl1yolov8m_pose/input_layer1(running in thread_id: 124370)
[2026-09-09 09:39:30.230] [122781] [HailoRT] [info] [pipeline.cpp:891] [print_deep_description] PreInferEl1yolov8m_pose/input_layer1 | inputs: EntryPushQEl0yolov8m_pose/input_layer1[0] | outputs: PushQEl1yolov8m_pose/input_layer1
[2026-09-09 09:39:30.230] [122781] [HailoRT] [info] [pipeline.cpp:891] [print_deep_description] PushQEl1yolov8m_pose/input_layer1 | inputs: PreInferEl1yolov8m_pose/input_layer1[0] | outputs: AsyncHwEl(running in thread_id: 124371)
[2026-09-09 09:39:30.230] [122781] [HailoRT] [info] [pipeline.cpp:891] [print_deep_description] AsyncHwEl | inputs: PushQEl1yolov8m_pose/input_layer1[0] | outputs: LastAsyncEl0AsyncHwEl LastAsyncEl1AsyncHwEl PushQEl2AsyncHwEl LastAsyncEl3AsyncHwEl LastAsyncEl4AsyncHwEl PushQEl5AsyncHwEl LastAsyncEl6AsyncHwEl PushQEl7AsyncHwEl LastAsyncEl8AsyncHwEl
[2026-09-09 09:39:30.230] [122781] [HailoRT] [info] [pipeline.cpp:891] [print_deep_description] LastAsyncEl0AsyncHwEl | inputs: AsyncHwEl[0] | outputs: user
[2026-09-09 09:39:30.230] [122781] [HailoRT] [info] [pipeline.cpp:891] [print_deep_description] LastAsyncEl1AsyncHwEl | inputs: AsyncHwEl[0] | outputs: user
[2026-09-09 09:39:30.230] [122781] [HailoRT] [info] [pipeline.cpp:891] [print_deep_description] PushQEl2AsyncHwEl | inputs: AsyncHwEl[0] | outputs: PostInferEl2AsyncHwEl(running in thread_id: 124373)
[2026-09-09 09:39:30.230] [122781] [HailoRT] [info] [pipeline.cpp:891] [print_deep_description] PostInferEl2AsyncHwEl | inputs: PushQEl2AsyncHwEl[0] | outputs: LastAsyncEl0PostInferEl2AsyncHwEl
[2026-09-09 09:39:30.230] [122781] [HailoRT] [info] [pipeline.cpp:891] [print_deep_description] LastAsyncEl0PostInferEl2AsyncHwEl | inputs: PostInferEl2AsyncHwEl[0] | outputs: user
[2026-09-09 09:39:30.230] [122781] [HailoRT] [info] [pipeline.cpp:891] [print_deep_description] LastAsyncEl3AsyncHwEl | inputs: AsyncHwEl[0] | outputs: user
[2026-09-09 09:39:30.230] [122781] [HailoRT] [info] [pipeline.cpp:891] [print_deep_description] LastAsyncEl4AsyncHwEl | inputs: AsyncHwEl[0] | outputs: user
[2026-09-09 09:39:30.230] [122781] [HailoRT] [info] [pipeline.cpp:891] [print_deep_description] PushQEl5AsyncHwEl | inputs: AsyncHwEl[0] | outputs: PostInferEl5AsyncHwEl(running in thread_id: 124372)
[2026-09-09 09:39:30.230] [122781] [HailoRT] [info] [pipeline.cpp:891] [print_deep_description] PostInferEl5AsyncHwEl | inputs: PushQEl5AsyncHwEl[0] | outputs: LastAsyncEl0PostInferEl5AsyncHwEl
[2026-09-09 09:39:30.230] [122781] [HailoRT] [info] [pipeline.cpp:891] [print_deep_description] LastAsyncEl0PostInferEl5AsyncHwEl | inputs: PostInferEl5AsyncHwEl[0] | outputs: user
[2026-09-09 09:39:30.230] [122781] [HailoRT] [info] [pipeline.cpp:891] [print_deep_description] LastAsyncEl6AsyncHwEl | inputs: AsyncHwEl[0] | outputs: user
[2026-09-09 09:39:30.230] [122781] [HailoRT] [info] [pipeline.cpp:891] [print_deep_description] PushQEl7AsyncHwEl | inputs: AsyncHwEl[0] | outputs: PostInferEl7AsyncHwEl(running in thread_id: 124374)
[2026-09-09 09:39:30.230] [122781] [HailoRT] [info] [pipeline.cpp:891] [print_deep_description] PostInferEl7AsyncHwEl | inputs: PushQEl7AsyncHwEl[0] | outputs: LastAsyncEl0PostInferEl7AsyncHwEl
[2026-09-09 09:39:30.230] [122781] [HailoRT] [info] [pipeline.cpp:891] [print_deep_description] LastAsyncEl0PostInferEl7AsyncHwEl | inputs: PostInferEl7AsyncHwEl[0] | outputs: user
[2026-09-09 09:39:30.230] [122781] [HailoRT] [info] [pipeline.cpp:891] [print_deep_description] LastAsyncEl8AsyncHwEl | inputs: AsyncHwEl[0] | outputs: user
[2026-09-09 09:39:30.444] [124355] [HailoRT] [info] [hef.cpp:1929] [get_network_group_and_network_name] No name was given. Addressing all networks of default network_group: yolov8m_pose
[2026-09-09 09:42:13.803] [129894] [HailoRT] [info] [device.cpp:49] [Device] OS Version: Linux 6.12.62+rpt-rpi-2712 #1 SMP PREEMPT Debian 1:6.12.62-1+rpt1~bookworm (2026-01-19) aarch64
[2026-09-09 09:42:13.805] [129894] [HailoRT] [info] [control.cpp:108] [control__parse_identify_results] firmware_version is: 4.20.0
[2026-09-09 09:42:13.806] [129894] [HailoRT] [info] [control.cpp:108] [control__parse_identify_results] firmware_version is: 4.20.0
[2026-09-09 09:42:13.857] [129904] [HailoRT] [info] [device.cpp:49] [Device] OS Version: Linux 6.12.62+rpt-rpi-2712 #1 SMP PREEMPT Debian 1:6.12.62-1+rpt1~bookworm (2026-01-19) aarch64
[2026-09-09 09:42:13.858] [129904] [HailoRT] [info] [control.cpp:108] [control__parse_identify_results] firmware_version is: 4.20.0
[2026-09-09 09:42:13.859] [129904] [HailoRT] [info] [control.cpp:108] [control__parse_identify_results] firmware_version is: 4.20.0
[2026-09-09 09:42:13.928] [128867] [HailoRT] [info] [vdevice.cpp:523] [create] Creating vdevice with params: device_count: 1, scheduling_algorithm: ROUND_ROBIN, multi_process_service: true
[2026-09-09 09:42:14.946] [128867] [HailoRT] [info] [device.cpp:49] [Device] OS Version: Linux 6.12.62+rpt-rpi-2712 #1 SMP PREEMPT Debian 1:6.12.62-1+rpt1~bookworm (2026-01-19) aarch64
[2026-09-09 09:42:14.948] [128867] [HailoRT] [info] [control.cpp:108] [control__parse_identify_results] firmware_version is: 4.20.0
[2026-09-09 09:42:15.049] [128867] [HailoRT] [info] [hef.cpp:1929] [get_network_group_and_network_name] No name was given. Addressing all networks of default network_group: yolov8m_pose
[2026-09-09 09:42:15.049] [128867] [HailoRT] [info] [hef.cpp:1929] [get_network_group_and_network_name] No name was given. Addressing all networks of default network_group: yolov8m_pose
[2026-09-09 09:42:15.480] [129952] [HailoRT] [info] [infer_model.cpp:436] [configure] Configuring network group 'yolov8m_pose' with params: batch size: 2, power mode: PERFORMANCE, latency: NONE
[2026-09-09 09:42:15.485] [129952] [HailoRT] [info] [multi_io_elements.cpp:756] [create] Created (AsyncHwEl)
[2026-09-09 09:42:15.485] [129952] [HailoRT] [info] [queue_elements.cpp:450] [create] Created (EntryPushQEl0yolov8m_pose/input_layer1 | timeout: 10s)
[2026-09-09 09:42:15.485] [129952] [HailoRT] [info] [filter_elements.cpp:101] [create] Created (PreInferEl1yolov8m_pose/input_layer1 | Reorder - src_order: RGB4, src_shape: (640, 640, 3), dst_order: NHWC, dst_shape: (640, 640, 3))
[2026-09-09 09:42:15.485] [129952] [HailoRT] [info] [queue_elements.cpp:450] [create] Created (PushQEl1yolov8m_pose/input_layer1 | timeout: 10s)
[2026-09-09 09:42:15.486] [129952] [HailoRT] [info] [edge_elements.cpp:187] [create] Created (LastAsyncEl4AsyncHwEl)
[2026-09-09 09:42:15.487] [129952] [HailoRT] [info] [queue_elements.cpp:450] [create] Created (PushQEl5AsyncHwEl | timeout: 10s)
[2026-09-09 09:42:15.487] [129952] [HailoRT] [info] [filter_elements.cpp:375] [create] Created (PostInferEl5AsyncHwEl | Reorder - src_order: FCR, src_shape: (40, 40, 56), dst_order: FCR, dst_shape: (40, 40, 51))
[2026-09-09 09:42:15.487] [129952] [HailoRT] [info] [edge_elements.cpp:187] [create] Created (LastAsyncEl0PostInferEl5AsyncHwEl)
[2026-09-09 09:42:15.487] [129952] [HailoRT] [info] [edge_elements.cpp:187] [create] Created (LastAsyncEl1AsyncHwEl)
[2026-09-09 09:42:15.487] [129952] [HailoRT] [info] [queue_elements.cpp:450] [create] Created (PushQEl2AsyncHwEl | timeout: 10s)
[2026-09-09 09:42:15.487] [129952] [HailoRT] [info] [filter_elements.cpp:375] [create] Created (PostInferEl2AsyncHwEl | Reorder - src_order: FCR, src_shape: (20, 20, 56), dst_order: FCR, dst_shape: (20, 20, 51))
[2026-09-09 09:42:15.487] [129952] [HailoRT] [info] [edge_elements.cpp:187] [create] Created (LastAsyncEl0PostInferEl2AsyncHwEl)
[2026-09-09 09:42:15.488] [129952] [HailoRT] [info] [edge_elements.cpp:187] [create] Created (LastAsyncEl3AsyncHwEl)
[2026-09-09 09:42:15.488] [129952] [HailoRT] [info] [edge_elements.cpp:187] [create] Created (LastAsyncEl0AsyncHwEl)
[2026-09-09 09:42:15.488] [129952] [HailoRT] [info] [edge_elements.cpp:187] [create] Created (LastAsyncEl8AsyncHwEl)
[2026-09-09 09:42:15.489] [129952] [HailoRT] [info] [edge_elements.cpp:187] [create] Created (LastAsyncEl6AsyncHwEl)
[2026-09-09 09:42:15.489] [129952] [HailoRT] [info] [queue_elements.cpp:450] [create] Created (PushQEl7AsyncHwEl | timeout: 10s)
[2026-09-09 09:42:15.489] [129952] [HailoRT] [info] [filter_elements.cpp:375] [create] Created (PostInferEl7AsyncHwEl | Reorder - src_order: FCR, src_shape: (80, 80, 56), dst_order: FCR, dst_shape: (80, 80, 51))
[2026-09-09 09:42:15.489] [129952] [HailoRT] [info] [edge_elements.cpp:187] [create] Created (LastAsyncEl0PostInferEl7AsyncHwEl)
[2026-09-09 09:42:15.489] [129952] [HailoRT] [info] [pipeline.cpp:891] [print_deep_description] EntryPushQEl0yolov8m_pose/input_layer1 | inputs: user | outputs: PreInferEl1yolov8m_pose/input_layer1(running in thread_id: 129978)
[2026-09-09 09:42:15.489] [129952] [HailoRT] [info] [pipeline.cpp:891] [print_deep_description] PreInferEl1yolov8m_pose/input_layer1 | inputs: EntryPushQEl0yolov8m_pose/input_layer1[0] | outputs: PushQEl1yolov8m_pose/input_layer1
[2026-09-09 09:42:15.489] [129952] [HailoRT] [info] [pipeline.cpp:891] [print_deep_description] PushQEl1yolov8m_pose/input_layer1 | inputs: PreInferEl1yolov8m_pose/input_layer1[0] | outputs: AsyncHwEl(running in thread_id: 129979)
[2026-09-09 09:42:15.489] [129952] [HailoRT] [info] [pipeline.cpp:891] [print_deep_description] AsyncHwEl | inputs: PushQEl1yolov8m_pose/input_layer1[0] | outputs: LastAsyncEl0AsyncHwEl LastAsyncEl1AsyncHwEl PushQEl2AsyncHwEl LastAsyncEl3AsyncHwEl LastAsyncEl4AsyncHwEl PushQEl5AsyncHwEl LastAsyncEl6AsyncHwEl PushQEl7AsyncHwEl LastAsyncEl8AsyncHwEl
[2026-09-09 09:42:15.489] [129952] [HailoRT] [info] [pipeline.cpp:891] [print_deep_description] LastAsyncEl0AsyncHwEl | inputs: AsyncHwEl[0] | outputs: user
[2026-09-09 09:42:15.489] [129952] [HailoRT] [info] [pipeline.cpp:891] [print_deep_description] LastAsyncEl1AsyncHwEl | inputs: AsyncHwEl[0] | outputs: user
[2026-09-09 09:42:15.489] [129952] [HailoRT] [info] [pipeline.cpp:891] [print_deep_description] PushQEl2AsyncHwEl | inputs: AsyncHwEl[0] | outputs: PostInferEl2AsyncHwEl(running in thread_id: 129981)
[2026-09-09 09:42:15.489] [129952] [HailoRT] [info] [pipeline.cpp:891] [print_deep_description] PostInferEl2AsyncHwEl | inputs: PushQEl2AsyncHwEl[0] | outputs: LastAsyncEl0PostInferEl2AsyncHwEl
[2026-09-09 09:42:15.489] [129952] [HailoRT] [info] [pipeline.cpp:891] [print_deep_description] LastAsyncEl0PostInferEl2AsyncHwEl | inputs: PostInferEl2AsyncHwEl[0] | outputs: user
[2026-09-09 09:42:15.489] [129952] [HailoRT] [info] [pipeline.cpp:891] [print_deep_description] LastAsyncEl3AsyncHwEl | inputs: AsyncHwEl[0] | outputs: user
[2026-09-09 09:42:15.489] [129952] [HailoRT] [info] [pipeline.cpp:891] [print_deep_description] LastAsyncEl4AsyncHwEl | inputs: AsyncHwEl[0] | outputs: user
[2026-09-09 09:42:15.489] [129952] [HailoRT] [info] [pipeline.cpp:891] [print_deep_description] PushQEl5AsyncHwEl | inputs: AsyncHwEl[0] | outputs: PostInferEl5AsyncHwEl(running in thread_id: 129980)
[2026-09-09 09:42:15.489] [129952] [HailoRT] [info] [pipeline.cpp:891] [print_deep_description] PostInferEl5AsyncHwEl | inputs: PushQEl5AsyncHwEl[0] | outputs: LastAsyncEl0PostInferEl5AsyncHwEl
[2026-09-09 09:42:15.489] [129952] [HailoRT] [info] [pipeline.cpp:891] [print_deep_description] LastAsyncEl0PostInferEl5AsyncHwEl | inputs: PostInferEl5AsyncHwEl[0] | outputs: user
[2026-09-09 09:42:15.489] [129952] [HailoRT] [info] [pipeline.cpp:891] [print_deep_description] LastAsyncEl6AsyncHwEl | inputs: AsyncHwEl[0] | outputs: user
[2026-09-09 09:42:15.489] [129952] [HailoRT] [info] [pipeline.cpp:891] [print_deep_description] PushQEl7AsyncHwEl | inputs: AsyncHwEl[0] | outputs: PostInferEl7AsyncHwEl(running in thread_id: 129982)
[2026-09-09 09:42:15.489] [129952] [HailoRT] [info] [pipeline.cpp:891] [print_deep_description] PostInferEl7AsyncHwEl | inputs: PushQEl7AsyncHwEl[0] | outputs: LastAsyncEl0PostInferEl7AsyncHwEl
[2026-09-09 09:42:15.489] [129952] [HailoRT] [info] [pipeline.cpp:891] [print_deep_description] LastAsyncEl0PostInferEl7AsyncHwEl | inputs: PostInferEl7AsyncHwEl[0] | outputs: user
[2026-09-09 09:42:15.489] [129952] [HailoRT] [info] [pipeline.cpp:891] [print_deep_description] LastAsyncEl8AsyncHwEl | inputs: AsyncHwEl[0] | outputs: user
[2026-09-09 09:42:15.492] [129952] [HailoRT] [info] [hef.cpp:1929] [get_network_group_and_network_name] No name was given. Addressing all networks of default network_group: yolov8m_pose
[2026-09-09 09:43:12.791] [128867] [HailoRT] [info] [async_infer_runner.cpp:86] [shutdown] Pipeline was aborted. Shutting it down
[2026-09-09 09:43:12.791] [129978] [HailoRT] [info] [queue_elements.cpp:497] [operator()] Thread in element EntryPushQEl0yolov8m_pose/input_layer1 is not running anymore, exiting..
[2026-09-09 09:43:12.791] [129979] [HailoRT] [info] [queue_elements.cpp:497] [operator()] Thread in element PushQEl1yolov8m_pose/input_layer1 is not running anymore, exiting..
[2026-09-09 09:43:12.797] [129976] [HailoRT] [info] [network_group_client.cpp:661] [operator()] Infer request was aborted by user
[2026-09-09 09:43:12.797] [129976] [HailoRT] [info] [network_group_client.cpp:661] [operator()] Infer request was aborted by user
[2026-09-09 09:43:12.800] [129976] [HailoRT] [info] [network_group_client.cpp:661] [operator()] Infer request was aborted by user
[2026-09-09 09:43:12.803] [129976] [HailoRT] [info] [network_group_client.cpp:661] [operator()] Infer request was aborted by user
[2026-09-09 09:43:12.805] [129976] [HailoRT] [info] [network_group_client.cpp:661] [operator()] Infer request was aborted by user
[2026-09-09 09:43:12.807] [129976] [HailoRT] [info] [network_group_client.cpp:661] [operator()] Infer request was aborted by user
[2026-09-09 09:43:12.809] [129976] [HailoRT] [info] [network_group_client.cpp:661] [operator()] Infer request was aborted by user
[2026-09-09 09:43:12.811] [129976] [HailoRT] [info] [network_group_client.cpp:661] [operator()] Infer request was aborted by user
[2026-09-09 09:43:12.813] [129976] [HailoRT] [info] [network_group_client.cpp:661] [operator()] Infer request was aborted by user
[2026-09-09 09:43:12.815] [128867] [HailoRT] [info] [queue_elements.cpp:570] [execute_deactivate] enqueue() in element PushQEl2AsyncHwEl was aborted, got status = HAILO_SHUTDOWN_EVENT_SIGNALED(57)
[2026-09-09 09:43:12.815] [128867] [HailoRT] [info] [queue_elements.cpp:570] [execute_deactivate] enqueue() in element PushQEl5AsyncHwEl was aborted, got status = HAILO_SHUTDOWN_EVENT_SIGNALED(57)
[2026-09-09 09:43:12.815] [128867] [HailoRT] [info] [queue_elements.cpp:570] [execute_deactivate] enqueue() in element PushQEl7AsyncHwEl was aborted, got status = HAILO_SHUTDOWN_EVENT_SIGNALED(57)
[2026-09-09 09:43:12.815] [128867] [HailoRT] [info] [queue_elements.cpp:570] [execute_deactivate] enqueue() in element PushQEl1yolov8m_pose/input_layer1 was aborted, got status = HAILO_SHUTDOWN_EVENT_SIGNALED(57)
[2026-09-09 09:43:12.815] [128867] [HailoRT] [info] [queue_elements.cpp:570] [execute_deactivate] enqueue() in element EntryPushQEl0yolov8m_pose/input_layer1 was aborted, got status = HAILO_SHUTDOWN_EVENT_SIGNALED(57)
[2026-09-09 09:43:12.815] [128867] [HailoRT] [info] [queue_elements.cpp:46] [~BaseQueueElement] Queue element EntryPushQEl0yolov8m_pose/input_layer1 has 0 frames in his Queue on destruction
[2026-09-09 09:43:12.815] [128867] [HailoRT] [info] [queue_elements.cpp:46] [~BaseQueueElement] Queue element PushQEl1yolov8m_pose/input_layer1 has 0 frames in his Queue on destruction
[2026-09-09 09:43:12.816] [128867] [HailoRT] [info] [queue_elements.cpp:46] [~BaseQueueElement] Queue element PushQEl5AsyncHwEl has 0 frames in his Queue on destruction
[2026-09-09 09:43:12.816] [128867] [HailoRT] [info] [queue_elements.cpp:46] [~BaseQueueElement] Queue element PushQEl2AsyncHwEl has 0 frames in his Queue on destruction
[2026-09-09 09:43:12.816] [128867] [HailoRT] [info] [queue_elements.cpp:46] [~BaseQueueElement] Queue element PushQEl7AsyncHwEl has 0 frames in his Queue on destruction
[2026-09-09 09:43:12.954] [132561] [HailoRT] [error] [hailort_rpc_client.cpp:271] [VDevice_configure] CHECK_SUCCESS failed with status=HAILO_INVALID_HEF(26)
[2026-09-09 09:43:12.957] [132561] [HailoRT] [error] [vdevice.cpp:364] [configure] CHECK_SUCCESS failed with status=HAILO_INVALID_HEF(26)
[2026-09-09 09:43:12.957] [132561] [HailoRT] [error] [infer_model.cpp:349] [configure] CHECK_SUCCESS failed with status=HAILO_INVALID_HEF(26)
[2026-09-09 09:54:07.317] [143912] [HailoRT] [info] [device.cpp:49] [Device] OS Version: Linux 6.12.62+rpt-rpi-2712 #1 SMP PREEMPT Debian 1:6.12.62-1+rpt1~bookworm (2026-01-19) aarch64
[2026-09-09 09:54:07.319] [143912] [HailoRT] [info] [control.cpp:108] [control__parse_identify_results] firmware_version is: 4.20.0
[2026-09-09 09:54:07.320] [143912] [HailoRT] [info] [control.cpp:108] [control__parse_identify_results] firmware_version is: 4.20.0
[2026-09-09 09:54:07.373] [143922] [HailoRT] [info] [device.cpp:49] [Device] OS Version: Linux 6.12.62+rpt-rpi-2712 #1 SMP PREEMPT Debian 1:6.12.62-1+rpt1~bookworm (2026-01-19) aarch64
[2026-09-09 09:54:07.375] [143922] [HailoRT] [info] [control.cpp:108] [control__parse_identify_results] firmware_version is: 4.20.0
[2026-09-09 09:54:07.376] [143922] [HailoRT] [info] [control.cpp:108] [control__parse_identify_results] firmware_version is: 4.20.0
[2026-09-09 09:54:07.449] [143779] [HailoRT] [info] [vdevice.cpp:523] [create] Creating vdevice with params: device_count: 1, scheduling_algorithm: ROUND_ROBIN, multi_process_service: true
[2026-09-09 09:54:08.467] [143779] [HailoRT] [info] [device.cpp:49] [Device] OS Version: Linux 6.12.62+rpt-rpi-2712 #1 SMP PREEMPT Debian 1:6.12.62-1+rpt1~bookworm (2026-01-19) aarch64
[2026-09-09 09:54:08.468] [143779] [HailoRT] [info] [control.cpp:108] [control__parse_identify_results] firmware_version is: 4.20.0
[2026-09-09 09:54:08.577] [143779] [HailoRT] [info] [hef.cpp:1929] [get_network_group_and_network_name] No name was given. Addressing all networks of default network_group: yolov8m_pose
[2026-09-09 09:54:08.577] [143779] [HailoRT] [info] [hef.cpp:1929] [get_network_group_and_network_name] No name was given. Addressing all networks of default network_group: yolov8m_pose
[2026-09-09 09:54:08.819] [143779] [HailoRT] [info] [infer_model.cpp:436] [configure] Configuring network group 'yolov8m_pose' with params: batch size: 2, power mode: PERFORMANCE, latency: NONE
[2026-09-09 09:54:08.821] [143779] [HailoRT] [info] [multi_io_elements.cpp:756] [create] Created (AsyncHwEl)
[2026-09-09 09:54:08.825] [143779] [HailoRT] [info] [queue_elements.cpp:450] [create] Created (EntryPushQEl0yolov8m_pose/input_layer1 | timeout: 10s)
[2026-09-09 09:54:08.825] [143779] [HailoRT] [info] [filter_elements.cpp:101] [create] Created (PreInferEl1yolov8m_pose/input_layer1 | Reorder - src_order: RGB4, src_shape: (640, 640, 3), dst_order: NHWC, dst_shape: (640, 640, 3))
[2026-09-09 09:54:08.825] [143779] [HailoRT] [info] [queue_elements.cpp:450] [create] Created (PushQEl1yolov8m_pose/input_layer1 | timeout: 10s)
[2026-09-09 09:54:08.826] [143779] [HailoRT] [info] [edge_elements.cpp:187] [create] Created (LastAsyncEl4AsyncHwEl)
[2026-09-09 09:54:08.826] [143779] [HailoRT] [info] [queue_elements.cpp:450] [create] Created (PushQEl5AsyncHwEl | timeout: 10s)
[2026-09-09 09:54:08.826] [143779] [HailoRT] [info] [filter_elements.cpp:375] [create] Created (PostInferEl5AsyncHwEl | Reorder - src_order: FCR, src_shape: (40, 40, 56), dst_order: FCR, dst_shape: (40, 40, 51))
[2026-09-09 09:54:08.826] [143779] [HailoRT] [info] [edge_elements.cpp:187] [create] Created (LastAsyncEl0PostInferEl5AsyncHwEl)
[2026-09-09 09:54:08.826] [143779] [HailoRT] [info] [edge_elements.cpp:187] [create] Created (LastAsyncEl1AsyncHwEl)
[2026-09-09 09:54:08.827] [143779] [HailoRT] [info] [queue_elements.cpp:450] [create] Created (PushQEl2AsyncHwEl | timeout: 10s)
[2026-09-09 09:54:08.827] [143779] [HailoRT] [info] [filter_elements.cpp:375] [create] Created (PostInferEl2AsyncHwEl | Reorder - src_order: FCR, src_shape: (20, 20, 56), dst_order: FCR, dst_shape: (20, 20, 51))
[2026-09-09 09:54:08.827] [143779] [HailoRT] [info] [edge_elements.cpp:187] [create] Created (LastAsyncEl0PostInferEl2AsyncHwEl)
[2026-09-09 09:54:08.827] [143779] [HailoRT] [info] [edge_elements.cpp:187] [create] Created (LastAsyncEl3AsyncHwEl)
[2026-09-09 09:54:08.827] [143779] [HailoRT] [info] [edge_elements.cpp:187] [create] Created (LastAsyncEl0AsyncHwEl)
[2026-09-09 09:54:08.828] [143779] [HailoRT] [info] [edge_elements.cpp:187] [create] Created (LastAsyncEl8AsyncHwEl)
[2026-09-09 09:54:08.828] [143779] [HailoRT] [info] [edge_elements.cpp:187] [create] Created (LastAsyncEl6AsyncHwEl)
[2026-09-09 09:54:08.828] [143779] [HailoRT] [info] [queue_elements.cpp:450] [create] Created (PushQEl7AsyncHwEl | timeout: 10s)
[2026-09-09 09:54:08.829] [143779] [HailoRT] [info] [filter_elements.cpp:375] [create] Created (PostInferEl7AsyncHwEl | Reorder - src_order: FCR, src_shape: (80, 80, 56), dst_order: FCR, dst_shape: (80, 80, 51))
[2026-09-09 09:54:08.829] [143779] [HailoRT] [info] [edge_elements.cpp:187] [create] Created (LastAsyncEl0PostInferEl7AsyncHwEl)
[2026-09-09 09:54:08.829] [143779] [HailoRT] [info] [pipeline.cpp:891] [print_deep_description] EntryPushQEl0yolov8m_pose/input_layer1 | inputs: user | outputs: PreInferEl1yolov8m_pose/input_layer1(running in thread_id: 144009)
[2026-09-09 09:54:08.829] [143779] [HailoRT] [info] [pipeline.cpp:891] [print_deep_description] PreInferEl1yolov8m_pose/input_layer1 | inputs: EntryPushQEl0yolov8m_pose/input_layer1[0] | outputs: PushQEl1yolov8m_pose/input_layer1
[2026-09-09 09:54:08.829] [143779] [HailoRT] [info] [pipeline.cpp:891] [print_deep_description] PushQEl1yolov8m_pose/input_layer1 | inputs: PreInferEl1yolov8m_pose/input_layer1[0] | outputs: AsyncHwEl(running in thread_id: 144010)
[2026-09-09 09:54:08.829] [143779] [HailoRT] [info] [pipeline.cpp:891] [print_deep_description] AsyncHwEl | inputs: PushQEl1yolov8m_pose/input_layer1[0] | outputs: LastAsyncEl0AsyncHwEl LastAsyncEl1AsyncHwEl PushQEl2AsyncHwEl LastAsyncEl3AsyncHwEl LastAsyncEl4AsyncHwEl PushQEl5AsyncHwEl LastAsyncEl6AsyncHwEl PushQEl7AsyncHwEl LastAsyncEl8AsyncHwEl
[2026-09-09 09:54:08.829] [143779] [HailoRT] [info] [pipeline.cpp:891] [print_deep_description] LastAsyncEl0AsyncHwEl | inputs: AsyncHwEl[0] | outputs: user
[2026-09-09 09:54:08.829] [143779] [HailoRT] [info] [pipeline.cpp:891] [print_deep_description] LastAsyncEl1AsyncHwEl | inputs: AsyncHwEl[0] | outputs: user
[2026-09-09 09:54:08.829] [143779] [HailoRT] [info] [pipeline.cpp:891] [print_deep_description] PushQEl2AsyncHwEl | inputs: AsyncHwEl[0] | outputs: PostInferEl2AsyncHwEl(running in thread_id: 144012)
[2026-09-09 09:54:08.829] [143779] [HailoRT] [info] [pipeline.cpp:891] [print_deep_description] PostInferEl2AsyncHwEl | inputs: PushQEl2AsyncHwEl[0] | outputs: LastAsyncEl0PostInferEl2AsyncHwEl
[2026-09-09 09:54:08.829] [143779] [HailoRT] [info] [pipeline.cpp:891] [print_deep_description] LastAsyncEl0PostInferEl2AsyncHwEl | inputs: PostInferEl2AsyncHwEl[0] | outputs: user
[2026-09-09 09:54:08.829] [143779] [HailoRT] [info] [pipeline.cpp:891] [print_deep_description] LastAsyncEl3AsyncHwEl | inputs: AsyncHwEl[0] | outputs: user
[2026-09-09 09:54:08.829] [143779] [HailoRT] [info] [pipeline.cpp:891] [print_deep_description] LastAsyncEl4AsyncHwEl | inputs: AsyncHwEl[0] | outputs: user
[2026-09-09 09:54:08.829] [143779] [HailoRT] [info] [pipeline.cpp:891] [print_deep_description] PushQEl5AsyncHwEl | inputs: AsyncHwEl[0] | outputs: PostInferEl5AsyncHwEl(running in thread_id: 144011)
[2026-09-09 09:54:08.829] [143779] [HailoRT] [info] [pipeline.cpp:891] [print_deep_description] PostInferEl5AsyncHwEl | inputs: PushQEl5AsyncHwEl[0] | outputs: LastAsyncEl0PostInferEl5AsyncHwEl
[2026-09-09 09:54:08.829] [143779] [HailoRT] [info] [pipeline.cpp:891] [print_deep_description] LastAsyncEl0PostInferEl5AsyncHwEl | inputs: PostInferEl5AsyncHwEl[0] | outputs: user
[2026-09-09 09:54:08.829] [143779] [HailoRT] [info] [pipeline.cpp:891] [print_deep_description] LastAsyncEl6AsyncHwEl | inputs: AsyncHwEl[0] | outputs: user
[2026-09-09 09:54:08.829] [143779] [HailoRT] [info] [pipeline.cpp:891] [print_deep_description] PushQEl7AsyncHwEl | inputs: AsyncHwEl[0] | outputs: PostInferEl7AsyncHwEl(running in thread_id: 144013)
[2026-09-09 09:54:08.829] [143779] [HailoRT] [info] [pipeline.cpp:891] [print_deep_description] PostInferEl7AsyncHwEl | inputs: PushQEl7AsyncHwEl[0] | outputs: LastAsyncEl0PostInferEl7AsyncHwEl
[2026-09-09 09:54:08.829] [143779] [HailoRT] [info] [pipeline.cpp:891] [print_deep_description] LastAsyncEl0PostInferEl7AsyncHwEl | inputs: PostInferEl7AsyncHwEl[0] | outputs: user
[2026-09-09 09:54:08.829] [143779] [HailoRT] [info] [pipeline.cpp:891] [print_deep_description] LastAsyncEl8AsyncHwEl | inputs: AsyncHwEl[0] | outputs: user
[2026-09-09 09:54:09.003] [143992] [HailoRT] [info] [hef.cpp:1929] [get_network_group_and_network_name] No name was given. Addressing all networks of default network_group: yolov8m_pose
[2026-09-09 10:18:15.064] [205421] [HailoRT] [info] [device.cpp:49] [Device] OS Version: Linux 6.12.62+rpt-rpi-2712 #1 SMP PREEMPT Debian 1:6.12.62-1+rpt1~bookworm (2026-01-19) aarch64
[2026-09-09 10:18:15.066] [205421] [HailoRT] [info] [control.cpp:108] [control__parse_identify_results] firmware_version is: 4.20.0
[2026-09-09 10:18:15.068] [205421] [HailoRT] [info] [control.cpp:108] [control__parse_identify_results] firmware_version is: 4.20.0
[2026-09-09 10:18:15.122] [205431] [HailoRT] [info] [device.cpp:49] [Device] OS Version: Linux 6.12.62+rpt-rpi-2712 #1 SMP PREEMPT Debian 1:6.12.62-1+rpt1~bookworm (2026-01-19) aarch64
[2026-09-09 10:18:15.126] [205431] [HailoRT] [info] [control.cpp:108] [control__parse_identify_results] firmware_version is: 4.20.0
[2026-09-09 10:18:15.131] [205431] [HailoRT] [info] [control.cpp:108] [control__parse_identify_results] firmware_version is: 4.20.0
[2026-09-09 10:18:15.235] [205315] [HailoRT] [info] [vdevice.cpp:523] [create] Creating vdevice with params: device_count: 1, scheduling_algorithm: ROUND_ROBIN, multi_process_service: true
[2026-09-09 10:18:16.252] [205315] [HailoRT] [info] [device.cpp:49] [Device] OS Version: Linux 6.12.62+rpt-rpi-2712 #1 SMP PREEMPT Debian 1:6.12.62-1+rpt1~bookworm (2026-01-19) aarch64
[2026-09-09 10:18:16.253] [205315] [HailoRT] [info] [control.cpp:108] [control__parse_identify_results] firmware_version is: 4.20.0
[2026-09-09 10:18:16.355] [205315] [HailoRT] [info] [hef.cpp:1929] [get_network_group_and_network_name] No name was given. Addressing all networks of default network_group: yolov8m_pose
[2026-09-09 10:18:16.355] [205315] [HailoRT] [info] [hef.cpp:1929] [get_network_group_and_network_name] No name was given. Addressing all networks of default network_group: yolov8m_pose
[2026-09-09 10:18:16.582] [205315] [HailoRT] [info] [infer_model.cpp:436] [configure] Configuring network group 'yolov8m_pose' with params: batch size: 2, power mode: PERFORMANCE, latency: NONE
[2026-09-09 10:18:16.589] [205315] [HailoRT] [info] [multi_io_elements.cpp:756] [create] Created (AsyncHwEl)
[2026-09-09 10:18:16.590] [205315] [HailoRT] [info] [queue_elements.cpp:450] [create] Created (EntryPushQEl0yolov8m_pose/input_layer1 | timeout: 10s)
[2026-09-09 10:18:16.590] [205315] [HailoRT] [info] [filter_elements.cpp:101] [create] Created (PreInferEl1yolov8m_pose/input_layer1 | Reorder - src_order: RGB4, src_shape: (640, 640, 3), dst_order: NHWC, dst_shape: (640, 640, 3))
[2026-09-09 10:18:16.590] [205315] [HailoRT] [info] [queue_elements.cpp:450] [create] Created (PushQEl1yolov8m_pose/input_layer1 | timeout: 10s)
[2026-09-09 10:18:16.590] [205315] [HailoRT] [info] [edge_elements.cpp:187] [create] Created (LastAsyncEl4AsyncHwEl)
[2026-09-09 10:18:16.591] [205315] [HailoRT] [info] [queue_elements.cpp:450] [create] Created (PushQEl5AsyncHwEl | timeout: 10s)
[2026-09-09 10:18:16.591] [205315] [HailoRT] [info] [filter_elements.cpp:375] [create] Created (PostInferEl5AsyncHwEl | Reorder - src_order: FCR, src_shape: (40, 40, 56), dst_order: FCR, dst_shape: (40, 40, 51))
[2026-09-09 10:18:16.591] [205315] [HailoRT] [info] [edge_elements.cpp:187] [create] Created (LastAsyncEl0PostInferEl5AsyncHwEl)
[2026-09-09 10:18:16.592] [205315] [HailoRT] [info] [edge_elements.cpp:187] [create] Created (LastAsyncEl1AsyncHwEl)
[2026-09-09 10:18:16.592] [205315] [HailoRT] [info] [queue_elements.cpp:450] [create] Created (PushQEl2AsyncHwEl | timeout: 10s)
[2026-09-09 10:18:16.592] [205315] [HailoRT] [info] [filter_elements.cpp:375] [create] Created (PostInferEl2AsyncHwEl | Reorder - src_order: FCR, src_shape: (20, 20, 56), dst_order: FCR, dst_shape: (20, 20, 51))
[2026-09-09 10:18:16.592] [205315] [HailoRT] [info] [edge_elements.cpp:187] [create] Created (LastAsyncEl0PostInferEl2AsyncHwEl)
[2026-09-09 10:18:16.593] [205315] [HailoRT] [info] [edge_elements.cpp:187] [create] Created (LastAsyncEl3AsyncHwEl)
[2026-09-09 10:18:16.593] [205315] [HailoRT] [info] [edge_elements.cpp:187] [create] Created (LastAsyncEl0AsyncHwEl)
[2026-09-09 10:18:16.593] [205315] [HailoRT] [info] [edge_elements.cpp:187] [create] Created (LastAsyncEl8AsyncHwEl)
[2026-09-09 10:18:16.594] [205315] [HailoRT] [info] [edge_elements.cpp:187] [create] Created (LastAsyncEl6AsyncHwEl)
[2026-09-09 10:18:16.594] [205315] [HailoRT] [info] [queue_elements.cpp:450] [create] Created (PushQEl7AsyncHwEl | timeout: 10s)
[2026-09-09 10:18:16.594] [205315] [HailoRT] [info] [filter_elements.cpp:375] [create] Created (PostInferEl7AsyncHwEl | Reorder - src_order: FCR, src_shape: (80, 80, 56), dst_order: FCR, dst_shape: (80, 80, 51))
[2026-09-09 10:18:16.594] [205315] [HailoRT] [info] [edge_elements.cpp:187] [create] Created (LastAsyncEl0PostInferEl7AsyncHwEl)
[2026-09-09 10:18:16.594] [205315] [HailoRT] [info] [pipeline.cpp:891] [print_deep_description] EntryPushQEl0yolov8m_pose/input_layer1 | inputs: user | outputs: PreInferEl1yolov8m_pose/input_layer1(running in thread_id: 205497)
[2026-09-09 10:18:16.594] [205315] [HailoRT] [info] [pipeline.cpp:891] [print_deep_description] PreInferEl1yolov8m_pose/input_layer1 | inputs: EntryPushQEl0yolov8m_pose/input_layer1[0] | outputs: PushQEl1yolov8m_pose/input_layer1
[2026-09-09 10:18:16.594] [205315] [HailoRT] [info] [pipeline.cpp:891] [print_deep_description] PushQEl1yolov8m_pose/input_layer1 | inputs: PreInferEl1yolov8m_pose/input_layer1[0] | outputs: AsyncHwEl(running in thread_id: 205498)
[2026-09-09 10:18:16.594] [205315] [HailoRT] [info] [pipeline.cpp:891] [print_deep_description] AsyncHwEl | inputs: PushQEl1yolov8m_pose/input_layer1[0] | outputs: LastAsyncEl0AsyncHwEl LastAsyncEl1AsyncHwEl PushQEl2AsyncHwEl LastAsyncEl3AsyncHwEl LastAsyncEl4AsyncHwEl PushQEl5AsyncHwEl LastAsyncEl6AsyncHwEl PushQEl7AsyncHwEl LastAsyncEl8AsyncHwEl
[2026-09-09 10:18:16.594] [205315] [HailoRT] [info] [pipeline.cpp:891] [print_deep_description] LastAsyncEl0AsyncHwEl | inputs: AsyncHwEl[0] | outputs: user
[2026-09-09 10:18:16.594] [205315] [HailoRT] [info] [pipeline.cpp:891] [print_deep_description] LastAsyncEl1AsyncHwEl | inputs: AsyncHwEl[0] | outputs: user
[2026-09-09 10:18:16.594] [205315] [HailoRT] [info] [pipeline.cpp:891] [print_deep_description] PushQEl2AsyncHwEl | inputs: AsyncHwEl[0] | outputs: PostInferEl2AsyncHwEl(running in thread_id: 205500)
[2026-09-09 10:18:16.594] [205315] [HailoRT] [info] [pipeline.cpp:891] [print_deep_description] PostInferEl2AsyncHwEl | inputs: PushQEl2AsyncHwEl[0] | outputs: LastAsyncEl0PostInferEl2AsyncHwEl
[2026-09-09 10:18:16.594] [205315] [HailoRT] [info] [pipeline.cpp:891] [print_deep_description] LastAsyncEl0PostInferEl2AsyncHwEl | inputs: PostInferEl2AsyncHwEl[0] | outputs: user
[2026-09-09 10:18:16.594] [205315] [HailoRT] [info] [pipeline.cpp:891] [print_deep_description] LastAsyncEl3AsyncHwEl | inputs: AsyncHwEl[0] | outputs: user
[2026-09-09 10:18:16.594] [205315] [HailoRT] [info] [pipeline.cpp:891] [print_deep_description] LastAsyncEl4AsyncHwEl | inputs: AsyncHwEl[0] | outputs: user
[2026-09-09 10:18:16.594] [205315] [HailoRT] [info] [pipeline.cpp:891] [print_deep_description] PushQEl5AsyncHwEl | inputs: AsyncHwEl[0] | outputs: PostInferEl5AsyncHwEl(running in thread_id: 205499)
[2026-09-09 10:18:16.594] [205315] [HailoRT] [info] [pipeline.cpp:891] [print_deep_description] PostInferEl5AsyncHwEl | inputs: PushQEl5AsyncHwEl[0] | outputs: LastAsyncEl0PostInferEl5AsyncHwEl
[2026-09-09 10:18:16.594] [205315] [HailoRT] [info] [pipeline.cpp:891] [print_deep_description] LastAsyncEl0PostInferEl5AsyncHwEl | inputs: PostInferEl5AsyncHwEl[0] | outputs: user
[2026-09-09 10:18:16.594] [205315] [HailoRT] [info] [pipeline.cpp:891] [print_deep_description] LastAsyncEl6AsyncHwEl | inputs: AsyncHwEl[0] | outputs: user
[2026-09-09 10:18:16.594] [205315] [HailoRT] [info] [pipeline.cpp:891] [print_deep_description] PushQEl7AsyncHwEl | inputs: AsyncHwEl[0] | outputs: PostInferEl7AsyncHwEl(running in thread_id: 205501)
[2026-09-09 10:18:16.594] [205315] [HailoRT] [info] [pipeline.cpp:891] [print_deep_description] PostInferEl7AsyncHwEl | inputs: PushQEl7AsyncHwEl[0] | outputs: LastAsyncEl0PostInferEl7AsyncHwEl
[2026-09-09 10:18:16.594] [205315] [HailoRT] [info] [pipeline.cpp:891] [print_deep_description] LastAsyncEl0PostInferEl7AsyncHwEl | inputs: PostInferEl7AsyncHwEl[0] | outputs: user
[2026-09-09 10:18:16.594] [205315] [HailoRT] [info] [pipeline.cpp:891] [print_deep_description] LastAsyncEl8AsyncHwEl | inputs: AsyncHwEl[0] | outputs: user
[2026-09-09 10:18:16.824] [205480] [HailoRT] [info] [hef.cpp:1929] [get_network_group_and_network_name] No name was given. Addressing all networks of default network_group: yolov8m_pose
[2026-09-09 10:21:05.295] [205315] [HailoRT] [info] [async_infer_runner.cpp:86] [shutdown] Pipeline was aborted. Shutting it down
[2026-09-09 10:21:05.315] [205495] [HailoRT] [info] [network_group_client.cpp:661] [operator()] Infer request was aborted by user
[2026-09-09 10:21:05.316] [205495] [HailoRT] [info] [network_group_client.cpp:661] [operator()] Infer request was aborted by user
[2026-09-09 10:21:05.318] [205495] [HailoRT] [info] [network_group_client.cpp:661] [operator()] Infer request was aborted by user
[2026-09-09 10:21:05.320] [205495] [HailoRT] [info] [network_group_client.cpp:661] [operator()] Infer request was aborted by user
[2026-09-09 10:21:05.320] [205315] [HailoRT] [info] [queue_elements.cpp:570] [execute_deactivate] enqueue() in element PushQEl2AsyncHwEl was aborted, got status = HAILO_SHUTDOWN_EVENT_SIGNALED(57)
[2026-09-09 10:21:05.320] [205315] [HailoRT] [info] [queue_elements.cpp:570] [execute_deactivate] enqueue() in element PushQEl5AsyncHwEl was aborted, got status = HAILO_SHUTDOWN_EVENT_SIGNALED(57)
[2026-09-09 10:21:05.320] [205315] [HailoRT] [info] [queue_elements.cpp:570] [execute_deactivate] enqueue() in element PushQEl7AsyncHwEl was aborted, got status = HAILO_SHUTDOWN_EVENT_SIGNALED(57)
[2026-09-09 10:21:05.320] [205315] [HailoRT] [info] [queue_elements.cpp:570] [execute_deactivate] enqueue() in element PushQEl1yolov8m_pose/input_layer1 was aborted, got status = HAILO_SHUTDOWN_EVENT_SIGNALED(57)
[2026-09-09 10:21:05.320] [205315] [HailoRT] [info] [queue_elements.cpp:570] [execute_deactivate] enqueue() in element EntryPushQEl0yolov8m_pose/input_layer1 was aborted, got status = HAILO_SHUTDOWN_EVENT_SIGNALED(57)
[2026-09-09 10:21:05.320] [205315] [HailoRT] [info] [queue_elements.cpp:46] [~BaseQueueElement] Queue element EntryPushQEl0yolov8m_pose/input_layer1 has 0 frames in his Queue on destruction
[2026-09-09 10:21:05.320] [205315] [HailoRT] [info] [queue_elements.cpp:46] [~BaseQueueElement] Queue element PushQEl1yolov8m_pose/input_layer1 has 0 frames in his Queue on destruction
[2026-09-09 10:21:05.322] [205315] [HailoRT] [info] [queue_elements.cpp:46] [~BaseQueueElement] Queue element PushQEl5AsyncHwEl has 0 frames in his Queue on destruction
[2026-09-09 10:21:05.322] [205315] [HailoRT] [info] [queue_elements.cpp:46] [~BaseQueueElement] Queue element PushQEl2AsyncHwEl has 0 frames in his Queue on destruction
[2026-09-09 10:21:05.322] [205315] [HailoRT] [info] [queue_elements.cpp:46] [~BaseQueueElement] Queue element PushQEl7AsyncHwEl has 0 frames in his Queue on destruction
[2026-09-09 10:21:05.543] [205495] [HailoRT] [info] [vdevice.cpp:424] [listener_run_in_thread] Shutdown event was signaled in listener_run_in_thread
[2026-09-09 10:21:57.961] [213591] [HailoRT] [info] [device.cpp:49] [Device] OS Version: Linux 6.12.62+rpt-rpi-2712 #1 SMP PREEMPT Debian 1:6.12.62-1+rpt1~bookworm (2026-01-19) aarch64
[2026-09-09 10:21:57.963] [213591] [HailoRT] [info] [control.cpp:108] [control__parse_identify_results] firmware_version is: 4.20.0
[2026-09-09 10:21:57.964] [213591] [HailoRT] [info] [control.cpp:108] [control__parse_identify_results] firmware_version is: 4.20.0
[2026-09-09 10:21:58.010] [213601] [HailoRT] [info] [device.cpp:49] [Device] OS Version: Linux 6.12.62+rpt-rpi-2712 #1 SMP PREEMPT Debian 1:6.12.62-1+rpt1~bookworm (2026-01-19) aarch64
[2026-09-09 10:21:58.012] [213601] [HailoRT] [info] [control.cpp:108] [control__parse_identify_results] firmware_version is: 4.20.0
[2026-09-09 10:21:58.013] [213601] [HailoRT] [info] [control.cpp:108] [control__parse_identify_results] firmware_version is: 4.20.0
[2026-09-09 10:21:58.095] [212702] [HailoRT] [info] [vdevice.cpp:523] [create] Creating vdevice with params: device_count: 1, scheduling_algorithm: ROUND_ROBIN, multi_process_service: true
[2026-09-09 10:21:59.112] [212702] [HailoRT] [info] [device.cpp:49] [Device] OS Version: Linux 6.12.62+rpt-rpi-2712 #1 SMP PREEMPT Debian 1:6.12.62-1+rpt1~bookworm (2026-01-19) aarch64
[2026-09-09 10:21:59.114] [212702] [HailoRT] [info] [control.cpp:108] [control__parse_identify_results] firmware_version is: 4.20.0
[2026-09-09 10:21:59.217] [212702] [HailoRT] [info] [hef.cpp:1929] [get_network_group_and_network_name] No name was given. Addressing all networks of default network_group: yolov8m_pose
[2026-09-09 10:21:59.217] [212702] [HailoRT] [info] [hef.cpp:1929] [get_network_group_and_network_name] No name was given. Addressing all networks of default network_group: yolov8m_pose
[2026-09-09 10:21:59.676] [213668] [HailoRT] [info] [infer_model.cpp:436] [configure] Configuring network group 'yolov8m_pose' with params: batch size: 2, power mode: PERFORMANCE, latency: NONE
[2026-09-09 10:21:59.678] [213668] [HailoRT] [info] [multi_io_elements.cpp:756] [create] Created (AsyncHwEl)
[2026-09-09 10:21:59.679] [213668] [HailoRT] [info] [queue_elements.cpp:450] [create] Created (EntryPushQEl0yolov8m_pose/input_layer1 | timeout: 10s)
[2026-09-09 10:21:59.679] [213668] [HailoRT] [info] [filter_elements.cpp:101] [create] Created (PreInferEl1yolov8m_pose/input_layer1 | Reorder - src_order: RGB4, src_shape: (640, 640, 3), dst_order: NHWC, dst_shape: (640, 640, 3))
[2026-09-09 10:21:59.679] [213668] [HailoRT] [info] [queue_elements.cpp:450] [create] Created (PushQEl1yolov8m_pose/input_layer1 | timeout: 10s)
[2026-09-09 10:21:59.679] [213668] [HailoRT] [info] [edge_elements.cpp:187] [create] Created (LastAsyncEl4AsyncHwEl)
[2026-09-09 10:21:59.680] [213668] [HailoRT] [info] [queue_elements.cpp:450] [create] Created (PushQEl5AsyncHwEl | timeout: 10s)
[2026-09-09 10:21:59.680] [213668] [HailoRT] [info] [filter_elements.cpp:375] [create] Created (PostInferEl5AsyncHwEl | Reorder - src_order: FCR, src_shape: (40, 40, 56), dst_order: FCR, dst_shape: (40, 40, 51))
[2026-09-09 10:21:59.680] [213668] [HailoRT] [info] [edge_elements.cpp:187] [create] Created (LastAsyncEl0PostInferEl5AsyncHwEl)
[2026-09-09 10:21:59.680] [213668] [HailoRT] [info] [edge_elements.cpp:187] [create] Created (LastAsyncEl1AsyncHwEl)
[2026-09-09 10:21:59.681] [213668] [HailoRT] [info] [queue_elements.cpp:450] [create] Created (PushQEl2AsyncHwEl | timeout: 10s)
[2026-09-09 10:21:59.681] [213668] [HailoRT] [info] [filter_elements.cpp:375] [create] Created (PostInferEl2AsyncHwEl | Reorder - src_order: FCR, src_shape: (20, 20, 56), dst_order: FCR, dst_shape: (20, 20, 51))
[2026-09-09 10:21:59.681] [213668] [HailoRT] [info] [edge_elements.cpp:187] [create] Created (LastAsyncEl0PostInferEl2AsyncHwEl)
[2026-09-09 10:21:59.681] [213668] [HailoRT] [info] [edge_elements.cpp:187] [create] Created (LastAsyncEl3AsyncHwEl)
[2026-09-09 10:21:59.682] [213668] [HailoRT] [info] [edge_elements.cpp:187] [create] Created (LastAsyncEl0AsyncHwEl)
[2026-09-09 10:21:59.682] [213668] [HailoRT] [info] [edge_elements.cpp:187] [create] Created (LastAsyncEl8AsyncHwEl)
[2026-09-09 10:21:59.683] [213668] [HailoRT] [info] [edge_elements.cpp:187] [create] Created (LastAsyncEl6AsyncHwEl)
[2026-09-09 10:21:59.683] [213668] [HailoRT] [info] [queue_elements.cpp:450] [create] Created (PushQEl7AsyncHwEl | timeout: 10s)
[2026-09-09 10:21:59.683] [213668] [HailoRT] [info] [filter_elements.cpp:375] [create] Created (PostInferEl7AsyncHwEl | Reorder - src_order: FCR, src_shape: (80, 80, 56), dst_order: FCR, dst_shape: (80, 80, 51))
[2026-09-09 10:21:59.683] [213668] [HailoRT] [info] [edge_elements.cpp:187] [create] Created (LastAsyncEl0PostInferEl7AsyncHwEl)
[2026-09-09 10:21:59.683] [213668] [HailoRT] [info] [pipeline.cpp:891] [print_deep_description] EntryPushQEl0yolov8m_pose/input_layer1 | inputs: user | outputs: PreInferEl1yolov8m_pose/input_layer1(running in thread_id: 213697)
[2026-09-09 10:21:59.683] [213668] [HailoRT] [info] [pipeline.cpp:891] [print_deep_description] PreInferEl1yolov8m_pose/input_layer1 | inputs: EntryPushQEl0yolov8m_pose/input_layer1[0] | outputs: PushQEl1yolov8m_pose/input_layer1
[2026-09-09 10:21:59.683] [213668] [HailoRT] [info] [pipeline.cpp:891] [print_deep_description] PushQEl1yolov8m_pose/input_layer1 | inputs: PreInferEl1yolov8m_pose/input_layer1[0] | outputs: AsyncHwEl(running in thread_id: 213698)
[2026-09-09 10:21:59.683] [213668] [HailoRT] [info] [pipeline.cpp:891] [print_deep_description] AsyncHwEl | inputs: PushQEl1yolov8m_pose/input_layer1[0] | outputs: LastAsyncEl0AsyncHwEl LastAsyncEl1AsyncHwEl PushQEl2AsyncHwEl LastAsyncEl3AsyncHwEl LastAsyncEl4AsyncHwEl PushQEl5AsyncHwEl LastAsyncEl6AsyncHwEl PushQEl7AsyncHwEl LastAsyncEl8AsyncHwEl
[2026-09-09 10:21:59.683] [213668] [HailoRT] [info] [pipeline.cpp:891] [print_deep_description] LastAsyncEl0AsyncHwEl | inputs: AsyncHwEl[0] | outputs: user
[2026-09-09 10:21:59.683] [213668] [HailoRT] [info] [pipeline.cpp:891] [print_deep_description] LastAsyncEl1AsyncHwEl | inputs: AsyncHwEl[0] | outputs: user
[2026-09-09 10:21:59.683] [213668] [HailoRT] [info] [pipeline.cpp:891] [print_deep_description] PushQEl2AsyncHwEl | inputs: AsyncHwEl[0] | outputs: PostInferEl2AsyncHwEl(running in thread_id: 213700)
[2026-09-09 10:21:59.683] [213668] [HailoRT] [info] [pipeline.cpp:891] [print_deep_description] PostInferEl2AsyncHwEl | inputs: PushQEl2AsyncHwEl[0] | outputs: LastAsyncEl0PostInferEl2AsyncHwEl
[2026-09-09 10:21:59.683] [213668] [HailoRT] [info] [pipeline.cpp:891] [print_deep_description] LastAsyncEl0PostInferEl2AsyncHwEl | inputs: PostInferEl2AsyncHwEl[0] | outputs: user
[2026-09-09 10:21:59.683] [213668] [HailoRT] [info] [pipeline.cpp:891] [print_deep_description] LastAsyncEl3AsyncHwEl | inputs: AsyncHwEl[0] | outputs: user
[2026-09-09 10:21:59.683] [213668] [HailoRT] [info] [pipeline.cpp:891] [print_deep_description] LastAsyncEl4AsyncHwEl | inputs: AsyncHwEl[0] | outputs: user
[2026-09-09 10:21:59.683] [213668] [HailoRT] [info] [pipeline.cpp:891] [print_deep_description] PushQEl5AsyncHwEl | inputs: AsyncHwEl[0] | outputs: PostInferEl5AsyncHwEl(running in thread_id: 213699)
[2026-09-09 10:21:59.683] [213668] [HailoRT] [info] [pipeline.cpp:891] [print_deep_description] PostInferEl5AsyncHwEl | inputs: PushQEl5AsyncHwEl[0] | outputs: LastAsyncEl0PostInferEl5AsyncHwEl
[2026-09-09 10:21:59.683] [213668] [HailoRT] [info] [pipeline.cpp:891] [print_deep_description] LastAsyncEl0PostInferEl5AsyncHwEl | inputs: PostInferEl5AsyncHwEl[0] | outputs: user
[2026-09-09 10:21:59.683] [213668] [HailoRT] [info] [pipeline.cpp:891] [print_deep_description] LastAsyncEl6AsyncHwEl | inputs: AsyncHwEl[0] | outputs: user
[2026-09-09 10:21:59.683] [213668] [HailoRT] [info] [pipeline.cpp:891] [print_deep_description] PushQEl7AsyncHwEl | inputs: AsyncHwEl[0] | outputs: PostInferEl7AsyncHwEl(running in thread_id: 213701)
[2026-09-09 10:21:59.683] [213668] [HailoRT] [info] [pipeline.cpp:891] [print_deep_description] PostInferEl7AsyncHwEl | inputs: PushQEl7AsyncHwEl[0] | outputs: LastAsyncEl0PostInferEl7AsyncHwEl
[2026-09-09 10:21:59.683] [213668] [HailoRT] [info] [pipeline.cpp:891] [print_deep_description] LastAsyncEl0PostInferEl7AsyncHwEl | inputs: PostInferEl7AsyncHwEl[0] | outputs: user
[2026-09-09 10:21:59.683] [213668] [HailoRT] [info] [pipeline.cpp:891] [print_deep_description] LastAsyncEl8AsyncHwEl | inputs: AsyncHwEl[0] | outputs: user
[2026-09-09 10:21:59.686] [213668] [HailoRT] [info] [hef.cpp:1929] [get_network_group_and_network_name] No name was given. Addressing all networks of default network_group: yolov8m_pose
[2026-09-09 10:22:57.001] [212702] [HailoRT] [info] [async_infer_runner.cpp:86] [shutdown] Pipeline was aborted. Shutting it down
[2026-09-09 10:22:57.001] [213697] [HailoRT] [info] [queue_elements.cpp:497] [operator()] Thread in element EntryPushQEl0yolov8m_pose/input_layer1 is not running anymore, exiting..
[2026-09-09 10:22:57.001] [213698] [HailoRT] [info] [queue_elements.cpp:497] [operator()] Thread in element PushQEl1yolov8m_pose/input_layer1 is not running anymore, exiting..
[2026-09-09 10:22:57.012] [213695] [HailoRT] [info] [network_group_client.cpp:661] [operator()] Infer request was aborted by user
[2026-09-09 10:22:57.012] [213695] [HailoRT] [info] [network_group_client.cpp:661] [operator()] Infer request was aborted by user
[2026-09-09 10:22:57.014] [213695] [HailoRT] [info] [network_group_client.cpp:661] [operator()] Infer request was aborted by user
[2026-09-09 10:22:57.016] [213695] [HailoRT] [info] [network_group_client.cpp:661] [operator()] Infer request was aborted by user
[2026-09-09 10:22:57.019] [213695] [HailoRT] [info] [network_group_client.cpp:661] [operator()] Infer request was aborted by user
[2026-09-09 10:22:57.021] [213695] [HailoRT] [info] [network_group_client.cpp:661] [operator()] Infer request was aborted by user
[2026-09-09 10:22:57.023] [213695] [HailoRT] [info] [network_group_client.cpp:661] [operator()] Infer request was aborted by user
[2026-09-09 10:22:57.025] [213695] [HailoRT] [info] [network_group_client.cpp:661] [operator()] Infer request was aborted by user
[2026-09-09 10:22:57.027] [213695] [HailoRT] [info] [network_group_client.cpp:661] [operator()] Infer request was aborted by user
[2026-09-09 10:22:57.029] [212702] [HailoRT] [info] [queue_elements.cpp:570] [execute_deactivate] enqueue() in element PushQEl2AsyncHwEl was aborted, got status = HAILO_SHUTDOWN_EVENT_SIGNALED(57)
[2026-09-09 10:22:57.029] [212702] [HailoRT] [info] [queue_elements.cpp:570] [execute_deactivate] enqueue() in element PushQEl5AsyncHwEl was aborted, got status = HAILO_SHUTDOWN_EVENT_SIGNALED(57)
[2026-09-09 10:22:57.029] [212702] [HailoRT] [info] [queue_elements.cpp:570] [execute_deactivate] enqueue() in element PushQEl7AsyncHwEl was aborted, got status = HAILO_SHUTDOWN_EVENT_SIGNALED(57)
[2026-09-09 10:22:57.029] [212702] [HailoRT] [info] [queue_elements.cpp:570] [execute_deactivate] enqueue() in element PushQEl1yolov8m_pose/input_layer1 was aborted, got status = HAILO_SHUTDOWN_EVENT_SIGNALED(57)
[2026-09-09 10:22:57.029] [212702] [HailoRT] [info] [queue_elements.cpp:570] [execute_deactivate] enqueue() in element EntryPushQEl0yolov8m_pose/input_layer1 was aborted, got status = HAILO_SHUTDOWN_EVENT_SIGNALED(57)
[2026-09-09 10:22:57.029] [212702] [HailoRT] [info] [queue_elements.cpp:46] [~BaseQueueElement] Queue element EntryPushQEl0yolov8m_pose/input_layer1 has 0 frames in his Queue on destruction
[2026-09-09 10:22:57.029] [212702] [HailoRT] [info] [queue_elements.cpp:46] [~BaseQueueElement] Queue element PushQEl1yolov8m_pose/input_layer1 has 0 frames in his Queue on destruction
[2026-09-09 10:22:57.029] [212702] [HailoRT] [info] [queue_elements.cpp:46] [~BaseQueueElement] Queue element PushQEl5AsyncHwEl has 0 frames in his Queue on destruction
[2026-09-09 10:22:57.029] [212702] [HailoRT] [info] [queue_elements.cpp:46] [~BaseQueueElement] Queue element PushQEl2AsyncHwEl has 0 frames in his Queue on destruction
[2026-09-09 10:22:57.029] [212702] [HailoRT] [info] [queue_elements.cpp:46] [~BaseQueueElement] Queue element PushQEl7AsyncHwEl has 0 frames in his Queue on destruction
[2026-09-09 10:22:57.169] [216260] [HailoRT] [error] [hailort_rpc_client.cpp:271] [VDevice_configure] CHECK_SUCCESS failed with status=HAILO_INVALID_HEF(26)
[2026-09-09 10:22:57.169] [216260] [HailoRT] [error] [vdevice.cpp:364] [configure] CHECK_SUCCESS failed with status=HAILO_INVALID_HEF(26)
[2026-09-09 10:22:57.170] [216260] [HailoRT] [error] [infer_model.cpp:349] [configure] CHECK_SUCCESS failed with status=HAILO_INVALID_HEF(26)
[2026-09-09 10:28:36.441] [222100] [HailoRT] [info] [device.cpp:49] [Device] OS Version: Linux 6.12.62+rpt-rpi-2712 #1 SMP PREEMPT Debian 1:6.12.62-1+rpt1~bookworm (2026-01-19) aarch64
[2026-09-09 10:28:36.443] [222100] [HailoRT] [info] [control.cpp:108] [control__parse_identify_results] firmware_version is: 4.20.0
[2026-09-09 10:28:36.444] [222100] [HailoRT] [info] [control.cpp:108] [control__parse_identify_results] firmware_version is: 4.20.0
[2026-09-09 10:28:36.498] [222110] [HailoRT] [info] [device.cpp:49] [Device] OS Version: Linux 6.12.62+rpt-rpi-2712 #1 SMP PREEMPT Debian 1:6.12.62-1+rpt1~bookworm (2026-01-19) aarch64
[2026-09-09 10:28:36.500] [222110] [HailoRT] [info] [control.cpp:108] [control__parse_identify_results] firmware_version is: 4.20.0
[2026-09-09 10:28:36.501] [222110] [HailoRT] [info] [control.cpp:108] [control__parse_identify_results] firmware_version is: 4.20.0
[2026-09-09 10:28:36.599] [220992] [HailoRT] [info] [vdevice.cpp:523] [create] Creating vdevice with params: device_count: 1, scheduling_algorithm: ROUND_ROBIN, multi_process_service: true
[2026-09-09 10:28:37.618] [220992] [HailoRT] [info] [device.cpp:49] [Device] OS Version: Linux 6.12.62+rpt-rpi-2712 #1 SMP PREEMPT Debian 1:6.12.62-1+rpt1~bookworm (2026-01-19) aarch64
[2026-09-09 10:28:37.619] [220992] [HailoRT] [info] [control.cpp:108] [control__parse_identify_results] firmware_version is: 4.20.0
[2026-09-09 10:28:37.724] [220992] [HailoRT] [info] [hef.cpp:1929] [get_network_group_and_network_name] No name was given. Addressing all networks of default network_group: yolov8m_pose
[2026-09-09 10:28:37.724] [220992] [HailoRT] [info] [hef.cpp:1929] [get_network_group_and_network_name] No name was given. Addressing all networks of default network_group: yolov8m_pose
[2026-09-09 10:28:38.162] [222180] [HailoRT] [info] [infer_model.cpp:436] [configure] Configuring network group 'yolov8m_pose' with params: batch size: 2, power mode: PERFORMANCE, latency: NONE
[2026-09-09 10:28:38.164] [222180] [HailoRT] [info] [multi_io_elements.cpp:756] [create] Created (AsyncHwEl)
[2026-09-09 10:28:38.165] [222180] [HailoRT] [info] [queue_elements.cpp:450] [create] Created (EntryPushQEl0yolov8m_pose/input_layer1 | timeout: 10s)
[2026-09-09 10:28:38.165] [222180] [HailoRT] [info] [filter_elements.cpp:101] [create] Created (PreInferEl1yolov8m_pose/input_layer1 | Reorder - src_order: RGB4, src_shape: (640, 640, 3), dst_order: NHWC, dst_shape: (640, 640, 3))
[2026-09-09 10:28:38.165] [222180] [HailoRT] [info] [queue_elements.cpp:450] [create] Created (PushQEl1yolov8m_pose/input_layer1 | timeout: 10s)
[2026-09-09 10:28:38.165] [222180] [HailoRT] [info] [edge_elements.cpp:187] [create] Created (LastAsyncEl4AsyncHwEl)
[2026-09-09 10:28:38.166] [222180] [HailoRT] [info] [queue_elements.cpp:450] [create] Created (PushQEl5AsyncHwEl | timeout: 10s)
[2026-09-09 10:28:38.166] [222180] [HailoRT] [info] [filter_elements.cpp:375] [create] Created (PostInferEl5AsyncHwEl | Reorder - src_order: FCR, src_shape: (40, 40, 56), dst_order: FCR, dst_shape: (40, 40, 51))
[2026-09-09 10:28:38.166] [222180] [HailoRT] [info] [edge_elements.cpp:187] [create] Created (LastAsyncEl0PostInferEl5AsyncHwEl)
[2026-09-09 10:28:38.166] [222180] [HailoRT] [info] [edge_elements.cpp:187] [create] Created (LastAsyncEl1AsyncHwEl)
[2026-09-09 10:28:38.167] [222180] [HailoRT] [info] [queue_elements.cpp:450] [create] Created (PushQEl2AsyncHwEl | timeout: 10s)
[2026-09-09 10:28:38.167] [222180] [HailoRT] [info] [filter_elements.cpp:375] [create] Created (PostInferEl2AsyncHwEl | Reorder - src_order: FCR, src_shape: (20, 20, 56), dst_order: FCR, dst_shape: (20, 20, 51))
[2026-09-09 10:28:38.167] [222180] [HailoRT] [info] [edge_elements.cpp:187] [create] Created (LastAsyncEl0PostInferEl2AsyncHwEl)
[2026-09-09 10:28:38.167] [222180] [HailoRT] [info] [edge_elements.cpp:187] [create] Created (LastAsyncEl3AsyncHwEl)
[2026-09-09 10:28:38.168] [222180] [HailoRT] [info] [edge_elements.cpp:187] [create] Created (LastAsyncEl0AsyncHwEl)
[2026-09-09 10:28:38.168] [222180] [HailoRT] [info] [edge_elements.cpp:187] [create] Created (LastAsyncEl8AsyncHwEl)
[2026-09-09 10:28:38.168] [222180] [HailoRT] [info] [edge_elements.cpp:187] [create] Created (LastAsyncEl6AsyncHwEl)
[2026-09-09 10:28:38.169] [222180] [HailoRT] [info] [queue_elements.cpp:450] [create] Created (PushQEl7AsyncHwEl | timeout: 10s)
[2026-09-09 10:28:38.169] [222180] [HailoRT] [info] [filter_elements.cpp:375] [create] Created (PostInferEl7AsyncHwEl | Reorder - src_order: FCR, src_shape: (80, 80, 56), dst_order: FCR, dst_shape: (80, 80, 51))
[2026-09-09 10:28:38.169] [222180] [HailoRT] [info] [edge_elements.cpp:187] [create] Created (LastAsyncEl0PostInferEl7AsyncHwEl)
[2026-09-09 10:28:38.169] [222180] [HailoRT] [info] [pipeline.cpp:891] [print_deep_description] EntryPushQEl0yolov8m_pose/input_layer1 | inputs: user | outputs: PreInferEl1yolov8m_pose/input_layer1(running in thread_id: 222207)
[2026-09-09 10:28:38.169] [222180] [HailoRT] [info] [pipeline.cpp:891] [print_deep_description] PreInferEl1yolov8m_pose/input_layer1 | inputs: EntryPushQEl0yolov8m_pose/input_layer1[0] | outputs: PushQEl1yolov8m_pose/input_layer1
[2026-09-09 10:28:38.169] [222180] [HailoRT] [info] [pipeline.cpp:891] [print_deep_description] PushQEl1yolov8m_pose/input_layer1 | inputs: PreInferEl1yolov8m_pose/input_layer1[0] | outputs: AsyncHwEl(running in thread_id: 222208)
[2026-09-09 10:28:38.169] [222180] [HailoRT] [info] [pipeline.cpp:891] [print_deep_description] AsyncHwEl | inputs: PushQEl1yolov8m_pose/input_layer1[0] | outputs: LastAsyncEl0AsyncHwEl LastAsyncEl1AsyncHwEl PushQEl2AsyncHwEl LastAsyncEl3AsyncHwEl LastAsyncEl4AsyncHwEl PushQEl5AsyncHwEl LastAsyncEl6AsyncHwEl PushQEl7AsyncHwEl LastAsyncEl8AsyncHwEl
[2026-09-09 10:28:38.169] [222180] [HailoRT] [info] [pipeline.cpp:891] [print_deep_description] LastAsyncEl0AsyncHwEl | inputs: AsyncHwEl[0] | outputs: user
[2026-09-09 10:28:38.169] [222180] [HailoRT] [info] [pipeline.cpp:891] [print_deep_description] LastAsyncEl1AsyncHwEl | inputs: AsyncHwEl[0] | outputs: user
[2026-09-09 10:28:38.169] [222180] [HailoRT] [info] [pipeline.cpp:891] [print_deep_description] PushQEl2AsyncHwEl | inputs: AsyncHwEl[0] | outputs: PostInferEl2AsyncHwEl(running in thread_id: 222210)
[2026-09-09 10:28:38.169] [222180] [HailoRT] [info] [pipeline.cpp:891] [print_deep_description] PostInferEl2AsyncHwEl | inputs: PushQEl2AsyncHwEl[0] | outputs: LastAsyncEl0PostInferEl2AsyncHwEl
[2026-09-09 10:28:38.169] [222180] [HailoRT] [info] [pipeline.cpp:891] [print_deep_description] LastAsyncEl0PostInferEl2AsyncHwEl | inputs: PostInferEl2AsyncHwEl[0] | outputs: user
[2026-09-09 10:28:38.169] [222180] [HailoRT] [info] [pipeline.cpp:891] [print_deep_description] LastAsyncEl3AsyncHwEl | inputs: AsyncHwEl[0] | outputs: user
[2026-09-09 10:28:38.169] [222180] [HailoRT] [info] [pipeline.cpp:891] [print_deep_description] LastAsyncEl4AsyncHwEl | inputs: AsyncHwEl[0] | outputs: user
[2026-09-09 10:28:38.169] [222180] [HailoRT] [info] [pipeline.cpp:891] [print_deep_description] PushQEl5AsyncHwEl | inputs: AsyncHwEl[0] | outputs: PostInferEl5AsyncHwEl(running in thread_id: 222209)
[2026-09-09 10:28:38.169] [222180] [HailoRT] [info] [pipeline.cpp:891] [print_deep_description] PostInferEl5AsyncHwEl | inputs: PushQEl5AsyncHwEl[0] | outputs: LastAsyncEl0PostInferEl5AsyncHwEl
[2026-09-09 10:28:38.169] [222180] [HailoRT] [info] [pipeline.cpp:891] [print_deep_description] LastAsyncEl0PostInferEl5AsyncHwEl | inputs: PostInferEl5AsyncHwEl[0] | outputs: user
[2026-09-09 10:28:38.169] [222180] [HailoRT] [info] [pipeline.cpp:891] [print_deep_description] LastAsyncEl6AsyncHwEl | inputs: AsyncHwEl[0] | outputs: user
[2026-09-09 10:28:38.169] [222180] [HailoRT] [info] [pipeline.cpp:891] [print_deep_description] PushQEl7AsyncHwEl | inputs: AsyncHwEl[0] | outputs: PostInferEl7AsyncHwEl(running in thread_id: 222211)
[2026-09-09 10:28:38.169] [222180] [HailoRT] [info] [pipeline.cpp:891] [print_deep_description] PostInferEl7AsyncHwEl | inputs: PushQEl7AsyncHwEl[0] | outputs: LastAsyncEl0PostInferEl7AsyncHwEl
[2026-09-09 10:28:38.169] [222180] [HailoRT] [info] [pipeline.cpp:891] [print_deep_description] LastAsyncEl0PostInferEl7AsyncHwEl | inputs: PostInferEl7AsyncHwEl[0] | outputs: user
[2026-09-09 10:28:38.169] [222180] [HailoRT] [info] [pipeline.cpp:891] [print_deep_description] LastAsyncEl8AsyncHwEl | inputs: AsyncHwEl[0] | outputs: user
[2026-09-09 10:28:38.172] [222180] [HailoRT] [info] [hef.cpp:1929] [get_network_group_and_network_name] No name was given. Addressing all networks of default network_group: yolov8m_pose
[2026-09-09 10:29:35.460] [220992] [HailoRT] [info] [async_infer_runner.cpp:86] [shutdown] Pipeline was aborted. Shutting it down
[2026-09-09 10:29:35.460] [222208] [HailoRT] [info] [queue_elements.cpp:497] [operator()] Thread in element PushQEl1yolov8m_pose/input_layer1 is not running anymore, exiting..
[2026-09-09 10:29:35.460] [222207] [HailoRT] [info] [queue_elements.cpp:497] [operator()] Thread in element EntryPushQEl0yolov8m_pose/input_layer1 is not running anymore, exiting..
[2026-09-09 10:29:35.473] [222205] [HailoRT] [info] [network_group_client.cpp:661] [operator()] Infer request was aborted by user
[2026-09-09 10:29:35.473] [222205] [HailoRT] [info] [network_group_client.cpp:661] [operator()] Infer request was aborted by user
[2026-09-09 10:29:35.476] [222205] [HailoRT] [info] [network_group_client.cpp:661] [operator()] Infer request was aborted by user
[2026-09-09 10:29:35.478] [222205] [HailoRT] [info] [network_group_client.cpp:661] [operator()] Infer request was aborted by user
[2026-09-09 10:29:35.479] [222205] [HailoRT] [info] [network_group_client.cpp:661] [operator()] Infer request was aborted by user
[2026-09-09 10:29:35.482] [222205] [HailoRT] [info] [network_group_client.cpp:661] [operator()] Infer request was aborted by user
[2026-09-09 10:29:35.484] [222205] [HailoRT] [info] [network_group_client.cpp:661] [operator()] Infer request was aborted by user
[2026-09-09 10:29:35.485] [222205] [HailoRT] [info] [network_group_client.cpp:661] [operator()] Infer request was aborted by user
[2026-09-09 10:29:35.489] [222205] [HailoRT] [info] [network_group_client.cpp:661] [operator()] Infer request was aborted by user
[2026-09-09 10:29:35.492] [220992] [HailoRT] [info] [queue_elements.cpp:570] [execute_deactivate] enqueue() in element PushQEl2AsyncHwEl was aborted, got status = HAILO_SHUTDOWN_EVENT_SIGNALED(57)
[2026-09-09 10:29:35.492] [220992] [HailoRT] [info] [queue_elements.cpp:570] [execute_deactivate] enqueue() in element PushQEl5AsyncHwEl was aborted, got status = HAILO_SHUTDOWN_EVENT_SIGNALED(57)
[2026-09-09 10:29:35.492] [220992] [HailoRT] [info] [queue_elements.cpp:570] [execute_deactivate] enqueue() in element PushQEl7AsyncHwEl was aborted, got status = HAILO_SHUTDOWN_EVENT_SIGNALED(57)
[2026-09-09 10:29:35.492] [220992] [HailoRT] [info] [queue_elements.cpp:570] [execute_deactivate] enqueue() in element PushQEl1yolov8m_pose/input_layer1 was aborted, got status = HAILO_SHUTDOWN_EVENT_SIGNALED(57)
[2026-09-09 10:29:35.492] [220992] [HailoRT] [info] [queue_elements.cpp:570] [execute_deactivate] enqueue() in element EntryPushQEl0yolov8m_pose/input_layer1 was aborted, got status = HAILO_SHUTDOWN_EVENT_SIGNALED(57)
[2026-09-09 10:29:35.492] [220992] [HailoRT] [info] [queue_elements.cpp:46] [~BaseQueueElement] Queue element EntryPushQEl0yolov8m_pose/input_layer1 has 0 frames in his Queue on destruction
[2026-09-09 10:29:35.492] [220992] [HailoRT] [info] [queue_elements.cpp:46] [~BaseQueueElement] Queue element PushQEl1yolov8m_pose/input_layer1 has 0 frames in his Queue on destruction
[2026-09-09 10:29:35.493] [220992] [HailoRT] [info] [queue_elements.cpp:46] [~BaseQueueElement] Queue element PushQEl5AsyncHwEl has 0 frames in his Queue on destruction
[2026-09-09 10:29:35.493] [220992] [HailoRT] [info] [queue_elements.cpp:46] [~BaseQueueElement] Queue element PushQEl2AsyncHwEl has 0 frames in his Queue on destruction
[2026-09-09 10:29:35.493] [220992] [HailoRT] [info] [queue_elements.cpp:46] [~BaseQueueElement] Queue element PushQEl7AsyncHwEl has 0 frames in his Queue on destruction
[2026-09-09 10:29:35.625] [224792] [HailoRT] [error] [hailort_rpc_client.cpp:271] [VDevice_configure] CHECK_SUCCESS failed with status=HAILO_INVALID_HEF(26)
[2026-09-09 10:29:35.625] [224792] [HailoRT] [error] [vdevice.cpp:364] [configure] CHECK_SUCCESS failed with status=HAILO_INVALID_HEF(26)
[2026-09-09 10:29:35.626] [224792] [HailoRT] [error] [infer_model.cpp:349] [configure] CHECK_SUCCESS failed with status=HAILO_INVALID_HEF(26)
[2026-09-09 10:36:38.125] [231924] [HailoRT] [info] [device.cpp:49] [Device] OS Version: Linux 6.12.62+rpt-rpi-2712 #1 SMP PREEMPT Debian 1:6.12.62-1+rpt1~bookworm (2026-01-19) aarch64
[2026-09-09 10:36:38.127] [231924] [HailoRT] [info] [control.cpp:108] [control__parse_identify_results] firmware_version is: 4.20.0
[2026-09-09 10:36:38.128] [231924] [HailoRT] [info] [control.cpp:108] [control__parse_identify_results] firmware_version is: 4.20.0
[2026-09-09 10:36:38.177] [231935] [HailoRT] [info] [device.cpp:49] [Device] OS Version: Linux 6.12.62+rpt-rpi-2712 #1 SMP PREEMPT Debian 1:6.12.62-1+rpt1~bookworm (2026-01-19) aarch64
[2026-09-09 10:36:38.179] [231935] [HailoRT] [info] [control.cpp:108] [control__parse_identify_results] firmware_version is: 4.20.0
[2026-09-09 10:36:38.181] [231935] [HailoRT] [info] [control.cpp:108] [control__parse_identify_results] firmware_version is: 4.20.0
[2026-09-09 10:36:38.269] [231702] [HailoRT] [info] [vdevice.cpp:523] [create] Creating vdevice with params: device_count: 1, scheduling_algorithm: ROUND_ROBIN, multi_process_service: true
[2026-09-09 10:36:39.284] [231702] [HailoRT] [info] [device.cpp:49] [Device] OS Version: Linux 6.12.62+rpt-rpi-2712 #1 SMP PREEMPT Debian 1:6.12.62-1+rpt1~bookworm (2026-01-19) aarch64
[2026-09-09 10:36:39.286] [231702] [HailoRT] [info] [control.cpp:108] [control__parse_identify_results] firmware_version is: 4.20.0
[2026-09-09 10:36:39.391] [231702] [HailoRT] [info] [hef.cpp:1929] [get_network_group_and_network_name] No name was given. Addressing all networks of default network_group: yolov8m_pose
[2026-09-09 10:36:39.391] [231702] [HailoRT] [info] [hef.cpp:1929] [get_network_group_and_network_name] No name was given. Addressing all networks of default network_group: yolov8m_pose
[2026-09-09 10:36:39.667] [231702] [HailoRT] [info] [infer_model.cpp:436] [configure] Configuring network group 'yolov8m_pose' with params: batch size: 2, power mode: PERFORMANCE, latency: NONE
[2026-09-09 10:36:39.673] [231702] [HailoRT] [info] [multi_io_elements.cpp:756] [create] Created (AsyncHwEl)
[2026-09-09 10:36:39.676] [231702] [HailoRT] [info] [queue_elements.cpp:450] [create] Created (EntryPushQEl0yolov8m_pose/input_layer1 | timeout: 10s)
[2026-09-09 10:36:39.676] [231702] [HailoRT] [info] [filter_elements.cpp:101] [create] Created (PreInferEl1yolov8m_pose/input_layer1 | Reorder - src_order: RGB4, src_shape: (640, 640, 3), dst_order: NHWC, dst_shape: (640, 640, 3))
[2026-09-09 10:36:39.677] [231702] [HailoRT] [info] [queue_elements.cpp:450] [create] Created (PushQEl1yolov8m_pose/input_layer1 | timeout: 10s)
[2026-09-09 10:36:39.679] [231702] [HailoRT] [info] [edge_elements.cpp:187] [create] Created (LastAsyncEl4AsyncHwEl)
[2026-09-09 10:36:39.681] [231702] [HailoRT] [info] [queue_elements.cpp:450] [create] Created (PushQEl5AsyncHwEl | timeout: 10s)
[2026-09-09 10:36:39.681] [231702] [HailoRT] [info] [filter_elements.cpp:375] [create] Created (PostInferEl5AsyncHwEl | Reorder - src_order: FCR, src_shape: (40, 40, 56), dst_order: FCR, dst_shape: (40, 40, 51))
[2026-09-09 10:36:39.681] [231702] [HailoRT] [info] [edge_elements.cpp:187] [create] Created (LastAsyncEl0PostInferEl5AsyncHwEl)
[2026-09-09 10:36:39.683] [231702] [HailoRT] [info] [edge_elements.cpp:187] [create] Created (LastAsyncEl1AsyncHwEl)
[2026-09-09 10:36:39.685] [231702] [HailoRT] [info] [queue_elements.cpp:450] [create] Created (PushQEl2AsyncHwEl | timeout: 10s)
[2026-09-09 10:36:39.685] [231702] [HailoRT] [info] [filter_elements.cpp:375] [create] Created (PostInferEl2AsyncHwEl | Reorder - src_order: FCR, src_shape: (20, 20, 56), dst_order: FCR, dst_shape: (20, 20, 51))
[2026-09-09 10:36:39.685] [231702] [HailoRT] [info] [edge_elements.cpp:187] [create] Created (LastAsyncEl0PostInferEl2AsyncHwEl)
[2026-09-09 10:36:39.686] [231702] [HailoRT] [info] [edge_elements.cpp:187] [create] Created (LastAsyncEl3AsyncHwEl)
[2026-09-09 10:36:39.687] [231702] [HailoRT] [info] [edge_elements.cpp:187] [create] Created (LastAsyncEl0AsyncHwEl)
[2026-09-09 10:36:39.688] [231702] [HailoRT] [info] [edge_elements.cpp:187] [create] Created (LastAsyncEl8AsyncHwEl)
[2026-09-09 10:36:39.689] [231702] [HailoRT] [info] [edge_elements.cpp:187] [create] Created (LastAsyncEl6AsyncHwEl)
[2026-09-09 10:36:39.692] [231702] [HailoRT] [info] [queue_elements.cpp:450] [create] Created (PushQEl7AsyncHwEl | timeout: 10s)
[2026-09-09 10:36:39.692] [231702] [HailoRT] [info] [filter_elements.cpp:375] [create] Created (PostInferEl7AsyncHwEl | Reorder - src_order: FCR, src_shape: (80, 80, 56), dst_order: FCR, dst_shape: (80, 80, 51))
[2026-09-09 10:36:39.692] [231702] [HailoRT] [info] [edge_elements.cpp:187] [create] Created (LastAsyncEl0PostInferEl7AsyncHwEl)
[2026-09-09 10:36:39.692] [231702] [HailoRT] [info] [pipeline.cpp:891] [print_deep_description] EntryPushQEl0yolov8m_pose/input_layer1 | inputs: user | outputs: PreInferEl1yolov8m_pose/input_layer1(running in thread_id: 232020)
[2026-09-09 10:36:39.692] [231702] [HailoRT] [info] [pipeline.cpp:891] [print_deep_description] PreInferEl1yolov8m_pose/input_layer1 | inputs: EntryPushQEl0yolov8m_pose/input_layer1[0] | outputs: PushQEl1yolov8m_pose/input_layer1
[2026-09-09 10:36:39.692] [231702] [HailoRT] [info] [pipeline.cpp:891] [print_deep_description] PushQEl1yolov8m_pose/input_layer1 | inputs: PreInferEl1yolov8m_pose/input_layer1[0] | outputs: AsyncHwEl(running in thread_id: 232021)
[2026-09-09 10:36:39.692] [231702] [HailoRT] [info] [pipeline.cpp:891] [print_deep_description] AsyncHwEl | inputs: PushQEl1yolov8m_pose/input_layer1[0] | outputs: LastAsyncEl0AsyncHwEl LastAsyncEl1AsyncHwEl PushQEl2AsyncHwEl LastAsyncEl3AsyncHwEl LastAsyncEl4AsyncHwEl PushQEl5AsyncHwEl LastAsyncEl6AsyncHwEl PushQEl7AsyncHwEl LastAsyncEl8AsyncHwEl
[2026-09-09 10:36:39.692] [231702] [HailoRT] [info] [pipeline.cpp:891] [print_deep_description] LastAsyncEl0AsyncHwEl | inputs: AsyncHwEl[0] | outputs: user
[2026-09-09 10:36:39.692] [231702] [HailoRT] [info] [pipeline.cpp:891] [print_deep_description] LastAsyncEl1AsyncHwEl | inputs: AsyncHwEl[0] | outputs: user
[2026-09-09 10:36:39.692] [231702] [HailoRT] [info] [pipeline.cpp:891] [print_deep_description] PushQEl2AsyncHwEl | inputs: AsyncHwEl[0] | outputs: PostInferEl2AsyncHwEl(running in thread_id: 232026)
[2026-09-09 10:36:39.692] [231702] [HailoRT] [info] [pipeline.cpp:891] [print_deep_description] PostInferEl2AsyncHwEl | inputs: PushQEl2AsyncHwEl[0] | outputs: LastAsyncEl0PostInferEl2AsyncHwEl
[2026-09-09 10:36:39.692] [231702] [HailoRT] [info] [pipeline.cpp:891] [print_deep_description] LastAsyncEl0PostInferEl2AsyncHwEl | inputs: PostInferEl2AsyncHwEl[0] | outputs: user
[2026-09-09 10:36:39.692] [231702] [HailoRT] [info] [pipeline.cpp:891] [print_deep_description] LastAsyncEl3AsyncHwEl | inputs: AsyncHwEl[0] | outputs: user
[2026-09-09 10:36:39.692] [231702] [HailoRT] [info] [pipeline.cpp:891] [print_deep_description] LastAsyncEl4AsyncHwEl | inputs: AsyncHwEl[0] | outputs: user
[2026-09-09 10:36:39.692] [231702] [HailoRT] [info] [pipeline.cpp:891] [print_deep_description] PushQEl5AsyncHwEl | inputs: AsyncHwEl[0] | outputs: PostInferEl5AsyncHwEl(running in thread_id: 232023)
[2026-09-09 10:36:39.692] [231702] [HailoRT] [info] [pipeline.cpp:891] [print_deep_description] PostInferEl5AsyncHwEl | inputs: PushQEl5AsyncHwEl[0] | outputs: LastAsyncEl0PostInferEl5AsyncHwEl
[2026-09-09 10:36:39.692] [231702] [HailoRT] [info] [pipeline.cpp:891] [print_deep_description] LastAsyncEl0PostInferEl5AsyncHwEl | inputs: PostInferEl5AsyncHwEl[0] | outputs: user
[2026-09-09 10:36:39.692] [231702] [HailoRT] [info] [pipeline.cpp:891] [print_deep_description] LastAsyncEl6AsyncHwEl | inputs: AsyncHwEl[0] | outputs: user
[2026-09-09 10:36:39.692] [231702] [HailoRT] [info] [pipeline.cpp:891] [print_deep_description] PushQEl7AsyncHwEl | inputs: AsyncHwEl[0] | outputs: PostInferEl7AsyncHwEl(running in thread_id: 232027)
[2026-09-09 10:36:39.692] [231702] [HailoRT] [info] [pipeline.cpp:891] [print_deep_description] PostInferEl7AsyncHwEl | inputs: PushQEl7AsyncHwEl[0] | outputs: LastAsyncEl0PostInferEl7AsyncHwEl
[2026-09-09 10:36:39.692] [231702] [HailoRT] [info] [pipeline.cpp:891] [print_deep_description] LastAsyncEl0PostInferEl7AsyncHwEl | inputs: PostInferEl7AsyncHwEl[0] | outputs: user
[2026-09-09 10:36:39.692] [231702] [HailoRT] [info] [pipeline.cpp:891] [print_deep_description] LastAsyncEl8AsyncHwEl | inputs: AsyncHwEl[0] | outputs: user
[2026-09-09 10:36:39.893] [231974] [HailoRT] [info] [hef.cpp:1929] [get_network_group_and_network_name] No name was given. Addressing all networks of default network_group: yolov8m_pose
[2026-09-09 11:31:22.598] [371474] [HailoRT] [info] [device.cpp:49] [Device] OS Version: Linux 6.12.62+rpt-rpi-2712 #1 SMP PREEMPT Debian 1:6.12.62-1+rpt1~bookworm (2026-01-19) aarch64
[2026-09-09 11:31:22.600] [371474] [HailoRT] [info] [control.cpp:108] [control__parse_identify_results] firmware_version is: 4.20.0
[2026-09-09 11:31:22.601] [371474] [HailoRT] [info] [control.cpp:108] [control__parse_identify_results] firmware_version is: 4.20.0
[2026-09-09 11:31:22.659] [371484] [HailoRT] [info] [device.cpp:49] [Device] OS Version: Linux 6.12.62+rpt-rpi-2712 #1 SMP PREEMPT Debian 1:6.12.62-1+rpt1~bookworm (2026-01-19) aarch64
[2026-09-09 11:31:22.661] [371484] [HailoRT] [info] [control.cpp:108] [control__parse_identify_results] firmware_version is: 4.20.0
[2026-09-09 11:31:22.663] [371484] [HailoRT] [info] [control.cpp:108] [control__parse_identify_results] firmware_version is: 4.20.0
[2026-09-09 11:31:22.743] [371178] [HailoRT] [info] [vdevice.cpp:523] [create] Creating vdevice with params: device_count: 1, scheduling_algorithm: ROUND_ROBIN, multi_process_service: true
[2026-09-09 11:31:23.760] [371178] [HailoRT] [info] [device.cpp:49] [Device] OS Version: Linux 6.12.62+rpt-rpi-2712 #1 SMP PREEMPT Debian 1:6.12.62-1+rpt1~bookworm (2026-01-19) aarch64
[2026-09-09 11:31:23.762] [371178] [HailoRT] [info] [control.cpp:108] [control__parse_identify_results] firmware_version is: 4.20.0
[2026-09-09 11:31:23.882] [371178] [HailoRT] [info] [hef.cpp:1929] [get_network_group_and_network_name] No name was given. Addressing all networks of default network_group: yolov8m_pose
[2026-09-09 11:31:23.882] [371178] [HailoRT] [info] [hef.cpp:1929] [get_network_group_and_network_name] No name was given. Addressing all networks of default network_group: yolov8m_pose
[2026-09-09 11:31:24.278] [371555] [HailoRT] [info] [infer_model.cpp:436] [configure] Configuring network group 'yolov8m_pose' with params: batch size: 2, power mode: PERFORMANCE, latency: NONE
[2026-09-09 11:31:24.280] [371555] [HailoRT] [info] [multi_io_elements.cpp:756] [create] Created (AsyncHwEl)
[2026-09-09 11:31:24.281] [371555] [HailoRT] [info] [queue_elements.cpp:450] [create] Created (EntryPushQEl0yolov8m_pose/input_layer1 | timeout: 10s)
[2026-09-09 11:31:24.281] [371555] [HailoRT] [info] [filter_elements.cpp:101] [create] Created (PreInferEl1yolov8m_pose/input_layer1 | Reorder - src_order: RGB4, src_shape: (640, 640, 3), dst_order: NHWC, dst_shape: (640, 640, 3))
[2026-09-09 11:31:24.281] [371555] [HailoRT] [info] [queue_elements.cpp:450] [create] Created (PushQEl1yolov8m_pose/input_layer1 | timeout: 10s)
[2026-09-09 11:31:24.281] [371555] [HailoRT] [info] [edge_elements.cpp:187] [create] Created (LastAsyncEl4AsyncHwEl)
[2026-09-09 11:31:24.282] [371555] [HailoRT] [info] [queue_elements.cpp:450] [create] Created (PushQEl5AsyncHwEl | timeout: 10s)
[2026-09-09 11:31:24.282] [371555] [HailoRT] [info] [filter_elements.cpp:375] [create] Created (PostInferEl5AsyncHwEl | Reorder - src_order: FCR, src_shape: (40, 40, 56), dst_order: FCR, dst_shape: (40, 40, 51))
[2026-09-09 11:31:24.282] [371555] [HailoRT] [info] [edge_elements.cpp:187] [create] Created (LastAsyncEl0PostInferEl5AsyncHwEl)
[2026-09-09 11:31:24.282] [371555] [HailoRT] [info] [edge_elements.cpp:187] [create] Created (LastAsyncEl1AsyncHwEl)
[2026-09-09 11:31:24.283] [371555] [HailoRT] [info] [queue_elements.cpp:450] [create] Created (PushQEl2AsyncHwEl | timeout: 10s)
[2026-09-09 11:31:24.283] [371555] [HailoRT] [info] [filter_elements.cpp:375] [create] Created (PostInferEl2AsyncHwEl | Reorder - src_order: FCR, src_shape: (20, 20, 56), dst_order: FCR, dst_shape: (20, 20, 51))
[2026-09-09 11:31:24.283] [371555] [HailoRT] [info] [edge_elements.cpp:187] [create] Created (LastAsyncEl0PostInferEl2AsyncHwEl)
[2026-09-09 11:31:24.283] [371555] [HailoRT] [info] [edge_elements.cpp:187] [create] Created (LastAsyncEl3AsyncHwEl)
[2026-09-09 11:31:24.284] [371555] [HailoRT] [info] [edge_elements.cpp:187] [create] Created (LastAsyncEl0AsyncHwEl)
[2026-09-09 11:31:24.284] [371555] [HailoRT] [info] [edge_elements.cpp:187] [create] Created (LastAsyncEl8AsyncHwEl)
[2026-09-09 11:31:24.284] [371555] [HailoRT] [info] [edge_elements.cpp:187] [create] Created (LastAsyncEl6AsyncHwEl)
[2026-09-09 11:31:24.285] [371555] [HailoRT] [info] [queue_elements.cpp:450] [create] Created (PushQEl7AsyncHwEl | timeout: 10s)
[2026-09-09 11:31:24.285] [371555] [HailoRT] [info] [filter_elements.cpp:375] [create] Created (PostInferEl7AsyncHwEl | Reorder - src_order: FCR, src_shape: (80, 80, 56), dst_order: FCR, dst_shape: (80, 80, 51))
[2026-09-09 11:31:24.285] [371555] [HailoRT] [info] [edge_elements.cpp:187] [create] Created (LastAsyncEl0PostInferEl7AsyncHwEl)
[2026-09-09 11:31:24.285] [371555] [HailoRT] [info] [pipeline.cpp:891] [print_deep_description] EntryPushQEl0yolov8m_pose/input_layer1 | inputs: user | outputs: PreInferEl1yolov8m_pose/input_layer1(running in thread_id: 371579)
[2026-09-09 11:31:24.285] [371555] [HailoRT] [info] [pipeline.cpp:891] [print_deep_description] PreInferEl1yolov8m_pose/input_layer1 | inputs: EntryPushQEl0yolov8m_pose/input_layer1[0] | outputs: PushQEl1yolov8m_pose/input_layer1
[2026-09-09 11:31:24.285] [371555] [HailoRT] [info] [pipeline.cpp:891] [print_deep_description] PushQEl1yolov8m_pose/input_layer1 | inputs: PreInferEl1yolov8m_pose/input_layer1[0] | outputs: AsyncHwEl(running in thread_id: 371580)
[2026-09-09 11:31:24.285] [371555] [HailoRT] [info] [pipeline.cpp:891] [print_deep_description] AsyncHwEl | inputs: PushQEl1yolov8m_pose/input_layer1[0] | outputs: LastAsyncEl0AsyncHwEl LastAsyncEl1AsyncHwEl PushQEl2AsyncHwEl LastAsyncEl3AsyncHwEl LastAsyncEl4AsyncHwEl PushQEl5AsyncHwEl LastAsyncEl6AsyncHwEl PushQEl7AsyncHwEl LastAsyncEl8AsyncHwEl
[2026-09-09 11:31:24.285] [371555] [HailoRT] [info] [pipeline.cpp:891] [print_deep_description] LastAsyncEl0AsyncHwEl | inputs: AsyncHwEl[0] | outputs: user
[2026-09-09 11:31:24.285] [371555] [HailoRT] [info] [pipeline.cpp:891] [print_deep_description] LastAsyncEl1AsyncHwEl | inputs: AsyncHwEl[0] | outputs: user
[2026-09-09 11:31:24.285] [371555] [HailoRT] [info] [pipeline.cpp:891] [print_deep_description] PushQEl2AsyncHwEl | inputs: AsyncHwEl[0] | outputs: PostInferEl2AsyncHwEl(running in thread_id: 371582)
[2026-09-09 11:31:24.285] [371555] [HailoRT] [info] [pipeline.cpp:891] [print_deep_description] PostInferEl2AsyncHwEl | inputs: PushQEl2AsyncHwEl[0] | outputs: LastAsyncEl0PostInferEl2AsyncHwEl
[2026-09-09 11:31:24.285] [371555] [HailoRT] [info] [pipeline.cpp:891] [print_deep_description] LastAsyncEl0PostInferEl2AsyncHwEl | inputs: PostInferEl2AsyncHwEl[0] | outputs: user
[2026-09-09 11:31:24.285] [371555] [HailoRT] [info] [pipeline.cpp:891] [print_deep_description] LastAsyncEl3AsyncHwEl | inputs: AsyncHwEl[0] | outputs: user
[2026-09-09 11:31:24.285] [371555] [HailoRT] [info] [pipeline.cpp:891] [print_deep_description] LastAsyncEl4AsyncHwEl | inputs: AsyncHwEl[0] | outputs: user
[2026-09-09 11:31:24.285] [371555] [HailoRT] [info] [pipeline.cpp:891] [print_deep_description] PushQEl5AsyncHwEl | inputs: AsyncHwEl[0] | outputs: PostInferEl5AsyncHwEl(running in thread_id: 371581)
[2026-09-09 11:31:24.285] [371555] [HailoRT] [info] [pipeline.cpp:891] [print_deep_description] PostInferEl5AsyncHwEl | inputs: PushQEl5AsyncHwEl[0] | outputs: LastAsyncEl0PostInferEl5AsyncHwEl
[2026-09-09 11:31:24.285] [371555] [HailoRT] [info] [pipeline.cpp:891] [print_deep_description] LastAsyncEl0PostInferEl5AsyncHwEl | inputs: PostInferEl5AsyncHwEl[0] | outputs: user
[2026-09-09 11:31:24.285] [371555] [HailoRT] [info] [pipeline.cpp:891] [print_deep_description] LastAsyncEl6AsyncHwEl | inputs: AsyncHwEl[0] | outputs: user
[2026-09-09 11:31:24.285] [371555] [HailoRT] [info] [pipeline.cpp:891] [print_deep_description] PushQEl7AsyncHwEl | inputs: AsyncHwEl[0] | outputs: PostInferEl7AsyncHwEl(running in thread_id: 371583)
[2026-09-09 11:31:24.285] [371555] [HailoRT] [info] [pipeline.cpp:891] [print_deep_description] PostInferEl7AsyncHwEl | inputs: PushQEl7AsyncHwEl[0] | outputs: LastAsyncEl0PostInferEl7AsyncHwEl
[2026-09-09 11:31:24.285] [371555] [HailoRT] [info] [pipeline.cpp:891] [print_deep_description] LastAsyncEl0PostInferEl7AsyncHwEl | inputs: PostInferEl7AsyncHwEl[0] | outputs: user
[2026-09-09 11:31:24.285] [371555] [HailoRT] [info] [pipeline.cpp:891] [print_deep_description] LastAsyncEl8AsyncHwEl | inputs: AsyncHwEl[0] | outputs: user
[2026-09-09 11:31:24.288] [371555] [HailoRT] [info] [hef.cpp:1929] [get_network_group_and_network_name] No name was given. Addressing all networks of default network_group: yolov8m_pose
[2026-09-09 11:31:37.283] [371178] [HailoRT] [info] [async_infer_runner.cpp:86] [shutdown] Pipeline was aborted. Shutting it down
[2026-09-09 11:31:37.284] [371579] [HailoRT] [info] [queue_elements.cpp:497] [operator()] Thread in element EntryPushQEl0yolov8m_pose/input_layer1 is not running anymore, exiting..
[2026-09-09 11:31:37.293] [371577] [HailoRT] [info] [network_group_client.cpp:661] [operator()] Infer request was aborted by user
[2026-09-09 11:31:37.293] [371577] [HailoRT] [info] [network_group_client.cpp:661] [operator()] Infer request was aborted by user
[2026-09-09 11:31:37.295] [371577] [HailoRT] [info] [network_group_client.cpp:661] [operator()] Infer request was aborted by user
[2026-09-09 11:31:37.297] [371577] [HailoRT] [info] [network_group_client.cpp:661] [operator()] Infer request was aborted by user
[2026-09-09 11:31:37.298] [371577] [HailoRT] [info] [network_group_client.cpp:661] [operator()] Infer request was aborted by user
[2026-09-09 11:31:37.300] [371577] [HailoRT] [info] [network_group_client.cpp:661] [operator()] Infer request was aborted by user
[2026-09-09 11:31:37.303] [371577] [HailoRT] [info] [network_group_client.cpp:661] [operator()] Infer request was aborted by user
[2026-09-09 11:31:37.308] [371577] [HailoRT] [info] [network_group_client.cpp:661] [operator()] Infer request was aborted by user
[2026-09-09 11:31:37.319] [371577] [HailoRT] [info] [network_group_client.cpp:661] [operator()] Infer request was aborted by user
[2026-09-09 11:31:37.323] [371178] [HailoRT] [info] [queue_elements.cpp:570] [execute_deactivate] enqueue() in element PushQEl2AsyncHwEl was aborted, got status = HAILO_SHUTDOWN_EVENT_SIGNALED(57)
[2026-09-09 11:31:37.323] [371178] [HailoRT] [info] [queue_elements.cpp:570] [execute_deactivate] enqueue() in element PushQEl5AsyncHwEl was aborted, got status = HAILO_SHUTDOWN_EVENT_SIGNALED(57)
[2026-09-09 11:31:37.323] [371178] [HailoRT] [info] [queue_elements.cpp:570] [execute_deactivate] enqueue() in element PushQEl7AsyncHwEl was aborted, got status = HAILO_SHUTDOWN_EVENT_SIGNALED(57)
[2026-09-09 11:31:37.323] [371178] [HailoRT] [info] [queue_elements.cpp:570] [execute_deactivate] enqueue() in element PushQEl1yolov8m_pose/input_layer1 was aborted, got status = HAILO_SHUTDOWN_EVENT_SIGNALED(57)
[2026-09-09 11:31:37.323] [371178] [HailoRT] [info] [queue_elements.cpp:570] [execute_deactivate] enqueue() in element EntryPushQEl0yolov8m_pose/input_layer1 was aborted, got status = HAILO_SHUTDOWN_EVENT_SIGNALED(57)
[2026-09-09 11:31:37.323] [371178] [HailoRT] [info] [queue_elements.cpp:46] [~BaseQueueElement] Queue element EntryPushQEl0yolov8m_pose/input_layer1 has 0 frames in his Queue on destruction
[2026-09-09 11:31:37.323] [371178] [HailoRT] [info] [queue_elements.cpp:46] [~BaseQueueElement] Queue element PushQEl1yolov8m_pose/input_layer1 has 0 frames in his Queue on destruction
[2026-09-09 11:31:37.323] [371178] [HailoRT] [info] [queue_elements.cpp:46] [~BaseQueueElement] Queue element PushQEl5AsyncHwEl has 0 frames in his Queue on destruction
[2026-09-09 11:31:37.324] [371178] [HailoRT] [info] [queue_elements.cpp:46] [~BaseQueueElement] Queue element PushQEl2AsyncHwEl has 0 frames in his Queue on destruction
[2026-09-09 11:31:37.324] [371178] [HailoRT] [info] [queue_elements.cpp:46] [~BaseQueueElement] Queue element PushQEl7AsyncHwEl has 0 frames in his Queue on destruction
[2026-09-09 11:31:37.422] [371591] [HailoRT] [error] [hailort_rpc_client.cpp:271] [VDevice_configure] CHECK_SUCCESS failed with status=HAILO_INVALID_HEF(26)
[2026-09-09 11:31:37.423] [371591] [HailoRT] [error] [vdevice.cpp:364] [configure] CHECK_SUCCESS failed with status=HAILO_INVALID_HEF(26)
[2026-09-09 11:31:37.424] [371591] [HailoRT] [error] [infer_model.cpp:349] [configure] CHECK_SUCCESS failed with status=HAILO_INVALID_HEF(26)
[2026-09-09 11:32:16.378] [371577] [HailoRT] [info] [vdevice.cpp:424] [listener_run_in_thread] Shutdown event was signaled in listener_run_in_thread
[2026-09-09 11:33:03.704] [373728] [HailoRT] [info] [device.cpp:49] [Device] OS Version: Linux 6.12.62+rpt-rpi-2712 #1 SMP PREEMPT Debian 1:6.12.62-1+rpt1~bookworm (2026-01-19) aarch64
[2026-09-09 11:33:03.706] [373728] [HailoRT] [info] [control.cpp:108] [control__parse_identify_results] firmware_version is: 4.20.0
[2026-09-09 11:33:03.708] [373728] [HailoRT] [info] [control.cpp:108] [control__parse_identify_results] firmware_version is: 4.20.0
[2026-09-09 11:33:03.759] [373738] [HailoRT] [info] [device.cpp:49] [Device] OS Version: Linux 6.12.62+rpt-rpi-2712 #1 SMP PREEMPT Debian 1:6.12.62-1+rpt1~bookworm (2026-01-19) aarch64
[2026-09-09 11:33:03.760] [373738] [HailoRT] [info] [control.cpp:108] [control__parse_identify_results] firmware_version is: 4.20.0
[2026-09-09 11:33:03.762] [373738] [HailoRT] [info] [control.cpp:108] [control__parse_identify_results] firmware_version is: 4.20.0
[2026-09-09 11:33:03.848] [372894] [HailoRT] [info] [vdevice.cpp:523] [create] Creating vdevice with params: device_count: 1, scheduling_algorithm: ROUND_ROBIN, multi_process_service: true
[2026-09-09 11:33:04.863] [372894] [HailoRT] [info] [device.cpp:49] [Device] OS Version: Linux 6.12.62+rpt-rpi-2712 #1 SMP PREEMPT Debian 1:6.12.62-1+rpt1~bookworm (2026-01-19) aarch64
[2026-09-09 11:33:04.865] [372894] [HailoRT] [info] [control.cpp:108] [control__parse_identify_results] firmware_version is: 4.20.0
[2026-09-09 11:33:04.999] [372894] [HailoRT] [info] [hef.cpp:1929] [get_network_group_and_network_name] No name was given. Addressing all networks of default network_group: yolov8m_pose
[2026-09-09 11:33:04.999] [372894] [HailoRT] [info] [hef.cpp:1929] [get_network_group_and_network_name] No name was given. Addressing all networks of default network_group: yolov8m_pose
[2026-09-09 11:33:05.424] [373777] [HailoRT] [info] [infer_model.cpp:436] [configure] Configuring network group 'yolov8m_pose' with params: batch size: 2, power mode: PERFORMANCE, latency: NONE
[2026-09-09 11:33:05.426] [373777] [HailoRT] [info] [multi_io_elements.cpp:756] [create] Created (AsyncHwEl)
[2026-09-09 11:33:05.427] [373777] [HailoRT] [info] [queue_elements.cpp:450] [create] Created (EntryPushQEl0yolov8m_pose/input_layer1 | timeout: 10s)
[2026-09-09 11:33:05.427] [373777] [HailoRT] [info] [filter_elements.cpp:101] [create] Created (PreInferEl1yolov8m_pose/input_layer1 | Reorder - src_order: RGB4, src_shape: (640, 640, 3), dst_order: NHWC, dst_shape: (640, 640, 3))
[2026-09-09 11:33:05.427] [373777] [HailoRT] [info] [queue_elements.cpp:450] [create] Created (PushQEl1yolov8m_pose/input_layer1 | timeout: 10s)
[2026-09-09 11:33:05.428] [373777] [HailoRT] [info] [edge_elements.cpp:187] [create] Created (LastAsyncEl4AsyncHwEl)
[2026-09-09 11:33:05.428] [373777] [HailoRT] [info] [queue_elements.cpp:450] [create] Created (PushQEl5AsyncHwEl | timeout: 10s)
[2026-09-09 11:33:05.428] [373777] [HailoRT] [info] [filter_elements.cpp:375] [create] Created (PostInferEl5AsyncHwEl | Reorder - src_order: FCR, src_shape: (40, 40, 56), dst_order: FCR, dst_shape: (40, 40, 51))
[2026-09-09 11:33:05.428] [373777] [HailoRT] [info] [edge_elements.cpp:187] [create] Created (LastAsyncEl0PostInferEl5AsyncHwEl)
[2026-09-09 11:33:05.429] [373777] [HailoRT] [info] [edge_elements.cpp:187] [create] Created (LastAsyncEl1AsyncHwEl)
[2026-09-09 11:33:05.429] [373777] [HailoRT] [info] [queue_elements.cpp:450] [create] Created (PushQEl2AsyncHwEl | timeout: 10s)
[2026-09-09 11:33:05.429] [373777] [HailoRT] [info] [filter_elements.cpp:375] [create] Created (PostInferEl2AsyncHwEl | Reorder - src_order: FCR, src_shape: (20, 20, 56), dst_order: FCR, dst_shape: (20, 20, 51))
[2026-09-09 11:33:05.429] [373777] [HailoRT] [info] [edge_elements.cpp:187] [create] Created (LastAsyncEl0PostInferEl2AsyncHwEl)
[2026-09-09 11:33:05.430] [373777] [HailoRT] [info] [edge_elements.cpp:187] [create] Created (LastAsyncEl3AsyncHwEl)
[2026-09-09 11:33:05.430] [373777] [HailoRT] [info] [edge_elements.cpp:187] [create] Created (LastAsyncEl0AsyncHwEl)
[2026-09-09 11:33:05.430] [373777] [HailoRT] [info] [edge_elements.cpp:187] [create] Created (LastAsyncEl8AsyncHwEl)
[2026-09-09 11:33:05.431] [373777] [HailoRT] [info] [edge_elements.cpp:187] [create] Created (LastAsyncEl6AsyncHwEl)
[2026-09-09 11:33:05.431] [373777] [HailoRT] [info] [queue_elements.cpp:450] [create] Created (PushQEl7AsyncHwEl | timeout: 10s)
[2026-09-09 11:33:05.431] [373777] [HailoRT] [info] [filter_elements.cpp:375] [create] Created (PostInferEl7AsyncHwEl | Reorder - src_order: FCR, src_shape: (80, 80, 56), dst_order: FCR, dst_shape: (80, 80, 51))
[2026-09-09 11:33:05.431] [373777] [HailoRT] [info] [edge_elements.cpp:187] [create] Created (LastAsyncEl0PostInferEl7AsyncHwEl)
[2026-09-09 11:33:05.431] [373777] [HailoRT] [info] [pipeline.cpp:891] [print_deep_description] EntryPushQEl0yolov8m_pose/input_layer1 | inputs: user | outputs: PreInferEl1yolov8m_pose/input_layer1(running in thread_id: 373826)
[2026-09-09 11:33:05.431] [373777] [HailoRT] [info] [pipeline.cpp:891] [print_deep_description] PreInferEl1yolov8m_pose/input_layer1 | inputs: EntryPushQEl0yolov8m_pose/input_layer1[0] | outputs: PushQEl1yolov8m_pose/input_layer1
[2026-09-09 11:33:05.431] [373777] [HailoRT] [info] [pipeline.cpp:891] [print_deep_description] PushQEl1yolov8m_pose/input_layer1 | inputs: PreInferEl1yolov8m_pose/input_layer1[0] | outputs: AsyncHwEl(running in thread_id: 373827)
[2026-09-09 11:33:05.431] [373777] [HailoRT] [info] [pipeline.cpp:891] [print_deep_description] AsyncHwEl | inputs: PushQEl1yolov8m_pose/input_layer1[0] | outputs: LastAsyncEl0AsyncHwEl LastAsyncEl1AsyncHwEl PushQEl2AsyncHwEl LastAsyncEl3AsyncHwEl LastAsyncEl4AsyncHwEl PushQEl5AsyncHwEl LastAsyncEl6AsyncHwEl PushQEl7AsyncHwEl LastAsyncEl8AsyncHwEl
[2026-09-09 11:33:05.431] [373777] [HailoRT] [info] [pipeline.cpp:891] [print_deep_description] LastAsyncEl0AsyncHwEl | inputs: AsyncHwEl[0] | outputs: user
[2026-09-09 11:33:05.431] [373777] [HailoRT] [info] [pipeline.cpp:891] [print_deep_description] LastAsyncEl1AsyncHwEl | inputs: AsyncHwEl[0] | outputs: user
[2026-09-09 11:33:05.431] [373777] [HailoRT] [info] [pipeline.cpp:891] [print_deep_description] PushQEl2AsyncHwEl | inputs: AsyncHwEl[0] | outputs: PostInferEl2AsyncHwEl(running in thread_id: 373829)
[2026-09-09 11:33:05.431] [373777] [HailoRT] [info] [pipeline.cpp:891] [print_deep_description] PostInferEl2AsyncHwEl | inputs: PushQEl2AsyncHwEl[0] | outputs: LastAsyncEl0PostInferEl2AsyncHwEl
[2026-09-09 11:33:05.431] [373777] [HailoRT] [info] [pipeline.cpp:891] [print_deep_description] LastAsyncEl0PostInferEl2AsyncHwEl | inputs: PostInferEl2AsyncHwEl[0] | outputs: user
[2026-09-09 11:33:05.431] [373777] [HailoRT] [info] [pipeline.cpp:891] [print_deep_description] LastAsyncEl3AsyncHwEl | inputs: AsyncHwEl[0] | outputs: user
[2026-09-09 11:33:05.431] [373777] [HailoRT] [info] [pipeline.cpp:891] [print_deep_description] LastAsyncEl4AsyncHwEl | inputs: AsyncHwEl[0] | outputs: user
[2026-09-09 11:33:05.431] [373777] [HailoRT] [info] [pipeline.cpp:891] [print_deep_description] PushQEl5AsyncHwEl | inputs: AsyncHwEl[0] | outputs: PostInferEl5AsyncHwEl(running in thread_id: 373828)
[2026-09-09 11:33:05.431] [373777] [HailoRT] [info] [pipeline.cpp:891] [print_deep_description] PostInferEl5AsyncHwEl | inputs: PushQEl5AsyncHwEl[0] | outputs: LastAsyncEl0PostInferEl5AsyncHwEl
[2026-09-09 11:33:05.431] [373777] [HailoRT] [info] [pipeline.cpp:891] [print_deep_description] LastAsyncEl0PostInferEl5AsyncHwEl | inputs: PostInferEl5AsyncHwEl[0] | outputs: user
[2026-09-09 11:33:05.431] [373777] [HailoRT] [info] [pipeline.cpp:891] [print_deep_description] LastAsyncEl6AsyncHwEl | inputs: AsyncHwEl[0] | outputs: user
[2026-09-09 11:33:05.431] [373777] [HailoRT] [info] [pipeline.cpp:891] [print_deep_description] PushQEl7AsyncHwEl | inputs: AsyncHwEl[0] | outputs: PostInferEl7AsyncHwEl(running in thread_id: 373830)
[2026-09-09 11:33:05.431] [373777] [HailoRT] [info] [pipeline.cpp:891] [print_deep_description] PostInferEl7AsyncHwEl | inputs: PushQEl7AsyncHwEl[0] | outputs: LastAsyncEl0PostInferEl7AsyncHwEl
[2026-09-09 11:33:05.431] [373777] [HailoRT] [info] [pipeline.cpp:891] [print_deep_description] LastAsyncEl0PostInferEl7AsyncHwEl | inputs: PostInferEl7AsyncHwEl[0] | outputs: user
[2026-09-09 11:33:05.431] [373777] [HailoRT] [info] [pipeline.cpp:891] [print_deep_description] LastAsyncEl8AsyncHwEl | inputs: AsyncHwEl[0] | outputs: user
[2026-09-09 11:33:05.434] [373777] [HailoRT] [info] [hef.cpp:1929] [get_network_group_and_network_name] No name was given. Addressing all networks of default network_group: yolov8m_pose
[2026-09-09 11:33:18.430] [372894] [HailoRT] [info] [async_infer_runner.cpp:86] [shutdown] Pipeline was aborted. Shutting it down
[2026-09-09 11:33:18.430] [373827] [HailoRT] [info] [queue_elements.cpp:497] [operator()] Thread in element PushQEl1yolov8m_pose/input_layer1 is not running anymore, exiting..
[2026-09-09 11:33:18.430] [373826] [HailoRT] [info] [queue_elements.cpp:497] [operator()] Thread in element EntryPushQEl0yolov8m_pose/input_layer1 is not running anymore, exiting..
[2026-09-09 11:33:18.441] [373824] [HailoRT] [info] [network_group_client.cpp:661] [operator()] Infer request was aborted by user
[2026-09-09 11:33:18.441] [373824] [HailoRT] [info] [network_group_client.cpp:661] [operator()] Infer request was aborted by user
[2026-09-09 11:33:18.443] [373824] [HailoRT] [info] [network_group_client.cpp:661] [operator()] Infer request was aborted by user
[2026-09-09 11:33:18.446] [373824] [HailoRT] [info] [network_group_client.cpp:661] [operator()] Infer request was aborted by user
[2026-09-09 11:33:18.448] [373824] [HailoRT] [info] [network_group_client.cpp:661] [operator()] Infer request was aborted by user
[2026-09-09 11:33:18.450] [373824] [HailoRT] [info] [network_group_client.cpp:661] [operator()] Infer request was aborted by user
[2026-09-09 11:33:18.452] [373824] [HailoRT] [info] [network_group_client.cpp:661] [operator()] Infer request was aborted by user
[2026-09-09 11:33:18.454] [373824] [HailoRT] [info] [network_group_client.cpp:661] [operator()] Infer request was aborted by user
[2026-09-09 11:33:18.455] [373824] [HailoRT] [info] [network_group_client.cpp:661] [operator()] Infer request was aborted by user
[2026-09-09 11:33:18.456] [372894] [HailoRT] [info] [queue_elements.cpp:570] [execute_deactivate] enqueue() in element PushQEl2AsyncHwEl was aborted, got status = HAILO_SHUTDOWN_EVENT_SIGNALED(57)
[2026-09-09 11:33:18.457] [372894] [HailoRT] [info] [queue_elements.cpp:570] [execute_deactivate] enqueue() in element PushQEl5AsyncHwEl was aborted, got status = HAILO_SHUTDOWN_EVENT_SIGNALED(57)
[2026-09-09 11:33:18.457] [372894] [HailoRT] [info] [queue_elements.cpp:570] [execute_deactivate] enqueue() in element PushQEl7AsyncHwEl was aborted, got status = HAILO_SHUTDOWN_EVENT_SIGNALED(57)
[2026-09-09 11:33:18.457] [372894] [HailoRT] [info] [queue_elements.cpp:570] [execute_deactivate] enqueue() in element PushQEl1yolov8m_pose/input_layer1 was aborted, got status = HAILO_SHUTDOWN_EVENT_SIGNALED(57)
[2026-09-09 11:33:18.457] [372894] [HailoRT] [info] [queue_elements.cpp:570] [execute_deactivate] enqueue() in element EntryPushQEl0yolov8m_pose/input_layer1 was aborted, got status = HAILO_SHUTDOWN_EVENT_SIGNALED(57)
[2026-09-09 11:33:18.457] [372894] [HailoRT] [info] [queue_elements.cpp:46] [~BaseQueueElement] Queue element EntryPushQEl0yolov8m_pose/input_layer1 has 0 frames in his Queue on destruction
[2026-09-09 11:33:18.457] [372894] [HailoRT] [info] [queue_elements.cpp:46] [~BaseQueueElement] Queue element PushQEl1yolov8m_pose/input_layer1 has 0 frames in his Queue on destruction
[2026-09-09 11:33:18.457] [372894] [HailoRT] [info] [queue_elements.cpp:46] [~BaseQueueElement] Queue element PushQEl5AsyncHwEl has 0 frames in his Queue on destruction
[2026-09-09 11:33:18.457] [372894] [HailoRT] [info] [queue_elements.cpp:46] [~BaseQueueElement] Queue element PushQEl2AsyncHwEl has 0 frames in his Queue on destruction
[2026-09-09 11:33:18.457] [372894] [HailoRT] [info] [queue_elements.cpp:46] [~BaseQueueElement] Queue element PushQEl7AsyncHwEl has 0 frames in his Queue on destruction
[2026-09-09 11:33:18.509] [373838] [HailoRT] [error] [hailort_rpc_client.cpp:271] [VDevice_configure] CHECK_SUCCESS failed with status=HAILO_INVALID_HEF(26)
[2026-09-09 11:33:18.510] [373838] [HailoRT] [error] [vdevice.cpp:364] [configure] CHECK_SUCCESS failed with status=HAILO_INVALID_HEF(26)
[2026-09-09 11:33:18.510] [373838] [HailoRT] [error] [infer_model.cpp:349] [configure] CHECK_SUCCESS failed with status=HAILO_INVALID_HEF(26)
[2026-09-09 11:33:35.943] [373824] [HailoRT] [info] [vdevice.cpp:424] [listener_run_in_thread] Shutdown event was signaled in listener_run_in_thread
